측정시간,장비명,℃,%rF
2026-04-03T03:00:00Z,A-(401호 회로창고 1),22.5,49.1
2026-04-03T04:00:00Z,B-(401호 회로창고 2),23.6,48.4
2026-04-03T05:00:00Z,C-(402호 수입검사),25.7,26.6
2026-04-03T05:00:00Z,D-(406호 기구창고),22.7,35.0
2026-04-03T03:00:00Z,E-(408호 OQC),20.5,56.7
2026-04-03T04:00:00Z,F-(807호 생산 Line),21.2,41.9
2026-04-03T04:00:00Z,G-(401호 기구창고),21.4,46.9
2026-04-03T06:00:00Z,A-(401호 회로창고 1),22.6,51.3
2026-04-03T04:00:00Z,B-(401호 회로창고 2),23.6,48.4
2026-04-03T06:00:00Z,C-(402호 수입검사),24.7,26.8
2026-04-03T07:00:00Z,D-(406호 기구창고),22.7,37.3
2026-04-03T06:00:00Z,E-(408호 OQC),21.7,51.3
2026-04-03T06:00:00Z,F-(807호 생산 Line),21.4,42.6
2026-04-03T04:00:00Z,G-(401호 기구창고),21.4,46.9
2026-04-03T06:00:00Z,A-(401호 회로창고 1),22.6,51.3
2026-04-03T04:00:00Z,B-(401호 회로창고 2),23.6,48.4
2026-04-03T07:00:00Z,C-(402호 수입검사),24.3,27.7
2026-04-03T07:00:00Z,D-(406호 기구창고),22.7,37.3
2026-04-03T06:00:00Z,E-(408호 OQC),21.7,51.3
2026-04-03T06:00:00Z,F-(807호 생산 Line),21.4,42.6
2026-04-03T07:00:00Z,G-(401호 기구창고),21.7,47.5
2026-04-03T08:00:00Z,A-(401호 회로창고 1),22.7,49.6
2026-04-03T08:00:00Z,B-(401호 회로창고 2),23.6,46.4
2026-04-03T11:00:00Z,A-(401호 회로창고 1),22.5,54.2
2026-04-03T11:00:00Z,B-(401호 회로창고 2),23.0,51.3
2026-04-03T12:00:00Z,A-(401호 회로창고 1),22.5,49.9
2026-04-03T12:00:00Z,B-(401호 회로창고 2),22.8,48.1
2026-04-03T15:00:00Z,A-(401호 회로창고 1),22.6,49.6
2026-04-03T15:00:00Z,B-(401호 회로창고 2),22.7,48.6
2026-04-03T17:00:00Z,A-(401호 회로창고 1),22.7,51.1
2026-04-03T17:00:00Z,B-(401호 회로창고 2),22.6,50.4
2026-04-03T19:00:00Z,A-(401호 회로창고 1),22.5,49.3
2026-04-03T19:00:00Z,B-(401호 회로창고 2),22.4,47.6
2026-04-03T20:00:00Z,A-(401호 회로창고 1),22.6,51.0
2026-04-03T20:00:00Z,B-(401호 회로창고 2),22.5,50.6
2026-04-03T21:00:00Z,A-(401호 회로창고 1),22.4,48.9
2026-04-03T21:00:00Z,B-(401호 회로창고 2),22.3,48.5
2026-04-03T22:00:00Z,A-(401호 회로창고 1),22.4,48.0
2026-04-03T22:00:00Z,B-(401호 회로창고 2),22.2,47.8
2026-04-04T09:00:00Z,A-(401호 회로창고 1),22.6,52.8
2026-04-04T09:00:00Z,B-(401호 회로창고 2),22.6,51.5
2026-04-04T10:00:00Z,A-(401호 회로창고 1),22.5,49.9
2026-04-04T10:00:00Z,B-(401호 회로창고 2),22.4,49.3
2026-04-04T11:00:00Z,A-(401호 회로창고 1),22.3,48.5
2026-04-04T11:00:00Z,B-(401호 회로창고 2),22.2,48.3
2026-04-04T12:00:00Z,A-(401호 회로창고 1),22.5,54.6
2026-04-04T12:00:00Z,B-(401호 회로창고 2),22.2,54.4
2026-04-04T13:00:00Z,A-(401호 회로창고 1),22.4,50.1
2026-04-04T13:00:00Z,B-(401호 회로창고 2),22.1,50.4
2026-04-04T14:00:00Z,A-(401호 회로창고 1),22.3,48.4
2026-04-04T14:00:00Z,B-(401호 회로창고 2),21.9,48.8
2026-04-04T15:00:00Z,A-(401호 회로창고 1),22.3,47.8
2026-04-04T15:00:00Z,B-(401호 회로창고 2),21.8,48.3
2026-04-04T16:00:00Z,A-(401호 회로창고 1),22.5,51.3
2026-04-04T16:00:00Z,B-(401호 회로창고 2),22.0,52.2
2026-04-04T17:00:00Z,A-(401호 회로창고 1),22.2,48.7
2026-04-04T17:00:00Z,B-(401호 회로창고 2),21.8,49.4
2026-04-04T18:00:00Z,A-(401호 회로창고 1),22.4,53.3
2026-04-04T18:00:00Z,B-(401호 회로창고 2),21.9,54.2
2026-04-04T19:00:00Z,A-(401호 회로창고 1),22.3,50.6
2026-04-04T19:00:00Z,B-(401호 회로창고 2),21.8,51.5
2026-04-04T20:00:00Z,A-(401호 회로창고 1),22.1,48.4
2026-04-04T20:00:00Z,B-(401호 회로창고 2),21.6,49.2
2026-04-04T21:00:00Z,A-(401호 회로창고 1),22.3,54.3
2026-04-04T21:00:00Z,B-(401호 회로창고 2),21.8,54.9
2026-04-04T22:00:00Z,A-(401호 회로창고 1),22.2,49.9
2026-04-04T22:00:00Z,B-(401호 회로창고 2),21.7,50.9
2026-04-04T23:00:00Z,A-(401호 회로창고 1),22.1,48.2
2026-04-04T23:00:00Z,B-(401호 회로창고 2),21.5,49.0
2026-04-05T03:00:00Z,A-(401호 회로창고 1),22.3,54.3
2026-04-05T03:00:00Z,B-(401호 회로창고 2),21.9,54.0
2026-04-05T05:00:00Z,A-(401호 회로창고 1),22.0,48.1
2026-04-05T05:00:00Z,B-(401호 회로창고 2),22.0,47.7
2026-04-05T06:00:00Z,A-(401호 회로창고 1),22.3,52.5
2026-04-05T06:00:00Z,B-(401호 회로창고 2),22.3,51.7
2026-04-05T07:00:00Z,A-(401호 회로창고 1),22.1,48.1
2026-04-05T07:00:00Z,B-(401호 회로창고 2),22.1,47.7
2026-04-05T08:00:00Z,A-(401호 회로창고 1),22.3,52.9
2026-04-05T08:00:00Z,B-(401호 회로창고 2),22.2,52.0
2026-04-05T09:00:00Z,A-(401호 회로창고 1),22.2,50.1
2026-04-05T09:00:00Z,B-(401호 회로창고 2),22.1,49.3
2026-04-05T10:00:00Z,A-(401호 회로창고 1),22.1,48.4
2026-04-05T10:00:00Z,B-(401호 회로창고 2),21.9,48.0
2026-04-05T11:00:00Z,A-(401호 회로창고 1),22.3,53.5
2026-04-05T11:00:00Z,B-(401호 회로창고 2),22.0,53.7
2026-04-05T12:00:00Z,A-(401호 회로창고 1),22.1,49.2
2026-04-05T12:00:00Z,B-(401호 회로창고 2),21.8,49.5
2026-04-05T13:00:00Z,A-(401호 회로창고 1),22.0,48.3
2026-04-05T13:00:00Z,B-(401호 회로창고 2),21.8,48.5
2026-04-05T14:00:00Z,A-(401호 회로창고 1),22.3,54.6
2026-04-05T14:00:00Z,B-(401호 회로창고 2),21.9,55.0
2026-04-05T15:00:00Z,A-(401호 회로창고 1),22.2,51.4
2026-04-05T15:00:00Z,B-(401호 회로창고 2),21.8,51.9
2026-04-05T16:00:00Z,A-(401호 회로창고 1),22.0,49.4
2026-04-05T16:00:00Z,B-(401호 회로창고 2),21.7,50.0
2026-04-05T17:00:00Z,A-(401호 회로창고 1),22.0,48.4
2026-04-05T17:00:00Z,B-(401호 회로창고 2),21.5,48.8
2026-04-05T18:00:00Z,A-(401호 회로창고 1),22.2,52.0
2026-04-05T18:00:00Z,B-(401호 회로창고 2),21.7,52.8
2026-04-05T19:00:00Z,A-(401호 회로창고 1),22.1,50.4
2026-04-05T19:00:00Z,B-(401호 회로창고 2),21.6,51.2
2026-04-05T20:00:00Z,A-(401호 회로창고 1),22.0,49.1
2026-04-05T20:00:00Z,B-(401호 회로창고 2),21.5,49.8
2026-04-05T21:00:00Z,A-(401호 회로창고 1),21.9,48.3
2026-04-05T21:00:00Z,B-(401호 회로창고 2),21.4,48.9
2026-04-05T22:00:00Z,A-(401호 회로창고 1),22.0,53.7
2026-04-05T22:00:00Z,B-(401호 회로창고 2),21.6,54.3
2026-04-05T23:00:00Z,A-(401호 회로창고 1),22.0,50.8
2026-04-05T23:00:00Z,B-(401호 회로창고 2),21.5,51.5
2026-04-06T00:00:00Z,A-(401호 회로창고 1),22.1,49.2
2026-04-06T00:00:00Z,B-(401호 회로창고 2),21.9,49.3
2026-04-06T01:00:00Z,C-(402호 수입검사),23.8,35.6
2026-04-06T01:00:00Z,D-(406호 기구창고),20.9,43.3
2026-04-06T01:00:00Z,E-(408호 OQC),20.7,47.1
2026-04-06T00:00:00Z,F-(807호 생산 Line),20.7,43.1
2026-04-06T01:00:00Z,G-(401호 기구창고),20.6,51.0
2026-04-06T03:00:00Z,A-(401호 회로창고 1),22.5,51.4
2026-04-06T03:00:00Z,B-(401호 회로창고 2),22.4,51.1
2026-04-06T03:00:00Z,C-(402호 수입검사),23.8,34.5
2026-04-06T03:00:00Z,D-(406호 기구창고),21.1,43.1
2026-04-06T03:00:00Z,E-(408호 OQC),20.8,46.0
2026-04-06T03:00:00Z,F-(807호 생산 Line),19.9,43.8
2026-04-06T03:00:00Z,G-(401호 기구창고),20.9,50.9
2026-04-06T04:00:00Z,A-(401호 회로창고 1),22.7,49.3
2026-04-06T04:00:00Z,B-(401호 회로창고 2),24.8,44.3
2026-04-06T04:00:00Z,C-(402호 수입검사),25.9,30.9
2026-04-06T05:00:00Z,D-(406호 기구창고),21.3,44.8
2026-04-06T04:00:00Z,E-(408호 OQC),20.8,46.1
2026-04-06T05:00:00Z,F-(807호 생산 Line),19.8,44.8
2026-04-06T05:00:00Z,G-(401호 기구창고),20.9,51.0
2026-04-06T05:00:00Z,A-(401호 회로창고 1),22.9,50.7
2026-04-06T05:00:00Z,B-(401호 회로창고 2),23.9,45.2
2026-04-06T05:00:00Z,C-(402호 수입검사),23.3,33.9
2026-04-06T05:00:00Z,E-(408호 OQC),20.9,46.1
2026-04-06T06:00:00Z,A-(401호 회로창고 1),22.7,48.2
2026-04-06T06:00:00Z,B-(401호 회로창고 2),23.3,45.5
2026-04-06T06:00:00Z,C-(402호 수입검사),22.9,33.4
2026-04-06T06:00:00Z,D-(406호 기구창고),21.2,41.9
2026-04-06T06:00:00Z,E-(408호 OQC),21.1,44.4
2026-04-06T06:00:00Z,F-(807호 생산 Line),19.7,44.9
2026-04-06T06:00:00Z,G-(401호 기구창고),20.8,50.7
2026-04-06T07:00:00Z,A-(401호 회로창고 1),22.6,50.9
2026-04-06T07:00:00Z,B-(401호 회로창고 2),22.9,49.2
2026-04-06T07:00:00Z,C-(402호 수입검사),22.6,32.5
2026-04-06T07:00:00Z,D-(406호 기구창고),21.3,40.6
2026-04-06T07:00:00Z,E-(408호 OQC),21.2,42.2
2026-04-06T07:00:00Z,F-(807호 생산 Line),20.1,45.6
2026-04-06T07:00:00Z,G-(401호 기구창고),20.8,50.4
2026-04-06T08:00:00Z,A-(401호 회로창고 1),22.7,48.5
2026-04-06T08:00:00Z,B-(401호 회로창고 2),22.8,47.6
2026-04-06T08:00:00Z,C-(402호 수입검사),22.4,32.6
2026-04-06T08:00:00Z,D-(406호 기구창고),21.4,41.3
2026-04-06T08:00:00Z,E-(408호 OQC),21.2,42.1
2026-04-06T08:00:00Z,F-(807호 생산 Line),20.9,45.2
2026-04-06T08:00:00Z,G-(401호 기구창고),20.7,47.3
2026-04-06T09:00:00Z,A-(401호 회로창고 1),22.6,55.1
2026-04-06T09:00:00Z,B-(401호 회로창고 2),22.4,48.0
2026-04-06T10:00:00Z,A-(401호 회로창고 1),22.4,51.5
2026-04-06T10:00:00Z,B-(401호 회로창고 2),22.3,51.2
2026-04-06T11:00:00Z,A-(401호 회로창고 1),22.2,48.9
2026-04-06T11:00:00Z,B-(401호 회로창고 2),22.0,48.9
2026-04-06T12:00:00Z,A-(401호 회로창고 1),22.3,53.6
2026-04-06T12:00:00Z,B-(401호 회로창고 2),21.9,53.7
2026-04-06T13:00:00Z,A-(401호 회로창고 1),22.2,50.4
2026-04-06T13:00:00Z,B-(401호 회로창고 2),21.9,50.8
2026-04-06T14:00:00Z,A-(401호 회로창고 1),22.0,48.7
2026-04-06T14:00:00Z,B-(401호 회로창고 2),21.7,49.0
2026-04-06T15:00:00Z,A-(401호 회로창고 1),22.2,54.2
2026-04-06T15:00:00Z,B-(401호 회로창고 2),21.8,54.7
2026-04-06T16:00:00Z,A-(401호 회로창고 1),22.1,50.0
2026-04-06T16:00:00Z,B-(401호 회로창고 2),21.7,50.6
2026-04-06T17:00:00Z,A-(401호 회로창고 1),21.9,48.5
2026-04-06T17:00:00Z,B-(401호 회로창고 2),21.5,49.1
2026-04-06T18:00:00Z,A-(401호 회로창고 1),22.1,54.8
2026-04-06T18:00:00Z,B-(401호 회로창고 2),21.6,52.9
2026-04-06T19:00:00Z,A-(401호 회로창고 1),22.0,50.4
2026-04-06T19:00:00Z,B-(401호 회로창고 2),21.5,51.2
2026-04-06T20:00:00Z,A-(401호 회로창고 1),21.8,48.8
2026-04-06T20:00:00Z,B-(401호 회로창고 2),21.4,49.6
2026-04-06T21:00:00Z,A-(401호 회로창고 1),21.9,52.5
2026-04-06T21:00:00Z,B-(401호 회로창고 2),21.4,52.9
2026-04-06T22:00:00Z,A-(401호 회로창고 1),21.9,50.7
2026-04-06T22:00:00Z,B-(401호 회로창고 2),21.4,51.8
2026-04-06T23:00:00Z,A-(401호 회로창고 1),21.8,48.8
2026-04-06T23:00:00Z,B-(401호 회로창고 2),21.3,49.7
2026-04-07T00:00:00Z,A-(401호 회로창고 1),22.1,54.0
2026-04-07T00:00:00Z,B-(401호 회로창고 2),21.8,53.4
2026-04-07T00:00:00Z,C-(402호 수입검사),23.9,42.1
2026-04-07T00:00:00Z,D-(406호 기구창고),22.5,31.7
2026-04-07T00:00:00Z,E-(408호 OQC),20.0,31.2
2026-04-07T00:00:00Z,F-(807호 생산 Line),21.9,37.4
2026-04-07T00:00:00Z,G-(401호 기구창고),20.3,45.4
2026-04-07T01:00:00Z,A-(401호 회로창고 1),22.2,50.4
2026-04-07T01:00:00Z,B-(401호 회로창고 2),22.1,50.3
2026-04-07T01:00:00Z,C-(402호 수입검사),24.2,31.4
2026-04-07T01:00:00Z,D-(406호 기구창고),22.4,28.3
2026-04-07T01:00:00Z,E-(408호 OQC),19.9,31.0
2026-04-07T01:00:00Z,F-(807호 생산 Line),21.9,36.5
2026-04-07T01:00:00Z,G-(401호 기구창고),20.4,44.4
2026-04-07T02:00:00Z,A-(401호 회로창고 1),22.3,47.7
2026-04-07T02:00:00Z,B-(401호 회로창고 2),22.3,45.9
2026-04-07T02:00:00Z,C-(402호 수입검사),24.5,26.8
2026-04-07T02:00:00Z,D-(406호 기구창고),21.8,25.5
2026-04-07T02:00:00Z,E-(408호 OQC),19.3,19.0
2026-04-07T02:00:00Z,F-(807호 생산 Line),21.7,37.8
2026-04-07T02:00:00Z,G-(401호 기구창고),20.2,37.6
2026-04-07T03:00:00Z,A-(401호 회로창고 1),22.6,52.4
2026-04-07T03:00:00Z,B-(401호 회로창고 2),22.6,52.1
2026-04-07T03:00:00Z,C-(402호 수입검사),24.2,22.3
2026-04-07T03:00:00Z,D-(406호 기구창고),21.6,24.8
2026-04-07T03:00:00Z,E-(408호 OQC),19.1,32.2
2026-04-07T03:00:00Z,F-(807호 생산 Line),21.6,36.3
2026-04-07T03:00:00Z,G-(401호 기구창고),19.9,29.5
2026-04-07T04:00:00Z,A-(401호 회로창고 1),22.5,54.0
2026-04-07T04:00:00Z,B-(401호 회로창고 2),25.1,44.9
2026-04-07T04:00:00Z,C-(402호 수입검사),23.8,21.2
2026-04-07T04:00:00Z,D-(406호 기구창고),21.7,23.5
2026-04-07T04:00:00Z,E-(408호 OQC),18.9,26.4
2026-04-07T04:00:00Z,F-(807호 생산 Line),21.9,38.7
2026-04-07T04:00:00Z,G-(401호 기구창고),20.4,35.4
2026-04-07T05:00:00Z,A-(401호 회로창고 1),22.4,51.3
2026-04-07T05:00:00Z,B-(401호 회로창고 2),23.8,46.2
2026-04-07T05:00:00Z,C-(402호 수입검사),22.9,40.7
2026-04-07T05:00:00Z,D-(406호 기구창고),21.4,23.3
2026-04-07T05:00:00Z,E-(408호 OQC),18.9,33.7
2026-04-07T05:00:00Z,F-(807호 생산 Line),21.8,37.2
2026-04-07T05:00:00Z,G-(401호 기구창고),20.7,37.5
2026-04-07T06:00:00Z,A-(401호 회로창고 1),22.6,51.6
2026-04-07T06:00:00Z,B-(401호 회로창고 2),23.1,47.4
2026-04-07T06:00:00Z,C-(402호 수입검사),22.8,31.0
2026-04-07T06:00:00Z,D-(406호 기구창고),21.2,22.7
2026-04-07T06:00:00Z,E-(408호 OQC),19.3,47.9
2026-04-07T06:00:00Z,F-(807호 생산 Line),21.6,36.9
2026-04-07T06:00:00Z,G-(401호 기구창고),20.8,40.6
2026-04-07T07:00:00Z,A-(401호 회로창고 1),22.5,48.4
2026-04-07T07:00:00Z,B-(401호 회로창고 2),22.9,46.5
2026-04-07T07:00:00Z,C-(402호 수입검사),22.5,25.2
2026-04-07T07:00:00Z,D-(406호 기구창고),21.3,23.3
2026-04-07T07:00:00Z,E-(408호 OQC),20.1,48.1
2026-04-07T07:00:00Z,F-(807호 생산 Line),21.7,38.5
2026-04-07T07:00:00Z,G-(401호 기구창고),20.9,40.0
2026-04-07T08:00:00Z,A-(401호 회로창고 1),22.8,54.0
2026-04-07T08:00:00Z,B-(401호 회로창고 2),22.9,52.2
2026-04-07T08:00:00Z,C-(402호 수입검사),22.4,24.6
2026-04-07T08:00:00Z,D-(406호 기구창고),21.3,23.2
2026-04-07T08:00:00Z,E-(408호 OQC),22.5,26.4
2026-04-07T08:00:00Z,F-(807호 생산 Line),21.7,36.7
2026-04-07T08:00:00Z,G-(401호 기구창고),20.9,40.4
2026-04-07T09:00:00Z,A-(401호 회로창고 1),22.4,48.1
2026-04-07T09:00:00Z,B-(401호 회로창고 2),22.3,47.9
2026-04-07T10:00:00Z,A-(401호 회로창고 1),22.5,54.2
2026-04-07T10:00:00Z,B-(401호 회로창고 2),22.1,54.3
2026-04-07T12:00:00Z,A-(401호 회로창고 1),22.3,54.2
2026-04-07T12:00:00Z,B-(401호 회로창고 2),21.8,54.5
2026-04-07T13:00:00Z,A-(401호 회로창고 1),22.1,49.2
2026-04-07T13:00:00Z,B-(401호 회로창고 2),21.6,50.0
2026-04-07T14:00:00Z,A-(401호 회로창고 1),22.0,47.5
2026-04-07T14:00:00Z,B-(401호 회로창고 2),21.5,48.3
2026-04-07T15:00:00Z,A-(401호 회로창고 1),22.1,52.0
2026-04-07T15:00:00Z,B-(401호 회로창고 2),21.7,53.1
2026-04-07T16:00:00Z,A-(401호 회로창고 1),22.0,49.2
2026-04-07T16:00:00Z,B-(401호 회로창고 2),21.5,50.1
2026-04-07T17:00:00Z,A-(401호 회로창고 1),21.8,47.9
2026-04-07T17:00:00Z,B-(401호 회로창고 2),21.3,48.8
2026-04-07T18:00:00Z,A-(401호 회로창고 1),22.0,53.3
2026-04-07T18:00:00Z,B-(401호 회로창고 2),21.5,54.6
2026-04-07T19:00:00Z,A-(401호 회로창고 1),21.9,49.4
2026-04-07T19:00:00Z,B-(401호 회로창고 2),21.3,50.6
2026-04-07T20:00:00Z,A-(401호 회로창고 1),22.0,51.0
2026-04-07T20:00:00Z,B-(401호 회로창고 2),21.4,51.5
2026-04-07T21:00:00Z,A-(401호 회로창고 1),21.9,50.2
2026-04-07T21:00:00Z,B-(401호 회로창고 2),21.3,51.5
2026-04-07T22:00:00Z,A-(401호 회로창고 1),21.8,48.1
2026-04-07T22:00:00Z,B-(401호 회로창고 2),21.2,49.2
2026-04-07T23:00:00Z,A-(401호 회로창고 1),22.1,54.3
2026-04-07T23:00:00Z,B-(401호 회로창고 2),21.2,51.9
2026-04-08T00:00:00Z,A-(401호 회로창고 1),21.9,49.2
2026-04-08T00:00:00Z,B-(401호 회로창고 2),21.4,49.8
2026-04-08T00:00:00Z,C-(402호 수입검사),23.8,29.3
2026-04-08T00:00:00Z,D-(406호 기구창고),23.3,29.6
2026-04-08T00:00:00Z,E-(408호 OQC),19.2,38.3
2026-04-08T00:00:00Z,F-(807호 생산 Line),22.1,37.7
2026-04-08T00:00:00Z,G-(401호 기구창고),20.0,45.5
2026-04-08T01:00:00Z,A-(401호 회로창고 1),22.0,50.6
2026-04-08T01:00:00Z,B-(401호 회로창고 2),21.7,50.0
2026-04-08T01:00:00Z,C-(402호 수입검사),24.1,40.4
2026-04-08T01:00:00Z,D-(406호 기구창고),22.2,28.6
2026-04-08T01:00:00Z,E-(408호 OQC),19.4,35.4
2026-04-08T01:00:00Z,F-(807호 생산 Line),22.0,38.6
2026-04-08T01:00:00Z,G-(401호 기구창고),20.2,45.1
2026-04-08T02:00:00Z,A-(401호 회로창고 1),22.2,51.6
2026-04-08T02:00:00Z,B-(401호 회로창고 2),22.1,50.3
2026-04-08T02:00:00Z,C-(402호 수입검사),24.5,47.7
2026-04-08T02:00:00Z,D-(406호 기구창고),22.3,27.5
2026-04-08T02:00:00Z,E-(408호 OQC),20.4,34.1
2026-04-08T02:00:00Z,F-(807호 생산 Line),21.7,38.3
2026-04-08T02:00:00Z,G-(401호 기구창고),20.4,44.8
2026-04-08T03:00:00Z,A-(401호 회로창고 1),22.2,50.3
2026-04-08T03:00:00Z,B-(401호 회로창고 2),22.3,49.4
2026-04-08T03:00:00Z,C-(402호 수입검사),24.7,35.8
2026-04-08T03:00:00Z,D-(406호 기구창고),22.2,28.2
2026-04-08T03:00:00Z,E-(408호 OQC),21.0,33.1
2026-04-08T03:00:00Z,F-(807호 생산 Line),21.6,37.7
2026-04-08T03:00:00Z,G-(401호 기구창고),20.5,44.8
2026-04-08T04:00:00Z,A-(401호 회로창고 1),22.2,48.6
2026-04-08T04:00:00Z,B-(401호 회로창고 2),22.4,47.5
2026-04-08T04:00:00Z,C-(402호 수입검사),24.0,30.7
2026-04-08T04:00:00Z,D-(406호 기구창고),22.0,34.5
2026-04-08T04:00:00Z,E-(408호 OQC),20.5,33.8
2026-04-08T04:00:00Z,F-(807호 생산 Line),22.0,41.0
2026-04-08T04:00:00Z,G-(401호 기구창고),20.7,45.4
2026-04-08T05:00:00Z,A-(401호 회로창고 1),22.8,50.6
2026-04-08T05:00:00Z,B-(401호 회로창고 2),25.4,42.7
2026-04-08T05:00:00Z,C-(402호 수입검사),23.6,28.3
2026-04-08T05:00:00Z,D-(406호 기구창고),21.7,29.8
2026-04-08T05:00:00Z,E-(408호 OQC),20.3,34.2
2026-04-08T05:00:00Z,F-(807호 생산 Line),22.0,38.9
2026-04-08T05:00:00Z,G-(401호 기구창고),21.0,45.1
2026-04-08T06:00:00Z,A-(401호 회로창고 1),23.2,50.6
2026-04-08T06:00:00Z,B-(401호 회로창고 2),26.0,42.6
2026-04-08T06:00:00Z,C-(402호 수입검사),23.2,26.4
2026-04-08T06:00:00Z,D-(406호 기구창고),21.7,28.7
2026-04-08T06:00:00Z,E-(408호 OQC),20.5,34.0
2026-04-08T06:00:00Z,F-(807호 생산 Line),21.8,38.9
2026-04-08T06:00:00Z,G-(401호 기구창고),21.3,44.1
2026-04-08T07:00:00Z,A-(401호 회로창고 1),23.1,48.8
2026-04-08T07:00:00Z,B-(401호 회로창고 2),26.0,38.4
2026-04-08T07:00:00Z,C-(402호 수입검사),23.2,26.2
2026-04-08T07:00:00Z,D-(406호 기구창고),21.8,28.5
2026-04-08T07:00:00Z,E-(408호 OQC),20.9,35.2
2026-04-08T07:00:00Z,F-(807호 생산 Line),21.6,38.8
2026-04-08T07:00:00Z,G-(401호 기구창고),21.2,43.2
2026-04-08T08:00:00Z,A-(401호 회로창고 1),23.1,52.1
2026-04-08T08:00:00Z,B-(401호 회로창고 2),25.8,42.3
2026-04-08T08:00:00Z,C-(402호 수입검사),23.0,26.0
2026-04-08T08:00:00Z,D-(406호 기구창고),21.6,29.2
2026-04-08T08:00:00Z,E-(408호 OQC),21.0,35.9
2026-04-08T08:00:00Z,F-(807호 생산 Line),21.5,39.6
2026-04-08T08:00:00Z,G-(401호 기구창고),21.3,43.4
2026-04-08T09:00:00Z,A-(401호 회로창고 1),23.0,50.5
2026-04-08T09:00:00Z,B-(401호 회로창고 2),26.2,41.3
2026-04-08T10:00:00Z,A-(401호 회로창고 1),23.1,50.7
2026-04-08T10:00:00Z,B-(401호 회로창고 2),25.8,43.1
2026-04-08T11:00:00Z,A-(401호 회로창고 1),22.9,50.1
2026-04-08T11:00:00Z,B-(401호 회로창고 2),25.9,41.3
2026-04-08T12:00:00Z,A-(401호 회로창고 1),23.0,49.4
2026-04-08T12:00:00Z,B-(401호 회로창고 2),25.7,41.5
2026-04-08T13:00:00Z,A-(401호 회로창고 1),23.0,49.8
2026-04-08T13:00:00Z,B-(401호 회로창고 2),26.0,41.4
2026-04-08T14:00:00Z,A-(401호 회로창고 1),23.0,48.6
2026-04-08T14:00:00Z,B-(401호 회로창고 2),25.9,40.9
2026-04-08T15:00:00Z,A-(401호 회로창고 1),23.0,49.4
2026-04-08T15:00:00Z,B-(401호 회로창고 2),25.9,41.5
2026-04-08T16:00:00Z,A-(401호 회로창고 1),23.0,48.5
2026-04-08T16:00:00Z,B-(401호 회로창고 2),25.8,40.5
2026-04-08T17:00:00Z,A-(401호 회로창고 1),22.8,50.2
2026-04-08T17:00:00Z,B-(401호 회로창고 2),25.6,42.2
2026-04-08T18:00:00Z,A-(401호 회로창고 1),22.9,47.2
2026-04-08T18:00:00Z,B-(401호 회로창고 2),25.5,40.9
2026-04-08T19:00:00Z,A-(401호 회로창고 1),22.9,52.8
2026-04-08T19:00:00Z,B-(401호 회로창고 2),25.7,43.8
2026-04-08T20:00:00Z,A-(401호 회로창고 1),22.9,49.3
2026-04-08T20:00:00Z,B-(401호 회로창고 2),25.5,41.1
2026-04-08T21:00:00Z,A-(401호 회로창고 1),23.0,48.9
2026-04-08T21:00:00Z,B-(401호 회로창고 2),25.7,41.3
2026-04-08T22:00:00Z,A-(401호 회로창고 1),22.9,49.8
2026-04-08T22:00:00Z,B-(401호 회로창고 2),25.9,40.7
2026-04-08T23:00:00Z,A-(401호 회로창고 1),22.9,49.6
2026-04-08T23:00:00Z,B-(401호 회로창고 2),25.7,41.9
2026-04-09T00:00:00Z,A-(401호 회로창고 1),23.0,49.3
2026-04-09T00:00:00Z,B-(401호 회로창고 2),25.7,40.4
2026-04-09T00:00:00Z,C-(402호 수입검사),24.2,30.5
2026-04-09T00:00:00Z,D-(406호 기구창고),20.0,29.7
2026-04-09T00:00:00Z,E-(408호 OQC),19.0,34.3
2026-04-09T00:00:00Z,F-(807호 생산 Line),22.2,39.2
2026-04-09T00:00:00Z,G-(401호 기구창고),20.5,44.1
2026-04-09T01:00:00Z,A-(401호 회로창고 1),22.4,49.3
2026-04-09T01:00:00Z,B-(401호 회로창고 2),24.4,42.4
2026-04-09T01:00:00Z,C-(402호 수입검사),24.5,29.4
2026-04-09T01:00:00Z,D-(406호 기구창고),20.0,30.5
2026-04-09T01:00:00Z,E-(408호 OQC),19.5,35.5
2026-04-09T01:00:00Z,F-(807호 생산 Line),21.7,39.7
2026-04-09T01:00:00Z,G-(401호 기구창고),20.6,46.0
2026-04-09T02:00:00Z,A-(401호 회로창고 1),22.6,53.6
2026-04-09T02:00:00Z,B-(401호 회로창고 2),23.6,48.1
2026-04-09T02:00:00Z,C-(402호 수입검사),24.6,28.8
2026-04-09T02:00:00Z,D-(406호 기구창고),20.1,31.9
2026-04-09T02:00:00Z,E-(408호 OQC),19.8,34.8
2026-04-09T02:00:00Z,F-(807호 생산 Line),22.0,38.8
2026-04-09T02:00:00Z,G-(401호 기구창고),20.7,45.6
2026-04-09T03:00:00Z,A-(401호 회로창고 1),22.0,55.3
2026-04-09T03:00:00Z,B-(401호 회로창고 2),23.3,45.7
2026-04-09T03:00:00Z,C-(402호 수입검사),24.7,30.5
2026-04-09T03:00:00Z,D-(406호 기구창고),20.3,35.1
2026-04-09T03:00:00Z,E-(408호 OQC),19.9,38.0
2026-04-09T03:00:00Z,F-(807호 생산 Line),21.8,39.4
2026-04-09T03:00:00Z,G-(401호 기구창고),20.6,46.7
2026-04-09T04:00:00Z,A-(401호 회로창고 1),21.7,54.6
2026-04-09T04:00:00Z,B-(401호 회로창고 2),24.5,41.5
2026-04-09T04:00:00Z,C-(402호 수입검사),27.0,26.8
2026-04-09T04:00:00Z,D-(406호 기구창고),19.9,39.5
2026-04-09T04:00:00Z,E-(408호 OQC),20.1,41.1
2026-04-09T04:00:00Z,F-(807호 생산 Line),22.1,38.6
2026-04-09T04:00:00Z,G-(401호 기구창고),20.7,46.6
2026-04-09T05:00:00Z,A-(401호 회로창고 1),21.9,52.7
2026-04-09T05:00:00Z,B-(401호 회로창고 2),23.3,49.9
2026-04-09T05:00:00Z,C-(402호 수입검사),25.7,30.5
2026-04-09T05:00:00Z,D-(406호 기구창고),19.7,41.3
2026-04-09T05:00:00Z,E-(408호 OQC),20.3,43.3
2026-04-09T05:00:00Z,F-(807호 생산 Line),22.0,41.6
2026-04-09T05:00:00Z,G-(401호 기구창고),20.4,48.0
2026-04-09T06:00:00Z,A-(401호 회로창고 1),21.7,52.2
2026-04-09T06:00:00Z,B-(401호 회로창고 2),22.7,47.9
2026-04-09T06:00:00Z,C-(402호 수입검사),25.1,33.4
2026-04-09T06:00:00Z,D-(406호 기구창고),20.3,42.5
2026-04-09T06:00:00Z,E-(408호 OQC),20.6,45.6
2026-04-09T06:00:00Z,F-(807호 생산 Line),21.6,43.4
2026-04-09T06:00:00Z,G-(401호 기구창고),20.6,48.6
2026-04-09T07:00:00Z,A-(401호 회로창고 1),22.2,49.3
2026-04-09T07:00:00Z,B-(401호 회로창고 2),22.8,46.9
2026-04-09T07:00:00Z,C-(402호 수입검사),25.1,34.4
2026-04-09T07:00:00Z,D-(406호 기구창고),20.5,43.6
2026-04-09T07:00:00Z,E-(408호 OQC),20.8,45.4
2026-04-09T07:00:00Z,F-(807호 생산 Line),21.0,44.8
2026-04-09T07:00:00Z,G-(401호 기구창고),20.3,51.1
2026-04-09T08:00:00Z,A-(401호 회로창고 1),22.1,51.8
2026-04-09T08:00:00Z,B-(401호 회로창고 2),22.7,49.3
2026-04-09T08:00:00Z,C-(402호 수입검사),24.7,36.1
2026-04-09T08:00:00Z,D-(406호 기구창고),20.6,43.9
2026-04-09T08:00:00Z,E-(408호 OQC),20.8,47.6
2026-04-09T08:00:00Z,F-(807호 생산 Line),20.8,44.8
2026-04-09T08:00:00Z,G-(401호 기구창고),20.5,50.4
2026-04-09T09:00:00Z,A-(401호 회로창고 1),22.1,50.0
2026-04-09T09:00:00Z,B-(401호 회로창고 2),22.5,48.0
2026-04-09T10:00:00Z,A-(401호 회로창고 1),21.9,49.3
2026-04-09T10:00:00Z,B-(401호 회로창고 2),22.2,47.8
2026-04-09T11:00:00Z,A-(401호 회로창고 1),22.1,53.7
2026-04-09T11:00:00Z,B-(401호 회로창고 2),22.2,53.5
2026-04-09T12:00:00Z,A-(401호 회로창고 1),22.0,52.4
2026-04-09T12:00:00Z,B-(401호 회로창고 2),22.1,51.1
2026-04-09T13:00:00Z,A-(401호 회로창고 1),21.9,51.2
2026-04-09T13:00:00Z,B-(401호 회로창고 2),22.0,50.1
2026-04-09T14:00:00Z,A-(401호 회로창고 1),21.8,50.7
2026-04-09T14:00:00Z,B-(401호 회로창고 2),21.9,49.6
2026-04-09T15:00:00Z,A-(401호 회로창고 1),21.7,50.3
2026-04-09T15:00:00Z,B-(401호 회로창고 2),21.9,49.2
2026-04-09T16:00:00Z,A-(401호 회로창고 1),21.7,50.0
2026-04-09T16:00:00Z,B-(401호 회로창고 2),21.8,49.0
2026-04-09T17:00:00Z,A-(401호 회로창고 1),21.7,49.8
2026-04-09T17:00:00Z,B-(401호 회로창고 2),21.8,48.8
2026-04-09T18:00:00Z,A-(401호 회로창고 1),21.8,55.2
2026-04-09T18:00:00Z,B-(401호 회로창고 2),21.7,48.7
2026-04-09T19:00:00Z,A-(401호 회로창고 1),21.9,54.6
2026-04-09T19:00:00Z,B-(401호 회로창고 2),21.9,53.8
2026-04-09T20:00:00Z,A-(401호 회로창고 1),21.7,52.3
2026-04-09T20:00:00Z,B-(401호 회로창고 2),21.7,51.5
2026-04-09T21:00:00Z,A-(401호 회로창고 1),21.6,51.6
2026-04-09T21:00:00Z,B-(401호 회로창고 2),21.6,50.7
2026-04-09T22:00:00Z,A-(401호 회로창고 1),21.6,50.9
2026-04-09T22:00:00Z,B-(401호 회로창고 2),21.6,50.2
2026-04-09T23:00:00Z,A-(401호 회로창고 1),21.6,50.4
2026-04-09T23:00:00Z,B-(401호 회로창고 2),21.5,49.8
2026-04-10T00:00:00Z,A-(401호 회로창고 1),21.7,50.0
2026-04-10T00:00:00Z,B-(401호 회로창고 2),21.7,49.3
2026-04-10T00:00:00Z,C-(402호 수입검사),24.2,39.5
2026-04-10T00:00:00Z,D-(406호 기구창고),20.4,49.4
2026-04-10T00:00:00Z,E-(408호 OQC),20.9,54.2
2026-04-10T00:00:00Z,F-(807호 생산 Line),20.6,44.7
2026-04-10T00:00:00Z,G-(401호 기구창고),19.5,60.3
2026-04-10T01:00:00Z,A-(401호 회로창고 1),22.2,54.2
2026-04-10T01:00:00Z,B-(401호 회로창고 2),22.3,53.4
2026-04-10T01:00:00Z,C-(402호 수입검사),24.3,39.6
2026-04-10T01:00:00Z,D-(406호 기구창고),20.5,49.9
2026-04-10T01:00:00Z,E-(408호 OQC),20.9,54.5
2026-04-10T01:00:00Z,F-(807호 생산 Line),20.6,44.6
2026-04-10T01:00:00Z,G-(401호 기구창고),19.8,59.2
2026-04-10T02:00:00Z,A-(401호 회로창고 1),22.1,53.0
2026-04-10T02:00:00Z,B-(401호 회로창고 2),22.2,51.9
2026-04-10T02:00:00Z,C-(402호 수입검사),24.4,38.3
2026-04-10T02:00:00Z,D-(406호 기구창고),20.6,49.5
2026-04-10T02:00:00Z,E-(408호 OQC),20.9,54.0
2026-04-10T02:00:00Z,F-(807호 생산 Line),20.7,44.1
2026-04-10T02:00:00Z,G-(401호 기구창고),20.0,58.0
2026-04-10T03:00:00Z,A-(401호 회로창고 1),22.2,51.6
2026-04-10T03:00:00Z,B-(401호 회로창고 2),22.2,51.0
2026-04-10T03:00:00Z,C-(402호 수입검사),24.6,38.2
2026-04-10T03:00:00Z,D-(406호 기구창고),20.6,48.2
2026-04-10T03:00:00Z,E-(408호 OQC),20.5,54.2
2026-04-10T03:00:00Z,F-(807호 생산 Line),20.8,43.9
2026-04-10T03:00:00Z,G-(401호 기구창고),20.1,57.5
2026-04-10T04:00:00Z,A-(401호 회로창고 1),22.1,50.8
2026-04-10T04:00:00Z,B-(401호 회로창고 2),22.2,49.9
2026-04-10T04:00:00Z,C-(402호 수입검사),26.6,33.9
2026-04-10T04:00:00Z,D-(406호 기구창고),20.9,47.6
2026-04-10T04:00:00Z,E-(408호 OQC),20.7,53.4
2026-04-10T04:00:00Z,F-(807호 생산 Line),21.1,46.2
2026-04-10T04:00:00Z,G-(401호 기구창고),20.1,56.6
2026-04-10T05:00:00Z,A-(401호 회로창고 1),22.0,50.2
2026-04-10T05:00:00Z,B-(401호 회로창고 2),21.9,49.9
2026-04-10T05:00:00Z,C-(402호 수입검사),25.3,36.0
2026-04-10T05:00:00Z,D-(406호 기구창고),20.8,47.2
2026-04-10T05:00:00Z,E-(408호 OQC),20.8,53.2
2026-04-10T05:00:00Z,F-(807호 생산 Line),20.7,44.2
2026-04-10T05:00:00Z,G-(401호 기구창고),20.2,56.3
2026-04-10T06:00:00Z,A-(401호 회로창고 1),22.2,49.8
2026-04-10T06:00:00Z,B-(401호 회로창고 2),22.1,49.4
2026-04-10T06:00:00Z,C-(402호 수입검사),23.8,37.5
2026-04-10T06:00:00Z,D-(406호 기구창고),20.8,46.9
2026-04-10T06:00:00Z,E-(408호 OQC),20.9,52.9
2026-04-10T06:00:00Z,F-(807호 생산 Line),20.6,44.3
2026-04-10T06:00:00Z,G-(401호 기구창고),20.1,55.2
2026-04-10T07:00:00Z,A-(401호 회로창고 1),22.2,49.0
2026-04-10T07:00:00Z,B-(401호 회로창고 2),22.2,48.5
2026-04-10T07:00:00Z,C-(402호 수입검사),23.1,37.9
2026-04-10T07:00:00Z,D-(406호 기구창고),21.1,46.0
2026-04-10T07:00:00Z,E-(408호 OQC),21.1,52.1
2026-04-10T07:00:00Z,F-(807호 생산 Line),20.8,44.2
2026-04-10T07:00:00Z,G-(401호 기구창고),20.1,55.4
2026-04-10T08:00:00Z,A-(401호 회로창고 1),22.4,54.5
2026-04-10T08:00:00Z,B-(401호 회로창고 2),22.3,53.2
2026-04-10T08:00:00Z,C-(402호 수입검사),22.7,38.4
2026-04-10T08:00:00Z,D-(406호 기구창고),21.0,46.1
2026-04-10T08:00:00Z,E-(408호 OQC),21.0,52.0
2026-04-10T08:00:00Z,F-(807호 생산 Line),20.6,44.3
2026-04-10T08:00:00Z,G-(401호 기구창고),20.1,55.0
2026-04-10T09:00:00Z,A-(401호 회로창고 1),22.2,51.0
2026-04-10T09:00:00Z,B-(401호 회로창고 2),22.0,50.9
2026-04-10T10:00:00Z,A-(401호 회로창고 1),22.0,49.5
2026-04-10T10:00:00Z,B-(401호 회로창고 2),21.6,49.8
2026-04-10T11:00:00Z,A-(401호 회로창고 1),21.8,48.8
2026-04-10T11:00:00Z,B-(401호 회로창고 2),21.4,49.2
2026-04-10T12:00:00Z,A-(401호 회로창고 1),21.7,48.3
2026-04-10T12:00:00Z,B-(401호 회로창고 2),21.3,48.7
2026-04-10T13:00:00Z,A-(401호 회로창고 1),22.0,52.9
2026-04-10T13:00:00Z,B-(401호 회로창고 2),21.6,53.6
2026-04-10T14:00:00Z,A-(401호 회로창고 1),21.8,50.8
2026-04-10T14:00:00Z,B-(401호 회로창고 2),21.4,51.3
2026-04-10T15:00:00Z,A-(401호 회로창고 1),21.8,49.7
2026-04-10T15:00:00Z,B-(401호 회로창고 2),21.5,50.1
2026-04-10T16:00:00Z,A-(401호 회로창고 1),21.8,48.9
2026-04-10T16:00:00Z,B-(401호 회로창고 2),21.4,49.3
2026-04-10T17:00:00Z,A-(401호 회로창고 1),22.0,54.5
2026-04-10T17:00:00Z,B-(401호 회로창고 2),21.5,55.0
2026-04-10T18:00:00Z,A-(401호 회로창고 1),21.8,50.9
2026-04-10T18:00:00Z,B-(401호 회로창고 2),21.3,51.6
2026-04-10T19:00:00Z,A-(401호 회로창고 1),21.9,49.3
2026-04-10T19:00:00Z,B-(401호 회로창고 2),21.4,49.9
2026-04-10T20:00:00Z,A-(401호 회로창고 1),21.8,48.6
2026-04-10T20:00:00Z,B-(401호 회로창고 2),21.3,49.3
2026-04-10T21:00:00Z,A-(401호 회로창고 1),21.9,53.0
2026-04-10T21:00:00Z,B-(401호 회로창고 2),21.4,53.8
2026-04-10T22:00:00Z,A-(401호 회로창고 1),21.8,50.5
2026-04-10T22:00:00Z,B-(401호 회로창고 2),21.3,51.2
2026-04-10T23:00:00Z,A-(401호 회로창고 1),21.8,49.1
2026-04-10T23:00:00Z,B-(401호 회로창고 2),21.3,49.8
2026-04-11T00:00:00Z,A-(401호 회로창고 1),21.9,48.4
2026-04-11T00:00:00Z,B-(401호 회로창고 2),21.5,55.2
2026-04-11T01:00:00Z,A-(401호 회로창고 1),21.8,52.1
2026-04-11T01:00:00Z,B-(401호 회로창고 2),21.4,52.8
2026-04-11T02:00:00Z,A-(401호 회로창고 1),21.9,50.1
2026-04-11T02:00:00Z,B-(401호 회로창고 2),21.5,50.6
2026-04-11T03:00:00Z,A-(401호 회로창고 1),21.8,49.3
2026-04-11T03:00:00Z,B-(401호 회로창고 2),21.4,49.7
2026-04-11T04:00:00Z,A-(401호 회로창고 1),21.8,53.6
2026-04-11T04:00:00Z,B-(401호 회로창고 2),21.5,53.9
2026-04-11T05:00:00Z,A-(401호 회로창고 1),21.8,50.9
2026-04-11T05:00:00Z,B-(401호 회로창고 2),21.5,50.9
2026-04-11T06:00:00Z,A-(401호 회로창고 1),21.8,49.5
2026-04-11T06:00:00Z,B-(401호 회로창고 2),21.7,49.1
2026-04-11T07:00:00Z,A-(401호 회로창고 1),21.7,48.8
2026-04-11T07:00:00Z,B-(401호 회로창고 2),21.6,48.5
2026-04-11T08:00:00Z,A-(401호 회로창고 1),21.8,52.3
2026-04-11T08:00:00Z,B-(401호 회로창고 2),21.7,52.2
2026-04-11T09:00:00Z,A-(401호 회로창고 1),21.7,50.3
2026-04-11T09:00:00Z,B-(401호 회로창고 2),21.5,50.2
2026-04-11T10:00:00Z,A-(401호 회로창고 1),21.7,49.3
2026-04-11T10:00:00Z,B-(401호 회로창고 2),21.5,49.3
2026-04-11T11:00:00Z,A-(401호 회로창고 1),21.7,48.7
2026-04-11T11:00:00Z,B-(401호 회로창고 2),21.5,48.7
2026-04-11T12:00:00Z,A-(401호 회로창고 1),21.8,52.8
2026-04-11T12:00:00Z,B-(401호 회로창고 2),21.5,53.1
2026-04-11T13:00:00Z,A-(401호 회로창고 1),21.8,50.3
2026-04-11T13:00:00Z,B-(401호 회로창고 2),21.6,50.6
2026-04-11T14:00:00Z,A-(401호 회로창고 1),21.8,49.6
2026-04-11T14:00:00Z,B-(401호 회로창고 2),21.5,49.8
2026-04-11T15:00:00Z,A-(401호 회로창고 1),21.7,49.0
2026-04-11T15:00:00Z,B-(401호 회로창고 2),21.4,49.3
2026-04-11T16:00:00Z,A-(401호 회로창고 1),21.8,53.4
2026-04-11T16:00:00Z,B-(401호 회로창고 2),21.5,53.8
2026-04-11T17:00:00Z,A-(401호 회로창고 1),21.8,51.3
2026-04-11T17:00:00Z,B-(401호 회로창고 2),21.5,51.7
2026-04-11T18:00:00Z,A-(401호 회로창고 1),21.8,50.0
2026-04-11T18:00:00Z,B-(401호 회로창고 2),21.4,50.4
2026-04-11T19:00:00Z,A-(401호 회로창고 1),21.7,49.2
2026-04-11T19:00:00Z,B-(401호 회로창고 2),21.4,49.5
2026-04-11T20:00:00Z,A-(401호 회로창고 1),21.8,53.0
2026-04-11T20:00:00Z,B-(401호 회로창고 2),21.4,53.4
2026-04-11T21:00:00Z,A-(401호 회로창고 1),21.8,51.3
2026-04-11T21:00:00Z,B-(401호 회로창고 2),21.3,51.9
2026-04-11T22:00:00Z,A-(401호 회로창고 1),21.7,49.7
2026-04-11T22:00:00Z,B-(401호 회로창고 2),21.3,50.4
2026-04-11T23:00:00Z,A-(401호 회로창고 1),21.8,49.0
2026-04-11T23:00:00Z,B-(401호 회로창고 2),21.3,49.4
2026-04-12T00:00:00Z,A-(401호 회로창고 1),21.8,54.9
2026-04-12T00:00:00Z,B-(401호 회로창고 2),21.5,52.4
2026-04-12T01:00:00Z,A-(401호 회로창고 1),21.8,50.6
2026-04-12T01:00:00Z,B-(401호 회로창고 2),21.5,50.8
2026-04-12T02:00:00Z,A-(401호 회로창고 1),21.8,49.3
2026-04-12T02:00:00Z,B-(401호 회로창고 2),21.6,49.2
2026-04-12T03:00:00Z,A-(401호 회로창고 1),21.8,52.0
2026-04-12T03:00:00Z,B-(401호 회로창고 2),21.7,49.8
2026-04-12T04:00:00Z,A-(401호 회로창고 1),21.8,51.3
2026-04-12T04:00:00Z,B-(401호 회로창고 2),21.9,50.7
2026-04-12T05:00:00Z,A-(401호 회로창고 1),21.8,49.9
2026-04-12T05:00:00Z,B-(401호 회로창고 2),21.9,49.1
2026-04-12T06:00:00Z,A-(401호 회로창고 1),21.8,49.0
2026-04-12T06:00:00Z,B-(401호 회로창고 2),22.0,48.3
2026-04-12T07:00:00Z,A-(401호 회로창고 1),21.8,48.8
2026-04-12T07:00:00Z,B-(401호 회로창고 2),22.0,47.7
2026-04-12T08:00:00Z,A-(401호 회로창고 1),21.7,51.9
2026-04-12T08:00:00Z,B-(401호 회로창고 2),21.9,51.0
2026-04-12T09:00:00Z,A-(401호 회로창고 1),21.7,50.3
2026-04-12T09:00:00Z,B-(401호 회로창고 2),21.8,49.6
2026-04-12T10:00:00Z,A-(401호 회로창고 1),21.7,49.5
2026-04-12T10:00:00Z,B-(401호 회로창고 2),21.7,48.9
2026-04-12T11:00:00Z,A-(401호 회로창고 1),21.8,48.8
2026-04-12T11:00:00Z,B-(401호 회로창고 2),21.7,48.5
2026-04-12T12:00:00Z,A-(401호 회로창고 1),21.9,53.5
2026-04-12T12:00:00Z,B-(401호 회로창고 2),21.7,53.4
2026-04-12T13:00:00Z,A-(401호 회로창고 1),21.7,50.9
2026-04-12T13:00:00Z,B-(401호 회로창고 2),21.6,50.6
2026-04-12T14:00:00Z,A-(401호 회로창고 1),21.7,49.8
2026-04-12T14:00:00Z,B-(401호 회로창고 2),21.6,49.6
2026-04-12T15:00:00Z,A-(401호 회로창고 1),21.7,49.1
2026-04-12T15:00:00Z,B-(401호 회로창고 2),21.6,49.0
2026-04-12T16:00:00Z,A-(401호 회로창고 1),21.8,53.8
2026-04-12T16:00:00Z,B-(401호 회로창고 2),21.6,53.4
2026-04-12T17:00:00Z,A-(401호 회로창고 1),21.8,50.9
2026-04-12T17:00:00Z,B-(401호 회로창고 2),21.5,51.0
2026-04-12T18:00:00Z,A-(401호 회로창고 1),21.8,49.5
2026-04-12T18:00:00Z,B-(401호 회로창고 2),21.6,49.6
2026-04-12T19:00:00Z,A-(401호 회로창고 1),21.8,48.8
2026-04-12T19:00:00Z,B-(401호 회로창고 2),21.6,48.9
2026-04-12T20:00:00Z,A-(401호 회로창고 1),21.8,53.9
2026-04-12T20:00:00Z,B-(401호 회로창고 2),21.6,54.2
2026-04-12T21:00:00Z,A-(401호 회로창고 1),21.8,50.8
2026-04-12T21:00:00Z,B-(401호 회로창고 2),21.5,50.9
2026-04-12T22:00:00Z,A-(401호 회로창고 1),21.8,49.7
2026-04-12T22:00:00Z,B-(401호 회로창고 2),21.5,49.9
2026-04-12T23:00:00Z,A-(401호 회로창고 1),21.8,49.1
2026-04-12T23:00:00Z,B-(401호 회로창고 2),21.5,49.1
2026-04-13T00:00:00Z,A-(401호 회로창고 1),21.8,53.8
2026-04-13T00:00:00Z,B-(401호 회로창고 2),21.5,53.6
2026-04-13T00:00:00Z,C-(402호 수입검사),22.0,35.2
2026-04-13T00:00:00Z,D-(406호 기구창고),23.2,39.7
2026-04-13T00:00:00Z,E-(408호 OQC),19.6,44.7
2026-04-13T00:00:00Z,F-(807호 생산 Line),21.9,39.6
2026-04-13T00:00:00Z,G-(401호 기구창고),19.4,54.9
2026-04-13T01:00:00Z,A-(401호 회로창고 1),21.8,50.5
2026-04-13T01:00:00Z,B-(401호 회로창고 2),21.7,50.8
2026-04-13T01:00:00Z,C-(402호 수입검사),23.4,33.4
2026-04-13T01:00:00Z,D-(406호 기구창고),24.0,38.2
2026-04-13T01:00:00Z,E-(408호 OQC),21.2,43.1
2026-04-13T01:00:00Z,F-(807호 생산 Line),21.5,41.6
2026-04-13T01:00:00Z,G-(401호 기구창고),19.7,54.7
2026-04-13T02:00:00Z,A-(401호 회로창고 1),21.9,49.9
2026-04-13T02:00:00Z,B-(401호 회로창고 2),22.0,49.2
2026-04-13T02:00:00Z,C-(402호 수입검사),23.8,33.2
2026-04-13T02:00:00Z,D-(406호 기구창고),23.5,37.4
2026-04-13T02:00:00Z,E-(408호 OQC),21.5,45.5
2026-04-13T02:00:00Z,F-(807호 생산 Line),21.6,42.4
2026-04-13T02:00:00Z,G-(401호 기구창고),20.0,54.4
2026-04-13T03:00:00Z,A-(401호 회로창고 1),21.9,49.2
2026-04-13T03:00:00Z,B-(401호 회로창고 2),22.2,48.1
2026-04-13T03:00:00Z,C-(402호 수입검사),24.1,32.2
2026-04-13T03:00:00Z,D-(406호 기구창고),23.0,37.2
2026-04-13T03:00:00Z,E-(408호 OQC),22.2,43.1
2026-04-13T03:00:00Z,F-(807호 생산 Line),21.3,42.6
2026-04-13T03:00:00Z,G-(401호 기구창고),20.2,54.7
2026-04-13T04:00:00Z,A-(401호 회로창고 1),21.9,48.9
2026-04-13T04:00:00Z,B-(401호 회로창고 2),22.4,47.2
2026-04-13T04:00:00Z,C-(402호 수입검사),25.8,28.5
2026-04-13T04:00:00Z,D-(406호 기구창고),22.8,36.3
2026-04-13T04:00:00Z,E-(408호 OQC),22.5,40.5
2026-04-13T04:00:00Z,F-(807호 생산 Line),21.2,41.3
2026-04-13T04:00:00Z,G-(401호 기구창고),20.4,54.0
2026-04-13T05:00:00Z,A-(401호 회로창고 1),22.0,49.8
2026-04-13T05:00:00Z,B-(401호 회로창고 2),22.4,47.0
2026-04-13T05:00:00Z,C-(402호 수입검사),25.0,29.6
2026-04-13T05:00:00Z,D-(406호 기구창고),22.6,37.2
2026-04-13T05:00:00Z,E-(408호 OQC),22.4,40.9
2026-04-13T05:00:00Z,F-(807호 생산 Line),21.1,42.5
2026-04-13T05:00:00Z,G-(401호 기구창고),20.6,53.8
2026-04-13T06:00:00Z,A-(401호 회로창고 1),22.2,51.5
2026-04-13T06:00:00Z,B-(401호 회로창고 2),22.7,49.7
2026-04-13T06:00:00Z,C-(402호 수입검사),25.1,28.0
2026-04-13T06:00:00Z,D-(406호 기구창고),22.1,33.4
2026-04-13T06:00:00Z,E-(408호 OQC),22.3,39.1
2026-04-13T06:00:00Z,F-(807호 생산 Line),21.1,43.5
2026-04-13T06:00:00Z,G-(401호 기구창고),20.9,53.4
2026-04-13T07:00:00Z,A-(401호 회로창고 1),22.2,49.7
2026-04-13T07:00:00Z,B-(401호 회로창고 2),22.7,47.9
2026-04-13T07:00:00Z,C-(402호 수입검사),25.0,27.5
2026-04-13T07:00:00Z,D-(406호 기구창고),22.1,33.5
2026-04-13T07:00:00Z,E-(408호 OQC),22.3,41.3
2026-04-13T07:00:00Z,F-(807호 생산 Line),21.2,42.9
2026-04-13T07:00:00Z,G-(401호 기구창고),20.8,50.0
2026-04-13T08:00:00Z,A-(401호 회로창고 1),22.2,48.8
2026-04-13T08:00:00Z,B-(401호 회로창고 2),22.7,48.0
2026-04-13T08:00:00Z,C-(402호 수입검사),25.0,27.5
2026-04-13T08:00:00Z,D-(406호 기구창고),21.6,36.7
2026-04-13T08:00:00Z,E-(408호 OQC),22.4,42.2
2026-04-13T08:00:00Z,F-(807호 생산 Line),21.2,43.0
2026-04-13T08:00:00Z,G-(401호 기구창고),20.8,50.6
2026-04-13T09:00:00Z,A-(401호 회로창고 1),22.2,55.7
2026-04-13T09:00:00Z,B-(401호 회로창고 2),22.5,47.1
2026-04-13T10:00:00Z,A-(401호 회로창고 1),22.1,52.0
2026-04-13T10:00:00Z,B-(401호 회로창고 2),22.3,50.9
2026-04-13T11:00:00Z,A-(401호 회로창고 1),21.9,50.4
2026-04-13T11:00:00Z,B-(401호 회로창고 2),22.1,49.5
2026-04-13T12:00:00Z,A-(401호 회로창고 1),21.8,49.8
2026-04-13T12:00:00Z,B-(401호 회로창고 2),21.9,49.1
2026-04-13T13:00:00Z,A-(401호 회로창고 1),21.7,49.5
2026-04-13T13:00:00Z,B-(401호 회로창고 2),21.8,48.7
2026-04-13T14:00:00Z,A-(401호 회로창고 1),21.7,49.1
2026-04-13T14:00:00Z,B-(401호 회로창고 2),21.8,48.3
2026-04-13T15:00:00Z,A-(401호 회로창고 1),22.0,54.2
2026-04-13T15:00:00Z,B-(401호 회로창고 2),21.9,53.5
2026-04-13T16:00:00Z,A-(401호 회로창고 1),21.9,51.1
2026-04-13T16:00:00Z,B-(401호 회로창고 2),21.8,50.4
2026-04-13T17:00:00Z,A-(401호 회로창고 1),21.8,49.8
2026-04-13T17:00:00Z,B-(401호 회로창고 2),21.7,49.2
2026-04-13T18:00:00Z,A-(401호 회로창고 1),21.9,48.8
2026-04-13T18:00:00Z,B-(401호 회로창고 2),21.7,48.2
2026-04-13T19:00:00Z,A-(401호 회로창고 1),21.9,49.3
2026-04-13T19:00:00Z,B-(401호 회로창고 2),21.8,47.6
2026-04-13T20:00:00Z,A-(401호 회로창고 1),21.9,51.2
2026-04-13T20:00:00Z,B-(401호 회로창고 2),21.8,50.9
2026-04-13T21:00:00Z,A-(401호 회로창고 1),21.8,49.7
2026-04-13T21:00:00Z,B-(401호 회로창고 2),21.6,49.4
2026-04-13T22:00:00Z,A-(401호 회로창고 1),21.8,48.8
2026-04-13T22:00:00Z,B-(401호 회로창고 2),21.7,48.6
2026-04-13T23:00:00Z,A-(401호 회로창고 1),21.7,48.5
2026-04-13T23:00:00Z,B-(401호 회로창고 2),21.6,48.1
2026-04-14T00:00:00Z,A-(401호 회로창고 1),22.2,54.7
2026-04-14T00:00:00Z,B-(401호 회로창고 2),22.1,53.9
2026-04-14T00:00:00Z,C-(402호 수입검사),24.6,30.4
2026-04-14T00:00:00Z,D-(406호 기구창고),21.4,40.3
2026-04-14T00:00:00Z,E-(408호 OQC),22.1,43.5
2026-04-14T00:00:00Z,F-(807호 생산 Line),21.9,40.7
2026-04-14T00:00:00Z,G-(401호 기구창고),20.5,52.0
2026-04-14T01:00:00Z,A-(401호 회로창고 1),22.2,51.2
2026-04-14T01:00:00Z,B-(401호 회로창고 2),22.4,50.2
2026-04-14T01:00:00Z,C-(402호 수입검사),24.8,29.6
2026-04-14T01:00:00Z,D-(406호 기구창고),21.1,40.4
2026-04-14T01:00:00Z,E-(408호 OQC),22.0,36.7
2026-04-14T01:00:00Z,F-(807호 생산 Line),21.7,42.2
2026-04-14T01:00:00Z,G-(401호 기구창고),20.7,52.5
2026-04-14T02:00:00Z,A-(401호 회로창고 1),22.2,49.8
2026-04-14T02:00:00Z,B-(401호 회로창고 2),22.6,48.5
2026-04-14T02:00:00Z,C-(402호 수입검사),25.0,28.7
2026-04-14T02:00:00Z,D-(406호 기구창고),20.9,41.4
2026-04-14T02:00:00Z,E-(408호 OQC),21.9,37.3
2026-04-14T02:00:00Z,F-(807호 생산 Line),21.8,41.2
2026-04-14T02:00:00Z,G-(401호 기구창고),20.8,51.8
2026-04-14T03:00:00Z,A-(401호 회로창고 1),22.6,55.2
2026-04-14T03:00:00Z,B-(401호 회로창고 2),22.7,47.3
2026-04-14T03:00:00Z,C-(402호 수입검사),25.1,38.3
2026-04-14T03:00:00Z,D-(406호 기구창고),20.6,41.2
2026-04-14T03:00:00Z,E-(408호 OQC),22.0,36.5
2026-04-14T03:00:00Z,F-(807호 생산 Line),22.0,39.9
2026-04-14T03:00:00Z,G-(401호 기구창고),21.0,51.8
2026-04-14T04:00:00Z,A-(401호 회로창고 1),22.5,51.5
2026-04-14T04:00:00Z,B-(401호 회로창고 2),23.0,49.5
2026-04-14T04:00:00Z,C-(402호 수입검사),25.9,29.3
2026-04-14T04:00:00Z,D-(406호 기구창고),20.8,41.0
2026-04-14T04:00:00Z,E-(408호 OQC),21.9,35.4
2026-04-14T04:00:00Z,F-(807호 생산 Line),22.0,37.6
2026-04-14T04:00:00Z,G-(401호 기구창고),21.2,51.4
2026-04-14T05:00:00Z,A-(401호 회로창고 1),22.5,49.1
2026-04-14T05:00:00Z,B-(401호 회로창고 2),23.0,47.4
2026-04-14T05:00:00Z,C-(402호 수입검사),24.9,28.8
2026-04-14T05:00:00Z,D-(406호 기구창고),20.8,41.2
2026-04-14T05:00:00Z,E-(408호 OQC),22.0,35.5
2026-04-14T05:00:00Z,F-(807호 생산 Line),22.0,38.2
2026-04-14T05:00:00Z,G-(401호 기구창고),21.2,48.6
2026-04-14T06:00:00Z,A-(401호 회로창고 1),22.5,48.5
2026-04-14T06:00:00Z,B-(401호 회로창고 2),23.1,46.2
2026-04-14T06:00:00Z,C-(402호 수입검사),24.6,27.9
2026-04-14T06:00:00Z,D-(406호 기구창고),20.9,40.3
2026-04-14T06:00:00Z,E-(408호 OQC),22.0,35.9
2026-04-14T06:00:00Z,F-(807호 생산 Line),22.2,38.6
2026-04-14T06:00:00Z,G-(401호 기구창고),21.4,49.4
2026-04-14T07:00:00Z,A-(401호 회로창고 1),22.6,51.3
2026-04-14T07:00:00Z,B-(401호 회로창고 2),23.3,48.7
2026-04-14T07:00:00Z,C-(402호 수입검사),24.4,27.7
2026-04-14T07:00:00Z,D-(406호 기구창고),20.7,40.1
2026-04-14T07:00:00Z,E-(408호 OQC),22.0,34.2
2026-04-14T07:00:00Z,F-(807호 생산 Line),22.4,38.1
2026-04-14T07:00:00Z,G-(401호 기구창고),21.4,48.7
2026-04-14T08:00:00Z,A-(401호 회로창고 1),22.5,49.0
2026-04-14T08:00:00Z,B-(401호 회로창고 2),23.2,46.7
2026-04-14T08:00:00Z,C-(402호 수입검사),24.2,26.7
2026-04-14T08:00:00Z,D-(406호 기구창고),20.8,41.5
2026-04-14T08:00:00Z,E-(408호 OQC),22.3,33.5
2026-04-14T08:00:00Z,F-(807호 생산 Line),22.5,38.1
2026-04-14T08:00:00Z,G-(401호 기구창고),21.1,44.0
2026-04-14T09:00:00Z,A-(401호 회로창고 1),22.7,52.9
2026-04-14T09:00:00Z,B-(401호 회로창고 2),23.1,50.7
2026-04-14T10:00:00Z,A-(401호 회로창고 1),22.4,49.5
2026-04-14T10:00:00Z,B-(401호 회로창고 2),22.7,48.3
2026-04-14T11:00:00Z,A-(401호 회로창고 1),22.2,48.6
2026-04-14T11:00:00Z,B-(401호 회로창고 2),22.5,47.7
2026-04-14T12:00:00Z,A-(401호 회로창고 1),22.2,48.1
2026-04-14T12:00:00Z,B-(401호 회로창고 2),22.4,47.4
2026-04-14T13:00:00Z,A-(401호 회로창고 1),22.4,51.7
2026-04-14T13:00:00Z,B-(401호 회로창고 2),22.4,51.1
2026-04-14T14:00:00Z,A-(401호 회로창고 1),22.3,50.1
2026-04-14T14:00:00Z,B-(401호 회로창고 2),22.3,49.6
2026-04-14T15:00:00Z,A-(401호 회로창고 1),22.2,49.4
2026-04-14T15:00:00Z,B-(401호 회로창고 2),22.2,48.8
2026-04-14T16:00:00Z,A-(401호 회로창고 1),22.1,48.8
2026-04-14T16:00:00Z,B-(401호 회로창고 2),22.1,48.3
2026-04-14T17:00:00Z,A-(401호 회로창고 1),22.1,48.4
2026-04-14T17:00:00Z,B-(401호 회로창고 2),22.1,47.7
2026-04-14T18:00:00Z,A-(401호 회로창고 1),22.1,50.7
2026-04-14T18:00:00Z,B-(401호 회로창고 2),22.0,49.0
2026-04-14T19:00:00Z,A-(401호 회로창고 1),22.3,51.4
2026-04-14T19:00:00Z,B-(401호 회로창고 2),22.1,51.0
2026-04-14T20:00:00Z,A-(401호 회로창고 1),22.2,49.9
2026-04-14T20:00:00Z,B-(401호 회로창고 2),22.0,49.6
2026-04-14T21:00:00Z,A-(401호 회로창고 1),22.1,49.2
2026-04-14T21:00:00Z,B-(401호 회로창고 2),21.9,49.0
2026-04-14T22:00:00Z,A-(401호 회로창고 1),22.1,48.7
2026-04-14T22:00:00Z,B-(401호 회로창고 2),21.9,48.5
2026-04-14T23:00:00Z,A-(401호 회로창고 1),22.0,48.2
2026-04-14T23:00:00Z,B-(401호 회로창고 2),21.8,48.1
2026-04-15T00:00:00Z,A-(401호 회로창고 1),22.5,52.7
2026-04-15T00:00:00Z,B-(401호 회로창고 2),22.3,54.0
2026-04-15T00:00:00Z,C-(402호 수입검사),24.3,32.3
2026-04-15T00:00:00Z,D-(406호 기구창고),23.6,38.9
2026-04-15T00:00:00Z,E-(408호 OQC),21.8,41.7
2026-04-15T00:00:00Z,F-(807호 생산 Line),21.2,41.5
2026-04-15T00:00:00Z,G-(401호 기구창고),21.0,48.4
2026-04-15T01:00:00Z,A-(401호 회로창고 1),22.5,51.2
2026-04-15T01:00:00Z,B-(401호 회로창고 2),22.7,49.9
2026-04-15T01:00:00Z,C-(402호 수입검사),24.7,32.0
2026-04-15T01:00:00Z,D-(406호 기구창고),24.4,37.8
2026-04-15T01:00:00Z,E-(408호 OQC),22.2,41.5
2026-04-15T01:00:00Z,F-(807호 생산 Line),21.6,42.9
2026-04-15T01:00:00Z,G-(401호 기구창고),21.2,49.9
2026-04-15T02:00:00Z,A-(401호 회로창고 1),22.5,49.8
2026-04-15T02:00:00Z,B-(401호 회로창고 2),22.9,48.4
2026-04-15T02:00:00Z,C-(402호 수입검사),25.0,31.6
2026-04-15T02:00:00Z,D-(406호 기구창고),22.9,40.8
2026-04-15T02:00:00Z,E-(408호 OQC),22.1,41.9
2026-04-15T02:00:00Z,F-(807호 생산 Line),21.4,43.7
2026-04-15T02:00:00Z,G-(401호 기구창고),21.5,50.2
2026-04-15T03:00:00Z,A-(401호 회로창고 1),22.6,49.1
2026-04-15T03:00:00Z,B-(401호 회로창고 2),23.1,47.2
2026-04-15T03:00:00Z,C-(402호 수입검사),24.6,30.9
2026-04-15T03:00:00Z,D-(406호 기구창고),22.1,41.8
2026-04-15T03:00:00Z,E-(408호 OQC),22.0,41.4
2026-04-15T03:00:00Z,F-(807호 생산 Line),21.5,43.2
2026-04-15T03:00:00Z,G-(401호 기구창고),21.6,50.2
2026-04-15T04:00:00Z,A-(401호 회로창고 1),22.6,48.6
2026-04-15T04:00:00Z,B-(401호 회로창고 2),23.2,46.3
2026-04-15T04:00:00Z,C-(402호 수입검사),24.3,31.3
2026-04-15T04:00:00Z,D-(406호 기구창고),21.6,41.9
2026-04-15T04:00:00Z,E-(408호 OQC),22.1,41.0
2026-04-15T04:00:00Z,F-(807호 생산 Line),21.5,41.7
2026-04-15T04:00:00Z,G-(401호 기구창고),21.7,50.2
2026-04-15T05:00:00Z,A-(401호 회로창고 1),22.5,52.7
2026-04-15T05:00:00Z,B-(401호 회로창고 2),23.2,50.2
2026-04-15T05:00:00Z,C-(402호 수입검사),24.4,31.8
2026-04-15T05:00:00Z,D-(406호 기구창고),21.3,42.7
2026-04-15T05:00:00Z,E-(408호 OQC),22.1,41.0
2026-04-15T05:00:00Z,F-(807호 생산 Line),21.5,42.4
2026-04-15T05:00:00Z,G-(401호 기구창고),21.9,50.4
2026-04-15T06:00:00Z,A-(401호 회로창고 1),22.7,50.3
2026-04-15T06:00:00Z,B-(401호 회로창고 2),23.4,47.9
2026-04-15T06:00:00Z,C-(402호 수입검사),24.4,32.6
2026-04-15T06:00:00Z,D-(406호 기구창고),21.5,41.8
2026-04-15T06:00:00Z,E-(408호 OQC),22.2,42.3
2026-04-15T06:00:00Z,F-(807호 생산 Line),21.6,43.4
2026-04-15T06:00:00Z,G-(401호 기구창고),22.0,49.8
2026-04-15T07:00:00Z,A-(401호 회로창고 1),22.6,49.4
2026-04-15T07:00:00Z,B-(401호 회로창고 2),23.4,46.8
2026-04-15T07:00:00Z,C-(402호 수입검사),24.4,33.1
2026-04-15T07:00:00Z,D-(406호 기구창고),21.2,42.8
2026-04-15T07:00:00Z,E-(408호 OQC),22.1,42.7
2026-04-15T07:00:00Z,F-(807호 생산 Line),21.7,44.2
2026-04-15T07:00:00Z,G-(401호 기구창고),22.1,49.8
2026-04-15T08:00:00Z,A-(401호 회로창고 1),22.7,49.0
2026-04-15T08:00:00Z,B-(401호 회로창고 2),23.4,46.5
2026-04-15T08:00:00Z,C-(402호 수입검사),24.4,33.5
2026-04-15T08:00:00Z,D-(406호 기구창고),21.4,43.5
2026-04-15T08:00:00Z,E-(408호 OQC),22.4,42.5
2026-04-15T08:00:00Z,F-(807호 생산 Line),21.3,45.7
2026-04-15T08:00:00Z,G-(401호 기구창고),22.1,50.1
2026-04-15T09:00:00Z,A-(401호 회로창고 1),22.5,52.1
2026-04-15T09:00:00Z,B-(401호 회로창고 2),23.3,49.0
2026-04-15T10:00:00Z,A-(401호 회로창고 1),22.7,50.0
2026-04-15T10:00:00Z,B-(401호 회로창고 2),23.4,47.8
2026-04-15T11:00:00Z,A-(401호 회로창고 1),22.8,49.3
2026-04-15T11:00:00Z,B-(401호 회로창고 2),23.3,47.4
2026-04-15T12:00:00Z,A-(401호 회로창고 1),22.6,49.1
2026-04-15T12:00:00Z,B-(401호 회로창고 2),22.9,47.6
2026-04-15T13:00:00Z,A-(401호 회로창고 1),22.5,48.9
2026-04-15T13:00:00Z,B-(401호 회로창고 2),22.8,47.6
2026-04-15T14:00:00Z,A-(401호 회로창고 1),22.5,48.6
2026-04-15T14:00:00Z,B-(401호 회로창고 2),22.7,47.4
2026-04-15T15:00:00Z,A-(401호 회로창고 1),22.7,52.2
2026-04-15T15:00:00Z,B-(401호 회로창고 2),22.8,51.2
2026-04-15T16:00:00Z,A-(401호 회로창고 1),22.5,50.3
2026-04-15T16:00:00Z,B-(401호 회로창고 2),22.7,49.4
2026-04-15T17:00:00Z,A-(401호 회로창고 1),22.5,49.1
2026-04-15T17:00:00Z,B-(401호 회로창고 2),22.6,48.5
2026-04-15T18:00:00Z,A-(401호 회로창고 1),22.4,48.6
2026-04-15T18:00:00Z,B-(401호 회로창고 2),22.5,47.8
2026-04-15T19:00:00Z,A-(401호 회로창고 1),22.6,55.0
2026-04-15T19:00:00Z,B-(401호 회로창고 2),22.6,53.9
2026-04-15T20:00:00Z,A-(401호 회로창고 1),22.5,51.0
2026-04-15T20:00:00Z,B-(401호 회로창고 2),22.5,50.5
2026-04-15T21:00:00Z,A-(401호 회로창고 1),22.4,49.9
2026-04-15T21:00:00Z,B-(401호 회로창고 2),22.3,49.5
2026-04-15T22:00:00Z,A-(401호 회로창고 1),22.4,48.9
2026-04-15T22:00:00Z,B-(401호 회로창고 2),22.2,48.6
2026-04-15T23:00:00Z,A-(401호 회로창고 1),22.4,49.5
2026-04-15T23:00:00Z,B-(401호 회로창고 2),22.2,48.6
2026-04-16T00:00:00Z,A-(401호 회로창고 1),22.7,51.5
2026-04-16T00:00:00Z,B-(401호 회로창고 2),22.6,50.8
2026-04-16T00:00:00Z,C-(402호 수입검사),24.3,32.8
2026-04-16T00:00:00Z,D-(406호 기구창고),23.0,42.3
2026-04-16T00:00:00Z,E-(408호 OQC),21.5,41.2
2026-04-16T00:00:00Z,F-(807호 생산 Line),21.2,42.6
2026-04-16T00:00:00Z,G-(401호 기구창고),21.5,50.0
2026-04-16T01:00:00Z,A-(401호 회로창고 1),22.7,50.5
2026-04-16T01:00:00Z,B-(401호 회로창고 2),22.9,49.4
2026-04-16T01:00:00Z,C-(402호 수입검사),23.8,31.8
2026-04-16T01:00:00Z,D-(406호 기구창고),22.5,41.2
2026-04-16T01:00:00Z,E-(408호 OQC),22.1,39.2
2026-04-16T01:00:00Z,F-(807호 생산 Line),21.6,41.4
2026-04-16T01:00:00Z,G-(401호 기구창고),21.7,49.9
2026-04-16T02:00:00Z,A-(401호 회로창고 1),22.8,48.6
2026-04-16T02:00:00Z,B-(401호 회로창고 2),23.2,47.6
2026-04-16T02:00:00Z,C-(402호 수입검사),23.7,30.3
2026-04-16T02:00:00Z,D-(406호 기구창고),22.2,40.1
2026-04-16T02:00:00Z,E-(408호 OQC),22.2,35.0
2026-04-16T02:00:00Z,F-(807호 생산 Line),21.6,40.4
2026-04-16T02:00:00Z,G-(401호 기구창고),21.8,49.3
2026-04-16T03:00:00Z,A-(401호 회로창고 1),22.7,48.2
2026-04-16T03:00:00Z,B-(401호 회로창고 2),23.2,46.4
2026-04-16T03:00:00Z,C-(402호 수입검사),23.8,27.6
2026-04-16T03:00:00Z,D-(406호 기구창고),21.8,39.5
2026-04-16T03:00:00Z,E-(408호 OQC),22.2,31.3
2026-04-16T03:00:00Z,F-(807호 생산 Line),21.8,38.8
2026-04-16T03:00:00Z,G-(401호 기구창고),21.9,48.6
2026-04-16T04:00:00Z,A-(401호 회로창고 1),22.8,49.7
2026-04-16T04:00:00Z,B-(401호 회로창고 2),23.3,48.1
2026-04-16T04:00:00Z,C-(402호 수입검사),23.7,33.1
2026-04-16T04:00:00Z,D-(406호 기구창고),21.5,39.1
2026-04-16T04:00:00Z,E-(408호 OQC),22.3,29.8
2026-04-16T04:00:00Z,F-(807호 생산 Line),21.8,40.7
2026-04-16T04:00:00Z,G-(401호 기구창고),22.0,47.7
2026-04-16T05:00:00Z,A-(401호 회로창고 1),23.0,48.0
2026-04-16T05:00:00Z,B-(401호 회로창고 2),23.4,46.6
2026-04-16T05:00:00Z,C-(402호 수입검사),23.9,28.5
2026-04-16T05:00:00Z,D-(406호 기구창고),21.7,39.1
2026-04-16T05:00:00Z,E-(408호 OQC),22.8,30.4
2026-04-16T05:00:00Z,F-(807호 생산 Line),21.6,38.8
2026-04-16T05:00:00Z,G-(401호 기구창고),22.1,48.1
2026-04-16T06:00:00Z,A-(401호 회로창고 1),22.6,51.8
2026-04-16T06:00:00Z,B-(401호 회로창고 2),23.3,48.5
2026-04-16T06:00:00Z,C-(402호 수입검사),24.1,24.4
2026-04-16T06:00:00Z,D-(406호 기구창고),21.6,39.2
2026-04-16T06:00:00Z,E-(408호 OQC),23.2,16.5
2026-04-16T06:00:00Z,F-(807호 생산 Line),21.7,37.3
2026-04-16T06:00:00Z,G-(401호 기구창고),22.3,46.4
2026-04-16T07:00:00Z,A-(401호 회로창고 1),22.7,48.7
2026-04-16T07:00:00Z,B-(401호 회로창고 2),23.4,46.2
2026-04-16T07:00:00Z,C-(402호 수입검사),24.2,23.8
2026-04-16T07:00:00Z,D-(406호 기구창고),21.5,39.5
2026-04-16T07:00:00Z,E-(408호 OQC),23.2,24.4
2026-04-16T07:00:00Z,F-(807호 생산 Line),21.5,38.9
2026-04-16T07:00:00Z,G-(401호 기구창고),22.4,46.3
2026-04-16T08:00:00Z,A-(401호 회로창고 1),22.9,50.4
2026-04-16T08:00:00Z,B-(401호 회로창고 2),23.5,49.1
2026-04-16T08:00:00Z,C-(402호 수입검사),24.1,23.3
2026-04-16T08:00:00Z,D-(406호 기구창고),21.4,40.0
2026-04-16T08:00:00Z,E-(408호 OQC),23.6,19.6
2026-04-16T08:00:00Z,F-(807호 생산 Line),21.5,40.6
2026-04-16T08:00:00Z,G-(401호 기구창고),22.3,45.6
2026-04-16T09:00:00Z,A-(401호 회로창고 1),22.8,48.6
2026-04-16T09:00:00Z,B-(401호 회로창고 2),23.3,47.1
2026-04-16T10:00:00Z,A-(401호 회로창고 1),22.8,48.3
2026-04-16T10:00:00Z,B-(401호 회로창고 2),23.0,46.7
2026-04-16T11:00:00Z,A-(401호 회로창고 1),22.7,51.3
2026-04-16T11:00:00Z,B-(401호 회로창고 2),22.9,50.2
2026-04-16T12:00:00Z,A-(401호 회로창고 1),22.8,49.5
2026-04-16T12:00:00Z,B-(401호 회로창고 2),22.8,48.8
2026-04-16T13:00:00Z,A-(401호 회로창고 1),22.8,48.5
2026-04-16T13:00:00Z,B-(401호 회로창고 2),22.7,47.7
2026-04-16T14:00:00Z,A-(401호 회로창고 1),22.8,48.2
2026-04-16T14:00:00Z,B-(401호 회로창고 2),22.7,47.4
2026-04-16T15:00:00Z,A-(401호 회로창고 1),22.8,51.5
2026-04-16T15:00:00Z,B-(401호 회로창고 2),22.7,50.8
2026-04-16T16:00:00Z,A-(401호 회로창고 1),22.8,49.5
2026-04-16T16:00:00Z,B-(401호 회로창고 2),22.7,49.2
2026-04-16T17:00:00Z,A-(401호 회로창고 1),22.8,48.3
2026-04-16T17:00:00Z,B-(401호 회로창고 2),22.6,47.7
2026-04-16T18:00:00Z,A-(401호 회로창고 1),22.9,51.7
2026-04-16T18:00:00Z,B-(401호 회로창고 2),22.7,51.7
2026-04-16T19:00:00Z,A-(401호 회로창고 1),22.7,50.0
2026-04-16T19:00:00Z,B-(401호 회로창고 2),22.5,49.8
2026-04-16T20:00:00Z,A-(401호 회로창고 1),22.7,47.8
2026-04-16T20:00:00Z,B-(401호 회로창고 2),22.4,47.6
2026-04-16T21:00:00Z,A-(401호 회로창고 1),22.6,53.5
2026-04-16T21:00:00Z,B-(401호 회로창고 2),22.5,52.9
2026-04-16T22:00:00Z,A-(401호 회로창고 1),22.7,48.6
2026-04-16T22:00:00Z,B-(401호 회로창고 2),22.4,48.8
2026-04-16T23:00:00Z,A-(401호 회로창고 1),22.8,52.7
2026-04-16T23:00:00Z,B-(401호 회로창고 2),22.5,52.4
2026-04-17T00:00:00Z,A-(401호 회로창고 1),22.6,50.2
2026-04-17T00:00:00Z,B-(401호 회로창고 2),22.6,49.3
2026-04-17T00:00:00Z,C-(402호 수입검사),22.8,26.3
2026-04-17T00:00:00Z,D-(406호 기구창고),22.3,42.9
2026-04-17T00:00:00Z,E-(408호 OQC),22.0,28.4
2026-04-17T00:00:00Z,F-(807호 생산 Line),21.4,37.5
2026-04-17T00:00:00Z,G-(401호 기구창고),21.7,44.6
2026-04-17T01:00:00Z,A-(401호 회로창고 1),22.7,49.0
2026-04-17T01:00:00Z,B-(401호 회로창고 2),22.9,47.9
2026-04-17T01:00:00Z,C-(402호 수입검사),22.9,27.4
2026-04-17T01:00:00Z,D-(406호 기구창고),21.8,38.2
2026-04-17T01:00:00Z,E-(408호 OQC),22.0,30.2
2026-04-17T01:00:00Z,F-(807호 생산 Line),21.8,37.0
2026-04-17T01:00:00Z,G-(401호 기구창고),21.5,41.2
2026-04-17T02:00:00Z,A-(401호 회로창고 1),22.7,50.8
2026-04-17T02:00:00Z,B-(401호 회로창고 2),23.0,49.1
2026-04-17T02:00:00Z,C-(402호 수입검사),23.0,28.3
2026-04-17T02:00:00Z,D-(406호 기구창고),21.5,37.8
2026-04-17T02:00:00Z,E-(408호 OQC),22.1,31.8
2026-04-17T02:00:00Z,F-(807호 생산 Line),21.6,37.5
2026-04-17T02:00:00Z,G-(401호 기구창고),21.6,42.4
2026-04-17T03:00:00Z,A-(401호 회로창고 1),22.9,48.6
2026-04-17T03:00:00Z,B-(401호 회로창고 2),23.0,47.1
2026-04-17T03:00:00Z,C-(402호 수입검사),23.1,29.2
2026-04-17T03:00:00Z,D-(406호 기구창고),21.4,37.8
2026-04-17T03:00:00Z,E-(408호 OQC),22.1,33.5
2026-04-17T03:00:00Z,F-(807호 생산 Line),21.7,38.0
2026-04-17T03:00:00Z,G-(401호 기구창고),21.8,42.1
2026-04-17T04:00:00Z,A-(401호 회로창고 1),22.8,50.8
2026-04-17T04:00:00Z,B-(401호 회로창고 2),23.0,49.4
2026-04-17T04:00:00Z,C-(402호 수입검사),22.9,31.3
2026-04-17T04:00:00Z,D-(406호 기구창고),21.3,38.3
2026-04-17T04:00:00Z,E-(408호 OQC),22.2,35.4
2026-04-17T04:00:00Z,F-(807호 생산 Line),21.8,37.7
2026-04-17T04:00:00Z,G-(401호 기구창고),21.9,44.0
2026-04-17T05:00:00Z,A-(401호 회로창고 1),23.0,47.5
2026-04-17T05:00:00Z,B-(401호 회로창고 2),23.1,47.5
2026-04-17T05:00:00Z,C-(402호 수입검사),22.8,32.2
2026-04-17T05:00:00Z,D-(406호 기구창고),21.4,38.7
2026-04-17T05:00:00Z,E-(408호 OQC),22.3,36.9
2026-04-17T05:00:00Z,F-(807호 생산 Line),21.6,41.2
2026-04-17T05:00:00Z,G-(401호 기구창고),22.1,45.1
2026-04-17T06:00:00Z,A-(401호 회로창고 1),22.8,51.5
2026-04-17T06:00:00Z,B-(401호 회로창고 2),23.2,49.6
2026-04-17T06:00:00Z,C-(402호 수입검사),22.9,31.9
2026-04-17T06:00:00Z,D-(406호 기구창고),21.8,38.1
2026-04-17T06:00:00Z,E-(408호 OQC),22.3,37.4
2026-04-17T06:00:00Z,F-(807호 생산 Line),21.7,42.6
2026-04-17T06:00:00Z,G-(401호 기구창고),22.1,46.4
2026-04-17T07:00:00Z,A-(401호 회로창고 1),22.8,48.8
2026-04-17T07:00:00Z,B-(401호 회로창고 2),23.0,48.0
2026-04-17T07:00:00Z,C-(402호 수입검사),22.9,33.0
2026-04-17T07:00:00Z,D-(406호 기구창고),22.0,37.9
2026-04-17T07:00:00Z,E-(408호 OQC),22.2,37.3
2026-04-17T07:00:00Z,F-(807호 생산 Line),22.6,39.6
2026-04-17T07:00:00Z,G-(401호 기구창고),21.9,46.8
2026-04-17T08:00:00Z,A-(401호 회로창고 1),22.8,47.7
2026-04-17T08:00:00Z,B-(401호 회로창고 2),22.8,47.0
2026-04-17T08:00:00Z,C-(402호 수입검사),22.8,33.4
2026-04-17T08:00:00Z,D-(406호 기구창고),22.0,37.9
2026-04-17T08:00:00Z,E-(408호 OQC),22.1,37.2
2026-04-17T08:00:00Z,F-(807호 생산 Line),22.7,39.1
2026-04-17T08:00:00Z,G-(401호 기구창고),21.8,46.6
2026-04-17T09:00:00Z,A-(401호 회로창고 1),22.8,51.6
2026-04-17T09:00:00Z,B-(401호 회로창고 2),22.8,50.4
2026-04-17T10:00:00Z,A-(401호 회로창고 1),22.8,49.5
2026-04-17T10:00:00Z,B-(401호 회로창고 2),22.7,48.9
2026-04-17T11:00:00Z,A-(401호 회로창고 1),22.8,48.6
2026-04-17T11:00:00Z,B-(401호 회로창고 2),22.6,48.4
2026-04-17T12:00:00Z,A-(401호 회로창고 1),22.8,47.8
2026-04-17T12:00:00Z,B-(401호 회로창고 2),22.5,47.8
2026-04-17T13:00:00Z,A-(401호 회로창고 1),22.7,53.8
2026-04-17T13:00:00Z,B-(401호 회로창고 2),22.6,53.1
2026-04-17T14:00:00Z,A-(401호 회로창고 1),22.8,50.2
2026-04-17T14:00:00Z,B-(401호 회로창고 2),22.5,50.4
2026-04-17T15:00:00Z,A-(401호 회로창고 1),22.8,49.2
2026-04-17T15:00:00Z,B-(401호 회로창고 2),22.5,49.3
2026-04-17T16:00:00Z,A-(401호 회로창고 1),22.8,48.4
2026-04-17T16:00:00Z,B-(401호 회로창고 2),22.4,48.6
2026-04-17T17:00:00Z,A-(401호 회로창고 1),22.8,47.8
2026-04-17T17:00:00Z,B-(401호 회로창고 2),22.4,48.2
2026-04-17T18:00:00Z,A-(401호 회로창고 1),22.7,53.3
2026-04-17T18:00:00Z,B-(401호 회로창고 2),22.5,53.1
2026-04-17T19:00:00Z,A-(401호 회로창고 1),22.8,50.2
2026-04-17T19:00:00Z,B-(401호 회로창고 2),22.4,50.7
2026-04-17T20:00:00Z,A-(401호 회로창고 1),22.8,49.1
2026-04-17T20:00:00Z,B-(401호 회로창고 2),22.3,49.5
2026-04-17T21:00:00Z,A-(401호 회로창고 1),22.7,48.4
2026-04-17T21:00:00Z,B-(401호 회로창고 2),22.3,48.8
2026-04-17T22:00:00Z,A-(401호 회로창고 1),22.7,47.7
2026-04-17T22:00:00Z,B-(401호 회로창고 2),22.2,48.4
2026-04-17T23:00:00Z,A-(401호 회로창고 1),23.0,51.5
2026-04-17T23:00:00Z,B-(401호 회로창고 2),22.5,52.4
2026-04-18T00:00:00Z,A-(401호 회로창고 1),22.9,49.7
2026-04-18T00:00:00Z,B-(401호 회로창고 2),22.4,50.2
2026-04-18T01:00:00Z,A-(401호 회로창고 1),22.8,48.8
2026-04-18T01:00:00Z,B-(401호 회로창고 2),22.5,49.0
2026-04-18T02:00:00Z,A-(401호 회로창고 1),22.8,48.1
2026-04-18T02:00:00Z,B-(401호 회로창고 2),22.6,48.1
2026-04-18T03:00:00Z,A-(401호 회로창고 1),22.8,51.6
2026-04-18T03:00:00Z,B-(401호 회로창고 2),22.8,52.0
2026-04-18T04:00:00Z,A-(401호 회로창고 1),22.8,50.4
2026-04-18T04:00:00Z,B-(401호 회로창고 2),22.9,49.6
2026-04-18T05:00:00Z,A-(401호 회로창고 1),22.8,49.1
2026-04-18T05:00:00Z,B-(401호 회로창고 2),23.0,48.3
2026-04-18T06:00:00Z,A-(401호 회로창고 1),22.8,48.4
2026-04-18T06:00:00Z,B-(401호 회로창고 2),23.0,47.6
2026-04-18T07:00:00Z,A-(401호 회로창고 1),22.9,48.0
2026-04-18T07:00:00Z,B-(401호 회로창고 2),23.0,47.1
2026-04-18T08:00:00Z,A-(401호 회로창고 1),22.8,51.5
2026-04-18T08:00:00Z,B-(401호 회로창고 2),23.0,50.2
2026-04-18T09:00:00Z,A-(401호 회로창고 1),22.9,49.5
2026-04-18T09:00:00Z,B-(401호 회로창고 2),22.9,48.9
2026-04-18T10:00:00Z,A-(401호 회로창고 1),22.9,48.8
2026-04-18T10:00:00Z,B-(401호 회로창고 2),22.9,48.2
2026-04-18T11:00:00Z,A-(401호 회로창고 1),22.9,48.1
2026-04-18T11:00:00Z,B-(401호 회로창고 2),22.8,47.8
2026-04-18T12:00:00Z,A-(401호 회로창고 1),22.7,54.3
2026-04-18T12:00:00Z,B-(401호 회로창고 2),22.7,52.2
2026-04-18T13:00:00Z,A-(401호 회로창고 1),22.8,50.6
2026-04-18T13:00:00Z,B-(401호 회로창고 2),22.7,50.0
2026-04-18T14:00:00Z,A-(401호 회로창고 1),22.9,49.5
2026-04-18T14:00:00Z,B-(401호 회로창고 2),22.7,49.3
2026-04-18T15:00:00Z,A-(401호 회로창고 1),22.9,48.9
2026-04-18T15:00:00Z,B-(401호 회로창고 2),22.6,48.8
2026-04-18T16:00:00Z,A-(401호 회로창고 1),22.9,48.5
2026-04-18T16:00:00Z,B-(401호 회로창고 2),22.6,48.4
2026-04-18T17:00:00Z,A-(401호 회로창고 1),22.9,48.1
2026-04-18T17:00:00Z,B-(401호 회로창고 2),22.6,48.1
2026-04-18T18:00:00Z,A-(401호 회로창고 1),22.7,54.3
2026-04-18T18:00:00Z,B-(401호 회로창고 2),22.6,53.5
2026-04-18T19:00:00Z,A-(401호 회로창고 1),22.9,50.6
2026-04-18T19:00:00Z,B-(401호 회로창고 2),22.6,50.7
2026-04-18T20:00:00Z,A-(401호 회로창고 1),22.9,49.6
2026-04-18T20:00:00Z,B-(401호 회로창고 2),22.5,49.8
2026-04-18T21:00:00Z,A-(401호 회로창고 1),22.9,49.1
2026-04-18T21:00:00Z,B-(401호 회로창고 2),22.5,49.3
2026-04-18T22:00:00Z,A-(401호 회로창고 1),22.9,48.5
2026-04-18T22:00:00Z,B-(401호 회로창고 2),22.5,48.8
2026-04-18T23:00:00Z,A-(401호 회로창고 1),22.9,48.1
2026-04-18T23:00:00Z,B-(401호 회로창고 2),22.5,48.5
2026-04-19T00:00:00Z,A-(401호 회로창고 1),22.8,47.9
2026-04-19T00:00:00Z,B-(401호 회로창고 2),22.5,48.0
2026-04-19T01:00:00Z,A-(401호 회로창고 1),22.8,52.4
2026-04-19T01:00:00Z,B-(401호 회로창고 2),22.7,52.0
2026-04-19T02:00:00Z,A-(401호 회로창고 1),22.9,50.3
2026-04-19T02:00:00Z,B-(401호 회로창고 2),22.9,49.8
2026-04-19T03:00:00Z,A-(401호 회로창고 1),22.9,49.5
2026-04-19T03:00:00Z,B-(401호 회로창고 2),23.0,48.9
2026-04-19T04:00:00Z,A-(401호 회로창고 1),22.9,48.9
2026-04-19T04:00:00Z,B-(401호 회로창고 2),23.1,48.1
2026-04-19T05:00:00Z,A-(401호 회로창고 1),23.0,48.2
2026-04-19T05:00:00Z,B-(401호 회로창고 2),23.1,47.3
2026-04-19T06:00:00Z,A-(401호 회로창고 1),22.8,52.0
2026-04-19T06:00:00Z,B-(401호 회로창고 2),23.2,49.9
2026-04-19T07:00:00Z,A-(401호 회로창고 1),23.0,49.0
2026-04-19T07:00:00Z,B-(401호 회로창고 2),23.2,47.9
2026-04-19T08:00:00Z,A-(401호 회로창고 1),23.0,48.2
2026-04-19T08:00:00Z,B-(401호 회로창고 2),23.2,47.3
2026-04-19T09:00:00Z,A-(401호 회로창고 1),23.0,48.6
2026-04-19T09:00:00Z,B-(401호 회로창고 2),23.1,47.2
2026-04-19T10:00:00Z,A-(401호 회로창고 1),23.0,49.4
2026-04-19T10:00:00Z,B-(401호 회로창고 2),23.1,48.7
2026-04-19T11:00:00Z,A-(401호 회로창고 1),23.1,48.6
2026-04-19T11:00:00Z,B-(401호 회로창고 2),23.0,48.0
2026-04-19T12:00:00Z,A-(401호 회로창고 1),22.7,52.9
2026-04-19T12:00:00Z,B-(401호 회로창고 2),22.9,51.7
2026-04-19T13:00:00Z,A-(401호 회로창고 1),23.0,50.4
2026-04-19T13:00:00Z,B-(401호 회로창고 2),22.9,49.8
2026-04-19T14:00:00Z,A-(401호 회로창고 1),23.0,49.4
2026-04-19T14:00:00Z,B-(401호 회로창고 2),22.9,49.1
2026-04-19T15:00:00Z,A-(401호 회로창고 1),23.0,49.0
2026-04-19T15:00:00Z,B-(401호 회로창고 2),22.8,48.6
2026-04-19T16:00:00Z,A-(401호 회로창고 1),23.0,48.5
2026-04-19T16:00:00Z,B-(401호 회로창고 2),22.8,48.2
2026-04-19T17:00:00Z,A-(401호 회로창고 1),23.0,48.1
2026-04-19T17:00:00Z,B-(401호 회로창고 2),22.8,47.9
2026-04-19T18:00:00Z,A-(401호 회로창고 1),22.9,51.0
2026-04-19T18:00:00Z,B-(401호 회로창고 2),22.8,49.6
2026-04-19T19:00:00Z,A-(401호 회로창고 1),23.0,50.0
2026-04-19T19:00:00Z,B-(401호 회로창고 2),22.7,49.9
2026-04-19T20:00:00Z,A-(401호 회로창고 1),23.0,49.0
2026-04-19T20:00:00Z,B-(401호 회로창고 2),22.7,49.0
2026-04-19T21:00:00Z,A-(401호 회로창고 1),23.0,48.4
2026-04-19T21:00:00Z,B-(401호 회로창고 2),22.7,48.5
2026-04-19T22:00:00Z,A-(401호 회로창고 1),23.0,47.9
2026-04-19T22:00:00Z,B-(401호 회로창고 2),22.6,48.1
2026-04-19T23:00:00Z,A-(401호 회로창고 1),22.9,51.4
2026-04-19T23:00:00Z,B-(401호 회로창고 2),22.6,51.2
2026-04-20T00:00:00Z,A-(401호 회로창고 1),22.7,49.8
2026-04-20T00:00:00Z,B-(401호 회로창고 2),22.7,49.1
2026-04-20T00:00:00Z,C-(402호 수입검사),22.7,39.1
2026-04-20T00:00:00Z,D-(406호 기구창고),23.0,43.5
2026-04-20T00:00:00Z,E-(408호 OQC),21.3,44.2
2026-04-20T00:00:00Z,F-(807호 생산 Line),21.6,43.0
2026-04-20T00:00:00Z,G-(401호 기구창고),22.1,51.3
2026-04-20T01:00:00Z,A-(401호 회로창고 1),22.7,49.2
2026-04-20T01:00:00Z,B-(401호 회로창고 2),22.9,47.4
2026-04-20T01:00:00Z,C-(402호 수입검사),22.9,40.0
2026-04-20T01:00:00Z,D-(406호 기구창고),22.7,42.9
2026-04-20T01:00:00Z,E-(408호 OQC),21.5,45.2
2026-04-20T01:00:00Z,F-(807호 생산 Line),21.6,45.9
2026-04-20T01:00:00Z,G-(401호 기구창고),22.2,50.9
2026-04-20T02:00:00Z,A-(401호 회로창고 1),22.6,54.1
2026-04-20T02:00:00Z,B-(401호 회로창고 2),22.9,50.9
2026-04-20T02:00:00Z,C-(402호 수입검사),23.0,41.1
2026-04-20T02:00:00Z,D-(406호 기구창고),22.5,43.3
2026-04-20T02:00:00Z,E-(408호 OQC),21.5,46.4
2026-04-20T02:00:00Z,F-(807호 생산 Line),20.5,45.2
2026-04-20T02:00:00Z,G-(401호 기구창고),22.3,50.7
2026-04-20T03:00:00Z,A-(401호 회로창고 1),22.9,50.5
2026-04-20T03:00:00Z,B-(401호 회로창고 2),23.1,49.2
2026-04-20T03:00:00Z,C-(402호 수입검사),23.1,42.2
2026-04-20T03:00:00Z,D-(406호 기구창고),22.3,44.1
2026-04-20T03:00:00Z,E-(408호 OQC),22.3,47.4
2026-04-20T03:00:00Z,F-(807호 생산 Line),20.4,46.3
2026-04-20T03:00:00Z,G-(401호 기구창고),22.4,51.3
2026-04-20T04:00:00Z,A-(401호 회로창고 1),22.8,50.0
2026-04-20T04:00:00Z,B-(401호 회로창고 2),23.0,48.9
2026-04-20T04:00:00Z,C-(402호 수입검사),23.0,43.2
2026-04-20T04:00:00Z,D-(406호 기구창고),22.3,46.2
2026-04-20T04:00:00Z,E-(408호 OQC),22.6,47.7
2026-04-20T04:00:00Z,F-(807호 생산 Line),20.2,46.0
2026-04-20T04:00:00Z,G-(401호 기구창고),22.4,51.5
2026-04-20T05:00:00Z,A-(401호 회로창고 1),22.9,49.3
2026-04-20T05:00:00Z,B-(401호 회로창고 2),22.9,48.3
2026-04-20T05:00:00Z,C-(402호 수입검사),23.0,43.2
2026-04-20T05:00:00Z,D-(406호 기구창고),22.1,45.6
2026-04-20T05:00:00Z,E-(408호 OQC),22.6,47.8
2026-04-20T05:00:00Z,F-(807호 생산 Line),20.1,47.1
2026-04-20T05:00:00Z,G-(401호 기구창고),22.4,51.7
2026-04-20T06:00:00Z,A-(401호 회로창고 1),22.9,46.7
2026-04-20T06:00:00Z,B-(401호 회로창고 2),22.9,47.0
2026-04-20T06:00:00Z,C-(402호 수입검사),22.9,43.2
2026-04-20T06:00:00Z,D-(406호 기구창고),21.9,45.8
2026-04-20T06:00:00Z,E-(408호 OQC),22.6,47.9
2026-04-20T06:00:00Z,F-(807호 생산 Line),20.2,47.2
2026-04-20T06:00:00Z,G-(401호 기구창고),22.4,51.7
2026-04-20T07:00:00Z,A-(401호 회로창고 1),22.9,51.2
2026-04-20T07:00:00Z,B-(401호 회로창고 2),22.9,50.4
2026-04-20T07:00:00Z,C-(402호 수입검사),22.9,42.1
2026-04-20T07:00:00Z,D-(406호 기구창고),21.8,47.2
2026-04-20T07:00:00Z,E-(408호 OQC),22.7,47.4
2026-04-20T07:00:00Z,F-(807호 생산 Line),20.1,46.6
2026-04-20T07:00:00Z,G-(401호 기구창고),22.4,51.5
2026-04-20T08:00:00Z,A-(401호 회로창고 1),22.9,49.3
2026-04-20T08:00:00Z,B-(401호 회로창고 2),22.8,47.8
2026-04-20T08:00:00Z,C-(402호 수입검사),22.9,39.8
2026-04-20T08:00:00Z,D-(406호 기구창고),22.1,45.9
2026-04-20T08:00:00Z,E-(408호 OQC),22.7,46.8
2026-04-20T08:00:00Z,F-(807호 생산 Line),20.2,46.6
2026-04-20T08:00:00Z,G-(401호 기구창고),22.4,51.0
2026-04-20T09:00:00Z,A-(401호 회로창고 1),23.1,50.2
2026-04-20T09:00:00Z,B-(401호 회로창고 2),22.7,49.8
2026-04-20T10:00:00Z,A-(401호 회로창고 1),22.9,48.4
2026-04-20T10:00:00Z,B-(401호 회로창고 2),22.4,48.9
2026-04-20T11:00:00Z,A-(401호 회로창고 1),22.8,53.8
2026-04-20T11:00:00Z,B-(401호 회로창고 2),22.4,52.7
2026-04-20T12:00:00Z,A-(401호 회로창고 1),22.9,48.3
2026-04-20T12:00:00Z,B-(401호 회로창고 2),22.3,49.3
2026-04-20T13:00:00Z,A-(401호 회로창고 1),23.1,52.7
2026-04-20T13:00:00Z,B-(401호 회로창고 2),22.4,53.7
2026-04-20T14:00:00Z,A-(401호 회로창고 1),22.8,50.6
2026-04-20T14:00:00Z,B-(401호 회로창고 2),22.3,51.5
2026-04-20T15:00:00Z,A-(401호 회로창고 1),22.8,48.6
2026-04-20T15:00:00Z,B-(401호 회로창고 2),22.2,49.6
2026-04-20T16:00:00Z,A-(401호 회로창고 1),22.8,47.5
2026-04-20T16:00:00Z,B-(401호 회로창고 2),22.2,48.7
2026-04-20T17:00:00Z,A-(401호 회로창고 1),22.8,52.1
2026-04-20T17:00:00Z,B-(401호 회로창고 2),22.3,53.1
2026-04-20T18:00:00Z,A-(401호 회로창고 1),22.8,49.4
2026-04-20T18:00:00Z,B-(401호 회로창고 2),22.2,50.6
2026-04-20T19:00:00Z,A-(401호 회로창고 1),22.8,48.2
2026-04-20T19:00:00Z,B-(401호 회로창고 2),22.2,49.4
2026-04-20T20:00:00Z,A-(401호 회로창고 1),22.8,47.6
2026-04-20T20:00:00Z,B-(401호 회로창고 2),22.3,55.2
2026-04-20T21:00:00Z,A-(401호 회로창고 1),23.0,50.5
2026-04-20T21:00:00Z,B-(401호 회로창고 2),22.2,52.3
2026-04-20T22:00:00Z,A-(401호 회로창고 1),22.9,48.6
2026-04-20T22:00:00Z,B-(401호 회로창고 2),22.1,50.0
2026-04-20T23:00:00Z,A-(401호 회로창고 1),22.9,52.3
2026-04-20T23:00:00Z,B-(401호 회로창고 2),22.1,53.7
2026-04-21T00:00:00Z,A-(401호 회로창고 1),22.9,49.3
2026-04-21T00:00:00Z,B-(401호 회로창고 2),22.2,50.9
2026-04-21T00:00:00Z,C-(402호 수입검사),23.8,32.4
2026-04-21T00:00:00Z,D-(406호 기구창고),24.5,39.2
2026-04-21T00:00:00Z,E-(408호 OQC),22.5,36.5
2026-04-21T00:00:00Z,F-(807호 생산 Line),21.0,41.3
2026-04-21T00:00:00Z,G-(401호 기구창고),21.6,47.0
2026-04-21T01:00:00Z,A-(401호 회로창고 1),22.9,48.6
2026-04-21T01:00:00Z,B-(401호 회로창고 2),22.5,48.8
2026-04-21T01:00:00Z,C-(402호 수입검사),24.2,29.9
2026-04-21T01:00:00Z,D-(406호 기구창고),24.2,42.1
2026-04-21T01:00:00Z,E-(408호 OQC),23.3,34.0
2026-04-21T01:00:00Z,F-(807호 생산 Line),21.4,40.9
2026-04-21T01:00:00Z,G-(401호 기구창고),21.8,46.9
2026-04-21T02:00:00Z,A-(401호 회로창고 1),22.9,50.8
2026-04-21T02:00:00Z,B-(401호 회로창고 2),22.8,50.0
2026-04-21T02:00:00Z,C-(402호 수입검사),24.7,28.8
2026-04-21T02:00:00Z,D-(406호 기구창고),24.1,42.5
2026-04-21T02:00:00Z,E-(408호 OQC),22.9,28.7
2026-04-21T02:00:00Z,F-(807호 생산 Line),21.7,40.0
2026-04-21T02:00:00Z,G-(401호 기구창고),21.9,46.1
2026-04-21T03:00:00Z,A-(401호 회로창고 1),22.9,49.4
2026-04-21T03:00:00Z,B-(401호 회로창고 2),22.9,46.8
2026-04-21T03:00:00Z,C-(402호 수입검사),24.8,26.8
2026-04-21T03:00:00Z,D-(406호 기구창고),22.9,45.2
2026-04-21T03:00:00Z,E-(408호 OQC),23.3,29.8
2026-04-21T03:00:00Z,F-(807호 생산 Line),21.6,40.0
2026-04-21T03:00:00Z,G-(401호 기구창고),22.0,44.9
2026-04-21T04:00:00Z,A-(401호 회로창고 1),22.6,52.9
2026-04-21T04:00:00Z,B-(401호 회로창고 2),25.2,42.3
2026-04-21T04:00:00Z,C-(402호 수입검사),28.5,21.2
2026-04-21T04:00:00Z,D-(406호 기구창고),22.3,47.4
2026-04-21T04:00:00Z,E-(408호 OQC),23.4,30.2
2026-04-21T04:00:00Z,F-(807호 생산 Line),21.7,36.6
2026-04-21T04:00:00Z,G-(401호 기구창고),22.2,43.4
2026-04-21T05:00:00Z,A-(401호 회로창고 1),22.6,48.3
2026-04-21T05:00:00Z,B-(401호 회로창고 2),23.5,47.4
2026-04-21T05:00:00Z,C-(402호 수입검사),25.4,23.4
2026-04-21T05:00:00Z,D-(406호 기구창고),21.8,48.3
2026-04-21T05:00:00Z,E-(408호 OQC),23.5,29.8
2026-04-21T05:00:00Z,F-(807호 생산 Line),21.8,38.5
2026-04-21T05:00:00Z,G-(401호 기구창고),22.1,43.9
2026-04-21T06:00:00Z,A-(401호 회로창고 1),22.8,49.0
2026-04-21T06:00:00Z,B-(401호 회로창고 2),23.3,46.1
2026-04-21T06:00:00Z,C-(402호 수입검사),24.3,24.0
2026-04-21T06:00:00Z,D-(406호 기구창고),21.4,45.0
2026-04-21T06:00:00Z,E-(408호 OQC),21.9,24.2
2026-04-21T06:00:00Z,F-(807호 생산 Line),21.6,39.2
2026-04-21T06:00:00Z,G-(401호 기구창고),22.1,43.3
2026-04-21T07:00:00Z,A-(401호 회로창고 1),22.6,50.3
2026-04-21T07:00:00Z,B-(401호 회로창고 2),23.0,47.3
2026-04-21T07:00:00Z,C-(402호 수입검사),23.8,24.1
2026-04-21T07:00:00Z,D-(406호 기구창고),21.0,48.9
2026-04-21T07:00:00Z,E-(408호 OQC),22.4,28.6
2026-04-21T07:00:00Z,F-(807호 생산 Line),21.6,37.5
2026-04-21T07:00:00Z,G-(401호 기구창고),22.1,42.9
2026-04-21T08:00:00Z,A-(401호 회로창고 1),22.7,50.6
2026-04-21T08:00:00Z,B-(401호 회로창고 2),23.1,48.7
2026-04-21T08:00:00Z,C-(402호 수입검사),23.6,24.5
2026-04-21T08:00:00Z,D-(406호 기구창고),21.3,44.4
2026-04-21T08:00:00Z,E-(408호 OQC),22.4,30.9
2026-04-21T08:00:00Z,F-(807호 생산 Line),21.5,38.7
2026-04-21T08:00:00Z,G-(401호 기구창고),21.9,38.0
2026-04-21T09:00:00Z,A-(401호 회로창고 1),22.8,50.6
2026-04-21T09:00:00Z,B-(401호 회로창고 2),22.7,49.1
2026-04-21T10:00:00Z,A-(401호 회로창고 1),22.7,48.0
2026-04-21T10:00:00Z,B-(401호 회로창고 2),22.5,47.9
2026-04-21T11:00:00Z,A-(401호 회로창고 1),22.6,53.1
2026-04-21T11:00:00Z,B-(401호 회로창고 2),22.4,52.8
2026-04-21T12:00:00Z,A-(401호 회로창고 1),22.7,48.7
2026-04-21T12:00:00Z,B-(401호 회로창고 2),22.3,49.2
2026-04-21T13:00:00Z,A-(401호 회로창고 1),22.9,53.9
2026-04-21T13:00:00Z,B-(401호 회로창고 2),22.5,54.5
2026-04-21T14:00:00Z,A-(401호 회로창고 1),22.7,49.8
2026-04-21T14:00:00Z,B-(401호 회로창고 2),22.3,50.5
2026-04-21T15:00:00Z,A-(401호 회로창고 1),22.6,48.5
2026-04-21T15:00:00Z,B-(401호 회로창고 2),22.2,49.0
2026-04-21T16:00:00Z,A-(401호 회로창고 1),22.7,51.5
2026-04-21T16:00:00Z,B-(401호 회로창고 2),22.2,51.6
2026-04-21T17:00:00Z,A-(401호 회로창고 1),22.8,50.2
2026-04-21T17:00:00Z,B-(401호 회로창고 2),22.3,51.1
2026-04-21T18:00:00Z,A-(401호 회로창고 1),22.7,48.4
2026-04-21T18:00:00Z,B-(401호 회로창고 2),22.2,49.2
2026-04-21T19:00:00Z,A-(401호 회로창고 1),22.8,53.2
2026-04-21T19:00:00Z,B-(401호 회로창고 2),22.3,53.8
2026-04-21T20:00:00Z,A-(401호 회로창고 1),22.8,49.4
2026-04-21T20:00:00Z,B-(401호 회로창고 2),22.2,50.7
2026-04-21T21:00:00Z,A-(401호 회로창고 1),22.6,48.1
2026-04-21T21:00:00Z,B-(401호 회로창고 2),22.1,49.0
2026-04-21T22:00:00Z,A-(401호 회로창고 1),22.8,53.8
2026-04-21T22:00:00Z,B-(401호 회로창고 2),22.3,54.6
2026-04-21T23:00:00Z,A-(401호 회로창고 1),22.7,49.8
2026-04-21T23:00:00Z,B-(401호 회로창고 2),22.2,50.9
2026-04-22T00:00:00Z,A-(401호 회로창고 1),22.8,47.2
2026-04-22T00:00:00Z,B-(401호 회로창고 2),22.3,48.2
2026-04-22T00:00:00Z,C-(402호 수입검사),23.2,27.6
2026-04-22T00:00:00Z,D-(406호 기구창고),22.6,35.4
2026-04-22T00:00:00Z,E-(408호 OQC),21.7,32.6
2026-04-22T00:00:00Z,F-(807호 생산 Line),21.3,39.1
2026-04-22T00:00:00Z,G-(401호 기구창고),21.5,45.1
2026-04-22T01:00:00Z,A-(401호 회로창고 1),22.8,50.9
2026-04-22T01:00:00Z,B-(401호 회로창고 2),22.5,50.9
2026-04-22T01:00:00Z,C-(402호 수입검사),23.0,27.2
2026-04-22T01:00:00Z,D-(406호 기구창고),22.7,35.9
2026-04-22T01:00:00Z,E-(408호 OQC),22.3,31.6
2026-04-22T01:00:00Z,F-(807호 생산 Line),21.5,39.3
2026-04-22T01:00:00Z,G-(401호 기구창고),21.6,44.6
2026-04-22T02:00:00Z,A-(401호 회로창고 1),22.9,48.4
2026-04-22T02:00:00Z,B-(401호 회로창고 2),22.7,48.4
2026-04-22T02:00:00Z,C-(402호 수입검사),22.8,26.5
2026-04-22T02:00:00Z,D-(406호 기구창고),22.8,33.4
2026-04-22T02:00:00Z,E-(408호 OQC),22.4,31.2
2026-04-22T02:00:00Z,F-(807호 생산 Line),21.7,39.1
2026-04-22T02:00:00Z,G-(401호 기구창고),21.7,44.4
2026-04-22T03:00:00Z,A-(401호 회로창고 1),22.6,53.3
2026-04-22T03:00:00Z,B-(401호 회로창고 2),22.7,52.5
2026-04-22T03:00:00Z,C-(402호 수입검사),22.9,25.5
2026-04-22T03:00:00Z,D-(406호 기구창고),23.1,32.4
2026-04-22T03:00:00Z,E-(408호 OQC),22.4,32.5
2026-04-22T03:00:00Z,F-(807호 생산 Line),21.8,38.8
2026-04-22T03:00:00Z,G-(401호 기구창고),21.7,44.0
2026-04-22T04:00:00Z,A-(401호 회로창고 1),22.6,50.1
2026-04-22T04:00:00Z,B-(401호 회로창고 2),22.6,49.3
2026-04-22T04:00:00Z,C-(402호 수입검사),22.9,24.5
2026-04-22T04:00:00Z,D-(406호 기구창고),23.5,33.4
2026-04-22T04:00:00Z,E-(408호 OQC),22.5,32.6
2026-04-22T04:00:00Z,F-(807호 생산 Line),21.5,36.5
2026-04-22T04:00:00Z,G-(401호 기구창고),21.8,44.3
2026-04-22T05:00:00Z,A-(401호 회로창고 1),22.8,50.0
2026-04-22T05:00:00Z,B-(401호 회로창고 2),22.8,48.6
2026-04-22T05:00:00Z,C-(402호 수입검사),23.0,23.9
2026-04-22T05:00:00Z,D-(406호 기구창고),23.5,32.6
2026-04-22T05:00:00Z,E-(408호 OQC),22.3,30.0
2026-04-22T05:00:00Z,F-(807호 생산 Line),21.7,39.2
2026-04-22T05:00:00Z,G-(401호 기구창고),21.8,43.4
2026-04-22T06:00:00Z,A-(401호 회로창고 1),22.2,50.3
2026-04-22T06:00:00Z,B-(401호 회로창고 2),22.8,47.8
2026-04-22T06:00:00Z,C-(402호 수입검사),22.9,34.8
2026-04-22T06:00:00Z,D-(406호 기구창고),23.4,32.1
2026-04-22T06:00:00Z,E-(408호 OQC),21.7,32.4
2026-04-22T06:00:00Z,F-(807호 생산 Line),21.8,37.3
2026-04-22T06:00:00Z,G-(401호 기구창고),21.9,43.4
2026-04-22T07:00:00Z,A-(401호 회로창고 1),22.4,51.9
2026-04-22T07:00:00Z,B-(401호 회로창고 2),22.8,49.7
2026-04-22T07:00:00Z,C-(402호 수입검사),22.8,39.1
2026-04-22T07:00:00Z,D-(406호 기구창고),23.4,32.9
2026-04-22T07:00:00Z,E-(408호 OQC),21.7,33.3
2026-04-22T07:00:00Z,F-(807호 생산 Line),21.7,39.8
2026-04-22T07:00:00Z,G-(401호 기구창고),21.7,37.6
2026-04-22T08:00:00Z,A-(401호 회로창고 1),22.8,52.5
2026-04-22T08:00:00Z,B-(401호 회로창고 2),23.0,49.8
2026-04-22T08:00:00Z,C-(402호 수입검사),23.0,30.6
2026-04-22T08:00:00Z,D-(406호 기구창고),23.4,34.4
2026-04-22T08:00:00Z,E-(408호 OQC),21.9,33.7
2026-04-22T08:00:00Z,F-(807호 생산 Line),21.6,37.3
2026-04-22T08:00:00Z,G-(401호 기구창고),21.7,38.3
2026-04-22T09:00:00Z,A-(401호 회로창고 1),22.8,48.2
2026-04-22T09:00:00Z,B-(401호 회로창고 2),22.7,47.4
2026-04-22T10:00:00Z,A-(401호 회로창고 1),23.0,53.4
2026-04-22T10:00:00Z,B-(401호 회로창고 2),22.7,53.4
2026-04-22T11:00:00Z,A-(401호 회로창고 1),22.8,49.4
2026-04-22T11:00:00Z,B-(401호 회로창고 2),22.4,49.9
2026-04-22T12:00:00Z,A-(401호 회로창고 1),22.7,47.6
2026-04-22T12:00:00Z,B-(401호 회로창고 2),22.3,48.4
2026-04-22T13:00:00Z,A-(401호 회로창고 1),23.0,53.5
2026-04-22T13:00:00Z,B-(401호 회로창고 2),22.5,54.7
2026-04-22T14:00:00Z,A-(401호 회로창고 1),22.8,49.2
2026-04-22T14:00:00Z,B-(401호 회로창고 2),22.3,49.4
2026-04-22T15:00:00Z,A-(401호 회로창고 1),22.7,47.8
2026-04-22T15:00:00Z,B-(401호 회로창고 2),22.2,48.8
2026-04-22T16:00:00Z,A-(401호 회로창고 1),22.9,53.7
2026-04-22T16:00:00Z,B-(401호 회로창고 2),22.4,54.5
2026-04-22T17:00:00Z,A-(401호 회로창고 1),22.9,49.4
2026-04-22T17:00:00Z,B-(401호 회로창고 2),22.3,50.7
2026-04-22T18:00:00Z,A-(401호 회로창고 1),22.8,48.2
2026-04-22T18:00:00Z,B-(401호 회로창고 2),22.2,49.3
2026-04-22T19:00:00Z,A-(401호 회로창고 1),22.7,48.9
2026-04-22T19:00:00Z,B-(401호 회로창고 2),22.1,49.5
2026-04-22T20:00:00Z,A-(401호 회로창고 1),22.9,50.7
2026-04-22T20:00:00Z,B-(401호 회로창고 2),22.3,52.0
2026-04-22T21:00:00Z,A-(401호 회로창고 1),22.7,48.8
2026-04-22T21:00:00Z,B-(401호 회로창고 2),22.2,50.0
2026-04-22T22:00:00Z,A-(401호 회로창고 1),22.7,47.6
2026-04-22T22:00:00Z,B-(401호 회로창고 2),22.1,48.8
2026-04-22T23:00:00Z,A-(401호 회로창고 1),22.9,54.0
2026-04-22T23:00:00Z,B-(401호 회로창고 2),22.3,52.1
2026-04-23T00:00:00Z,A-(401호 회로창고 1),22.9,49.7
2026-04-23T00:00:00Z,B-(401호 회로창고 2),22.5,50.4
2026-04-23T00:00:00Z,C-(402호 수입검사),24.3,29.1
2026-04-23T00:00:00Z,D-(406호 기구창고),23.1,42.1
2026-04-23T00:00:00Z,E-(408호 OQC),22.7,34.9
2026-04-23T00:00:00Z,F-(807호 생산 Line),21.3,39.5
2026-04-23T00:00:00Z,G-(401호 기구창고),21.5,44.7
2026-04-23T01:00:00Z,A-(401호 회로창고 1),22.9,49.3
2026-04-23T01:00:00Z,B-(401호 회로창고 2),22.8,48.9
2026-04-23T01:00:00Z,C-(402호 수입검사),23.6,28.9
2026-04-23T01:00:00Z,D-(406호 기구창고),22.7,45.3
2026-04-23T01:00:00Z,E-(408호 OQC),23.0,35.4
2026-04-23T01:00:00Z,F-(807호 생산 Line),21.7,40.4
2026-04-23T01:00:00Z,G-(401호 기구창고),21.6,43.8
2026-04-23T02:00:00Z,A-(401호 회로창고 1),23.0,48.0
2026-04-23T02:00:00Z,B-(401호 회로창고 2),22.9,47.7
2026-04-23T02:00:00Z,C-(402호 수입검사),23.6,28.1
2026-04-23T02:00:00Z,D-(406호 기구창고),22.7,43.7
2026-04-23T02:00:00Z,E-(408호 OQC),22.9,32.2
2026-04-23T02:00:00Z,F-(807호 생산 Line),21.6,40.5
2026-04-23T02:00:00Z,G-(401호 기구창고),21.8,44.3
2026-04-23T03:00:00Z,A-(401호 회로창고 1),22.7,51.6
2026-04-23T03:00:00Z,B-(401호 회로창고 2),22.9,50.5
2026-04-23T03:00:00Z,C-(402호 수입검사),23.6,27.5
2026-04-23T03:00:00Z,D-(406호 기구창고),22.1,43.9
2026-04-23T03:00:00Z,E-(408호 OQC),23.1,33.7
2026-04-23T03:00:00Z,F-(807호 생산 Line),21.8,39.0
2026-04-23T03:00:00Z,G-(401호 기구창고),21.8,44.9
2026-04-23T04:00:00Z,A-(401호 회로창고 1),23.1,48.2
2026-04-23T04:00:00Z,B-(401호 회로창고 2),23.2,47.3
2026-04-23T04:00:00Z,C-(402호 수입검사),25.9,23.1
2026-04-23T04:00:00Z,D-(406호 기구창고),22.0,44.2
2026-04-23T04:00:00Z,E-(408호 OQC),23.1,33.3
2026-04-23T04:00:00Z,F-(807호 생산 Line),21.8,36.7
2026-04-23T04:00:00Z,G-(401호 기구창고),21.9,45.3
2026-04-23T05:00:00Z,A-(401호 회로창고 1),22.9,53.0
2026-04-23T05:00:00Z,B-(401호 회로창고 2),23.1,51.5
2026-04-23T05:00:00Z,C-(402호 수입검사),24.7,23.8
2026-04-23T05:00:00Z,D-(406호 기구창고),21.6,45.7
2026-04-23T05:00:00Z,E-(408호 OQC),23.2,33.3
2026-04-23T05:00:00Z,F-(807호 생산 Line),21.8,38.5
2026-04-23T05:00:00Z,G-(401호 기구창고),22.0,45.3
2026-04-23T06:00:00Z,A-(401호 회로창고 1),23.0,49.3
2026-04-23T06:00:00Z,B-(401호 회로창고 2),22.9,49.0
2026-04-23T06:00:00Z,C-(402호 수입검사),24.3,24.2
2026-04-23T06:00:00Z,D-(406호 기구창고),21.3,46.6
2026-04-23T06:00:00Z,E-(408호 OQC),23.2,32.7
2026-04-23T06:00:00Z,F-(807호 생산 Line),21.5,38.7
2026-04-23T06:00:00Z,G-(401호 기구창고),22.1,44.8
2026-04-23T07:00:00Z,A-(401호 회로창고 1),23.0,47.6
2026-04-23T07:00:00Z,B-(401호 회로창고 2),23.2,46.7
2026-04-23T07:00:00Z,C-(402호 수입검사),24.0,24.0
2026-04-23T07:00:00Z,D-(406호 기구창고),21.2,47.0
2026-04-23T07:00:00Z,E-(408호 OQC),23.2,32.9
2026-04-23T07:00:00Z,F-(807호 생산 Line),21.6,40.4
2026-04-23T07:00:00Z,G-(401호 기구창고),22.2,44.6
2026-04-23T08:00:00Z,A-(401호 회로창고 1),22.9,50.7
2026-04-23T08:00:00Z,B-(401호 회로창고 2),23.1,49.6
2026-04-23T08:00:00Z,C-(402호 수입검사),23.8,24.2
2026-04-23T08:00:00Z,D-(406호 기구창고),21.6,44.4
2026-04-23T08:00:00Z,E-(408호 OQC),23.3,32.5
2026-04-23T08:00:00Z,F-(807호 생산 Line),21.5,38.1
2026-04-23T08:00:00Z,G-(401호 기구창고),22.1,44.4
2026-04-23T09:00:00Z,A-(401호 회로창고 1),22.8,48.3
2026-04-23T09:00:00Z,B-(401호 회로창고 2),22.9,47.7
2026-04-23T10:00:00Z,A-(401호 회로창고 1),22.6,50.9
2026-04-23T10:00:00Z,B-(401호 회로창고 2),22.7,50.5
2026-04-23T11:00:00Z,A-(401호 회로창고 1),22.7,50.6
2026-04-23T11:00:00Z,B-(401호 회로창고 2),22.6,50.2
2026-04-23T12:00:00Z,A-(401호 회로창고 1),22.6,49.4
2026-04-23T12:00:00Z,B-(401호 회로창고 2),22.5,49.3
2026-04-23T13:00:00Z,A-(401호 회로창고 1),22.7,52.6
2026-04-23T13:00:00Z,B-(401호 회로창고 2),22.6,52.0
2026-04-23T14:00:00Z,A-(401호 회로창고 1),22.7,49.2
2026-04-23T14:00:00Z,B-(401호 회로창고 2),22.4,49.8
2026-04-23T15:00:00Z,A-(401호 회로창고 1),22.8,47.6
2026-04-23T15:00:00Z,B-(401호 회로창고 2),22.4,48.1
2026-04-23T16:00:00Z,A-(401호 회로창고 1),22.7,51.3
2026-04-23T16:00:00Z,B-(401호 회로창고 2),22.4,51.7
2026-04-23T17:00:00Z,A-(401호 회로창고 1),22.7,48.5
2026-04-23T17:00:00Z,B-(401호 회로창고 2),22.3,49.3
2026-04-23T18:00:00Z,A-(401호 회로창고 1),22.8,52.5
2026-04-23T18:00:00Z,B-(401호 회로창고 2),22.4,53.0
2026-04-23T19:00:00Z,A-(401호 회로창고 1),22.6,50.8
2026-04-23T19:00:00Z,B-(401호 회로창고 2),22.3,51.3
2026-04-23T20:00:00Z,A-(401호 회로창고 1),22.7,48.8
2026-04-23T20:00:00Z,B-(401호 회로창고 2),22.2,49.6
2026-04-23T21:00:00Z,A-(401호 회로창고 1),22.7,47.3
2026-04-23T21:00:00Z,B-(401호 회로창고 2),22.2,48.3
2026-04-23T22:00:00Z,A-(401호 회로창고 1),22.6,52.5
2026-04-23T22:00:00Z,B-(401호 회로창고 2),22.3,52.9
2026-04-23T23:00:00Z,A-(401호 회로창고 1),22.6,49.3
2026-04-23T23:00:00Z,B-(401호 회로창고 2),22.2,50.1
2026-04-24T00:00:00Z,A-(401호 회로창고 1),22.7,47.2
2026-04-24T00:00:00Z,B-(401호 회로창고 2),22.1,47.9
2026-04-24T00:00:00Z,C-(402호 수입검사),23.9,30.2
2026-04-24T00:00:00Z,D-(406호 기구창고),23.8,40.9
2026-04-24T00:00:00Z,E-(408호 OQC),22.9,29.9
2026-04-24T00:00:00Z,F-(807호 생산 Line),21.6,36.8
2026-04-24T00:00:00Z,G-(401호 기구창고),21.5,44.6
2026-04-24T01:00:00Z,A-(401호 회로창고 1),22.6,52.2
2026-04-24T01:00:00Z,B-(401호 회로창고 2),22.4,52.2
2026-04-24T01:00:00Z,C-(402호 수입검사),23.6,27.6
2026-04-24T01:00:00Z,D-(406호 기구창고),23.6,40.0
2026-04-24T01:00:00Z,E-(408호 OQC),23.1,30.8
2026-04-24T01:00:00Z,F-(807호 생산 Line),21.7,40.2
2026-04-24T01:00:00Z,G-(401호 기구창고),21.7,44.5
2026-04-24T02:00:00Z,A-(401호 회로창고 1),22.9,47.9
2026-04-24T02:00:00Z,B-(401호 회로창고 2),22.8,47.4
2026-04-24T02:00:00Z,C-(402호 수입검사),23.6,26.7
2026-04-24T02:00:00Z,D-(406호 기구창고),23.0,34.7
2026-04-24T02:00:00Z,E-(408호 OQC),23.1,30.5
2026-04-24T02:00:00Z,F-(807호 생산 Line),21.7,38.1
2026-04-24T02:00:00Z,G-(401호 기구창고),21.8,42.4
2026-04-24T03:00:00Z,A-(401호 회로창고 1),22.7,46.4
2026-04-24T03:00:00Z,B-(401호 회로창고 2),23.0,46.8
2026-04-24T03:00:00Z,C-(402호 수입검사),23.7,24.6
2026-04-24T03:00:00Z,D-(406호 기구창고),22.5,34.7
2026-04-24T03:00:00Z,E-(408호 OQC),22.5,30.1
2026-04-24T03:00:00Z,F-(807호 생산 Line),21.8,37.2
2026-04-24T03:00:00Z,G-(401호 기구창고),21.8,42.5
2026-04-24T04:00:00Z,A-(401호 회로창고 1),22.8,48.9
2026-04-24T04:00:00Z,B-(401호 회로창고 2),23.2,47.7
2026-04-24T04:00:00Z,C-(402호 수입검사),24.3,23.0
2026-04-24T04:00:00Z,D-(406호 기구창고),22.3,35.9
2026-04-24T04:00:00Z,E-(408호 OQC),22.2,31.6
2026-04-24T04:00:00Z,F-(807호 생산 Line),21.8,38.7
2026-04-24T04:00:00Z,G-(401호 기구창고),22.0,42.8
2026-04-24T05:00:00Z,A-(401호 회로창고 1),22.6,54.7
2026-04-24T05:00:00Z,B-(401호 회로창고 2),23.1,50.5
2026-04-24T05:00:00Z,C-(402호 수입검사),24.1,21.8
2026-04-24T05:00:00Z,D-(406호 기구창고),22.0,35.3
2026-04-24T05:00:00Z,E-(408호 OQC),22.8,29.8
2026-04-24T05:00:00Z,F-(807호 생산 Line),21.8,40.6
2026-04-24T05:00:00Z,G-(401호 기구창고),22.1,43.0
2026-04-24T06:00:00Z,A-(401호 회로창고 1),22.7,50.0
2026-04-24T06:00:00Z,B-(401호 회로창고 2),23.2,48.0
2026-04-24T06:00:00Z,C-(402호 수입검사),24.1,21.9
2026-04-24T06:00:00Z,D-(406호 기구창고),21.8,34.5
2026-04-24T06:00:00Z,E-(408호 OQC),23.1,30.5
2026-04-24T06:00:00Z,F-(807호 생산 Line),21.6,37.5
2026-04-24T06:00:00Z,G-(401호 기구창고),22.3,42.3
2026-04-24T07:00:00Z,A-(401호 회로창고 1),22.6,52.6
2026-04-24T07:00:00Z,B-(401호 회로창고 2),23.3,49.3
2026-04-24T07:00:00Z,C-(402호 수입검사),24.1,20.5
2026-04-24T07:00:00Z,D-(406호 기구창고),21.8,35.0
2026-04-24T07:00:00Z,E-(408호 OQC),23.2,31.9
2026-04-24T07:00:00Z,F-(807호 생산 Line),21.8,41.2
2026-04-24T07:00:00Z,G-(401호 기구창고),22.3,42.0
2026-04-24T08:00:00Z,A-(401호 회로창고 1),22.7,49.4
2026-04-24T08:00:00Z,B-(401호 회로창고 2),23.2,47.2
2026-04-24T08:00:00Z,C-(402호 수입검사),24.1,21.5
2026-04-24T08:00:00Z,D-(406호 기구창고),21.8,35.3
2026-04-24T08:00:00Z,E-(408호 OQC),23.3,32.8
2026-04-24T08:00:00Z,F-(807호 생산 Line),21.7,38.2
2026-04-24T08:00:00Z,G-(401호 기구창고),22.3,42.5
2026-04-24T09:00:00Z,A-(401호 회로창고 1),22.8,51.5
2026-04-24T09:00:00Z,B-(401호 회로창고 2),23.0,48.4
2026-04-24T10:00:00Z,A-(401호 회로창고 1),22.8,48.8
2026-04-24T10:00:00Z,B-(401호 회로창고 2),22.8,47.8
2026-04-24T11:00:00Z,A-(401호 회로창고 1),22.7,53.8
2026-04-24T11:00:00Z,B-(401호 회로창고 2),22.7,50.5
2026-04-24T12:00:00Z,A-(401호 회로창고 1),22.8,48.9
2026-04-24T12:00:00Z,B-(401호 회로창고 2),22.7,48.8
2026-04-24T13:00:00Z,A-(401호 회로창고 1),22.8,47.8
2026-04-24T13:00:00Z,B-(401호 회로창고 2),22.6,47.7
2026-04-24T14:00:00Z,A-(401호 회로창고 1),22.7,51.3
2026-04-24T14:00:00Z,B-(401호 회로창고 2),22.6,51.2
2026-04-24T15:00:00Z,A-(401호 회로창고 1),22.8,49.1
2026-04-24T15:00:00Z,B-(401호 회로창고 2),22.5,49.2
2026-04-24T16:00:00Z,A-(401호 회로창고 1),22.8,48.0
2026-04-24T16:00:00Z,B-(401호 회로창고 2),22.5,48.3
2026-04-24T17:00:00Z,A-(401호 회로창고 1),22.7,53.8
2026-04-24T17:00:00Z,B-(401호 회로창고 2),22.5,53.4
2026-04-24T18:00:00Z,A-(401호 회로창고 1),22.8,49.7
2026-04-24T18:00:00Z,B-(401호 회로창고 2),22.5,50.3
2026-04-24T19:00:00Z,A-(401호 회로창고 1),22.8,48.5
2026-04-24T19:00:00Z,B-(401호 회로창고 2),22.4,49.0
2026-04-24T20:00:00Z,A-(401호 회로창고 1),22.8,47.6
2026-04-24T20:00:00Z,B-(401호 회로창고 2),22.4,48.2
2026-04-24T21:00:00Z,A-(401호 회로창고 1),22.7,51.8
2026-04-24T21:00:00Z,B-(401호 회로창고 2),22.4,52.1
2026-04-24T22:00:00Z,B-(401호 회로창고 2),22.3,49.8
2026-04-24T23:00:00Z,A-(401호 회로창고 1),22.7,49.4
2026-04-24T23:00:00Z,B-(401호 회로창고 2),22.2,49.8
2026-04-25T00:00:00Z,A-(401호 회로창고 1),22.7,51.1
2026-04-25T00:00:00Z,B-(401호 회로창고 2),22.3,51.5
2026-04-25T01:00:00Z,A-(401호 회로창고 1),22.7,48.0
2026-04-25T01:00:00Z,B-(401호 회로창고 2),22.3,48.1
2026-04-25T02:00:00Z,A-(401호 회로창고 1),22.9,53.6
2026-04-25T02:00:00Z,B-(401호 회로창고 2),22.7,53.0
2026-04-25T03:00:00Z,A-(401호 회로창고 1),22.8,49.9
2026-04-25T03:00:00Z,B-(401호 회로창고 2),22.7,49.8
2026-04-25T04:00:00Z,A-(401호 회로창고 1),22.8,47.7
2026-04-25T04:00:00Z,B-(401호 회로창고 2),22.8,47.4
2026-04-25T05:00:00Z,A-(401호 회로창고 1),22.7,50.2
2026-04-25T05:00:00Z,B-(401호 회로창고 2),22.9,49.8
2026-04-25T06:00:00Z,A-(401호 회로창고 1),22.8,50.5
2026-04-25T06:00:00Z,B-(401호 회로창고 2),23.0,47.9
2026-04-25T07:00:00Z,A-(401호 회로창고 1),22.8,48.7
2026-04-25T07:00:00Z,B-(401호 회로창고 2),22.9,48.3
2026-04-25T08:00:00Z,A-(401호 회로창고 1),22.7,50.7
2026-04-25T08:00:00Z,B-(401호 회로창고 2),22.9,49.4
2026-04-25T09:00:00Z,A-(401호 회로창고 1),22.8,50.5
2026-04-25T09:00:00Z,B-(401호 회로창고 2),22.8,48.4
2026-04-25T10:00:00Z,A-(401호 회로창고 1),22.8,49.8
2026-04-25T10:00:00Z,B-(401호 회로창고 2),22.8,49.5
2026-04-25T11:00:00Z,A-(401호 회로창고 1),22.8,48.1
2026-04-25T11:00:00Z,B-(401호 회로창고 2),22.7,47.9
2026-04-25T12:00:00Z,A-(401호 회로창고 1),22.6,53.7
2026-04-25T12:00:00Z,B-(401호 회로창고 2),22.6,52.4
2026-04-25T13:00:00Z,A-(401호 회로창고 1),22.8,49.6
2026-04-25T13:00:00Z,B-(401호 회로창고 2),22.6,49.6
2026-04-25T14:00:00Z,A-(401호 회로창고 1),22.8,48.4
2026-04-25T14:00:00Z,B-(401호 회로창고 2),22.6,48.5
2026-04-25T15:00:00Z,A-(401호 회로창고 1),22.9,51.1
2026-04-25T15:00:00Z,B-(401호 회로창고 2),22.6,51.7
2026-04-25T16:00:00Z,A-(401호 회로창고 1),22.8,50.1
2026-04-25T16:00:00Z,B-(401호 회로창고 2),22.5,50.3
2026-04-25T17:00:00Z,A-(401호 회로창고 1),22.8,48.7
2026-04-25T17:00:00Z,B-(401호 회로창고 2),22.5,49.0
2026-04-25T18:00:00Z,A-(401호 회로창고 1),22.8,47.8
2026-04-25T18:00:00Z,B-(401호 회로창고 2),22.4,48.1
2026-04-25T19:00:00Z,A-(401호 회로창고 1),22.7,51.7
2026-04-25T19:00:00Z,B-(401호 회로창고 2),22.5,51.8
2026-04-25T20:00:00Z,A-(401호 회로창고 1),22.8,49.3
2026-04-25T20:00:00Z,B-(401호 회로창고 2),22.4,49.7
2026-04-25T21:00:00Z,A-(401호 회로창고 1),22.8,48.1
2026-04-25T21:00:00Z,B-(401호 회로창고 2),22.4,48.6
2026-04-25T22:00:00Z,A-(401호 회로창고 1),22.6,54.3
2026-04-25T22:00:00Z,B-(401호 회로창고 2),22.4,53.6
2026-04-25T23:00:00Z,A-(401호 회로창고 1),22.8,49.8
2026-04-25T23:00:00Z,B-(401호 회로창고 2),22.3,50.3
2026-04-26T00:00:00Z,A-(401호 회로창고 1),22.7,48.2
2026-04-26T00:00:00Z,B-(401호 회로창고 2),22.3,48.7
2026-04-26T01:00:00Z,A-(401호 회로창고 1),22.9,51.7
2026-04-26T01:00:00Z,B-(401호 회로창고 2),22.6,52.5
2026-04-26T02:00:00Z,A-(401호 회로창고 1),22.7,49.7
2026-04-26T02:00:00Z,B-(401호 회로창고 2),22.6,49.7
2026-04-26T03:00:00Z,A-(401호 회로창고 1),22.7,47.8
2026-04-26T03:00:00Z,B-(401호 회로창고 2),22.7,47.8
2026-04-26T04:00:00Z,A-(401호 회로창고 1),22.7,52.0
2026-04-26T04:00:00Z,B-(401호 회로창고 2),22.9,51.2
2026-04-26T05:00:00Z,A-(401호 회로창고 1),22.8,48.7
2026-04-26T05:00:00Z,B-(401호 회로창고 2),22.9,48.3
2026-04-26T06:00:00Z,A-(401호 회로창고 1),22.8,49.6
2026-04-26T06:00:00Z,B-(401호 회로창고 2),23.0,47.6
2026-04-26T07:00:00Z,A-(401호 회로창고 1),22.8,50.1
2026-04-26T07:00:00Z,B-(401호 회로창고 2),22.9,49.4
2026-04-26T08:00:00Z,A-(401호 회로창고 1),22.8,48.3
2026-04-26T08:00:00Z,B-(401호 회로창고 2),22.9,48.0
2026-04-26T09:00:00Z,A-(401호 회로창고 1),22.6,53.5
2026-04-26T09:00:00Z,B-(401호 회로창고 2),22.8,51.8
2026-04-26T10:00:00Z,A-(401호 회로창고 1),22.8,49.4
2026-04-26T10:00:00Z,B-(401호 회로창고 2),22.8,49.3
2026-04-26T11:00:00Z,A-(401호 회로창고 1),22.9,48.4
2026-04-26T11:00:00Z,B-(401호 회로창고 2),22.7,48.0
2026-04-26T12:00:00Z,A-(401호 회로창고 1),22.7,54.3
2026-04-26T12:00:00Z,B-(401호 회로창고 2),22.7,51.4
2026-04-26T13:00:00Z,A-(401호 회로창고 1),22.8,49.7
2026-04-26T13:00:00Z,B-(401호 회로창고 2),22.6,49.6
2026-04-26T14:00:00Z,A-(401호 회로창고 1),22.8,48.4
2026-04-26T14:00:00Z,B-(401호 회로창고 2),22.6,48.4
2026-04-26T15:00:00Z,A-(401호 회로창고 1),22.9,51.3
2026-04-26T15:00:00Z,B-(401호 회로창고 2),22.6,50.8
2026-04-26T16:00:00Z,A-(401호 회로창고 1),22.8,50.8
2026-04-26T16:00:00Z,B-(401호 회로창고 2),22.6,50.8
2026-04-26T17:00:00Z,A-(401호 회로창고 1),22.8,49.1
2026-04-26T17:00:00Z,B-(401호 회로창고 2),22.5,49.2
2026-04-26T18:00:00Z,A-(401호 회로창고 1),22.8,48.2
2026-04-26T18:00:00Z,B-(401호 회로창고 2),22.5,48.5
2026-04-26T19:00:00Z,A-(401호 회로창고 1),22.8,52.5
2026-04-26T19:00:00Z,B-(401호 회로창고 2),22.5,51.1
2026-04-26T20:00:00Z,A-(401호 회로창고 1),22.8,49.6
2026-04-26T20:00:00Z,B-(401호 회로창고 2),22.5,50.0
2026-04-26T21:00:00Z,A-(401호 회로창고 1),22.8,48.3
2026-04-26T21:00:00Z,B-(401호 회로창고 2),22.4,48.8
2026-04-26T22:00:00Z,A-(401호 회로창고 1),23.0,51.9
2026-04-26T22:00:00Z,B-(401호 회로창고 2),22.6,53.1
2026-04-26T23:00:00Z,A-(401호 회로창고 1),22.8,50.2
2026-04-26T23:00:00Z,B-(401호 회로창고 2),22.5,50.6
2026-04-27T00:00:00Z,A-(401호 회로창고 1),23.0,48.3
2026-04-27T00:00:00Z,B-(401호 회로창고 2),22.7,48.3
2026-04-27T00:00:00Z,C-(402호 수입검사),24.8,28.3
2026-04-27T00:00:00Z,D-(406호 기구창고),24.2,31.8
2026-04-27T00:00:00Z,E-(408호 OQC),22.8,32.0
2026-04-27T00:00:00Z,F-(807호 생산 Line),21.8,38.1
2026-04-27T00:00:00Z,G-(401호 기구창고),22.0,46.6
2026-04-27T01:00:00Z,A-(401호 회로창고 1),22.9,51.5
2026-04-27T01:00:00Z,B-(401호 회로창고 2),23.0,50.5
2026-04-27T01:00:00Z,C-(402호 수입검사),24.5,31.1
2026-04-27T01:00:00Z,D-(406호 기구창고),24.4,32.7
2026-04-27T01:00:00Z,E-(408호 OQC),22.9,32.8
2026-04-27T01:00:00Z,F-(807호 생산 Line),21.5,40.5
2026-04-27T01:00:00Z,G-(401호 기구창고),22.2,46.7
2026-04-27T02:00:00Z,A-(401호 회로창고 1),22.8,49.7
2026-04-27T02:00:00Z,B-(401호 회로창고 2),23.1,48.4
2026-04-27T02:00:00Z,C-(402호 수입검사),24.2,32.4
2026-04-27T02:00:00Z,D-(406호 기구창고),24.0,33.0
2026-04-27T02:00:00Z,E-(408호 OQC),22.9,33.7
2026-04-27T02:00:00Z,F-(807호 생산 Line),21.4,41.3
2026-04-27T02:00:00Z,G-(401호 기구창고),22.3,47.3
2026-04-27T03:00:00Z,A-(401호 회로창고 1),22.8,49.2
2026-04-27T03:00:00Z,B-(401호 회로창고 2),23.2,47.5
2026-04-27T03:00:00Z,C-(402호 수입검사),24.4,32.5
2026-04-27T03:00:00Z,D-(406호 기구창고),23.6,33.8
2026-04-27T03:00:00Z,E-(408호 OQC),22.9,34.8
2026-04-27T03:00:00Z,F-(807호 생산 Line),21.4,42.1
2026-04-27T03:00:00Z,G-(401호 기구창고),22.5,47.3
2026-04-27T04:00:00Z,A-(401호 회로창고 1),22.8,50.9
2026-04-27T04:00:00Z,B-(401호 회로창고 2),23.2,48.6
2026-04-27T04:00:00Z,C-(402호 수입검사),24.0,31.6
2026-04-27T04:00:00Z,D-(406호 기구창고),23.2,33.7
2026-04-27T04:00:00Z,E-(408호 OQC),22.9,34.8
2026-04-27T04:00:00Z,F-(807호 생산 Line),21.8,40.8
2026-04-27T04:00:00Z,G-(401호 기구창고),22.5,46.9
2026-04-27T05:00:00Z,A-(401호 회로창고 1),22.6,49.5
2026-04-27T05:00:00Z,B-(401호 회로창고 2),23.1,47.0
2026-04-27T05:00:00Z,C-(402호 수입검사),24.0,31.3
2026-04-27T05:00:00Z,D-(406호 기구창고),23.0,34.4
2026-04-27T05:00:00Z,E-(408호 OQC),23.0,35.4
2026-04-27T05:00:00Z,F-(807호 생산 Line),21.5,41.9
2026-04-27T05:00:00Z,G-(401호 기구창고),22.6,46.6
2026-04-27T06:00:00Z,A-(401호 회로창고 1),22.5,52.9
2026-04-27T06:00:00Z,B-(401호 회로창고 2),23.1,50.0
2026-04-27T06:00:00Z,C-(402호 수입검사),24.0,27.4
2026-04-27T06:00:00Z,D-(406호 기구창고),22.8,34.6
2026-04-27T06:00:00Z,E-(408호 OQC),22.8,31.5
2026-04-27T06:00:00Z,F-(807호 생산 Line),21.7,41.2
2026-04-27T06:00:00Z,G-(401호 기구창고),22.6,46.4
2026-04-27T07:00:00Z,A-(401호 회로창고 1),22.8,49.0
2026-04-27T07:00:00Z,B-(401호 회로창고 2),23.2,46.5
2026-04-27T07:00:00Z,C-(402호 수입검사),23.9,27.9
2026-04-27T07:00:00Z,D-(406호 기구창고),22.6,34.4
2026-04-27T07:00:00Z,E-(408호 OQC),22.4,32.8
2026-04-27T07:00:00Z,F-(807호 생산 Line),21.6,41.0
2026-04-27T07:00:00Z,G-(401호 기구창고),22.5,45.6
2026-04-27T08:00:00Z,A-(401호 회로창고 1),22.8,50.4
2026-04-27T08:00:00Z,B-(401호 회로창고 2),23.2,49.2
2026-04-27T08:00:00Z,C-(402호 수입검사),24.0,28.8
2026-04-27T08:00:00Z,D-(406호 기구창고),22.6,35.2
2026-04-27T08:00:00Z,E-(408호 OQC),22.5,33.3
2026-04-27T08:00:00Z,F-(807호 생산 Line),21.5,41.7
2026-04-27T08:00:00Z,G-(401호 기구창고),22.2,42.1
2026-04-27T09:00:00Z,A-(401호 회로창고 1),22.8,48.8
2026-04-27T09:00:00Z,B-(401호 회로창고 2),22.9,47.9
2026-04-27T10:00:00Z,A-(401호 회로창고 1),22.6,51.7
2026-04-27T10:00:00Z,B-(401호 회로창고 2),22.6,50.5
2026-04-27T11:00:00Z,A-(401호 회로창고 1),22.8,48.9
2026-04-27T11:00:00Z,B-(401호 회로창고 2),22.6,48.7
2026-04-27T12:00:00Z,A-(401호 회로창고 1),22.7,52.1
2026-04-27T12:00:00Z,B-(401호 회로창고 2),22.6,50.3
2026-04-27T13:00:00Z,A-(401호 회로창고 1),22.8,49.7
2026-04-27T13:00:00Z,B-(401호 회로창고 2),22.6,49.6
2026-04-27T14:00:00Z,A-(401호 회로창고 1),22.8,48.5
2026-04-27T14:00:00Z,B-(401호 회로창고 2),22.5,48.6
2026-04-27T15:00:00Z,A-(401호 회로창고 1),22.6,52.4
2026-04-27T15:00:00Z,B-(401호 회로창고 2),22.5,52.0
2026-04-27T16:00:00Z,A-(401호 회로창고 1),22.8,49.3
2026-04-27T16:00:00Z,B-(401호 회로창고 2),22.5,49.6
2026-04-27T17:00:00Z,A-(401호 회로창고 1),22.8,48.2
2026-04-27T17:00:00Z,B-(401호 회로창고 2),22.4,48.2
2026-04-27T18:00:00Z,A-(401호 회로창고 1),22.7,50.3
2026-04-27T18:00:00Z,B-(401호 회로창고 2),22.4,50.6
2026-04-27T19:00:00Z,A-(401호 회로창고 1),22.7,48.5
2026-04-27T19:00:00Z,B-(401호 회로창고 2),22.3,49.0
2026-04-27T20:00:00Z,A-(401호 회로창고 1),22.9,52.5
2026-04-27T20:00:00Z,B-(401호 회로창고 2),22.5,53.2
2026-04-27T21:00:00Z,A-(401호 회로창고 1),22.7,50.4
2026-04-27T21:00:00Z,B-(401호 회로창고 2),22.3,50.9
2026-04-27T22:00:00Z,A-(401호 회로창고 1),22.7,49.1
2026-04-27T22:00:00Z,B-(401호 회로창고 2),22.3,49.7
2026-04-27T23:00:00Z,A-(401호 회로창고 1),22.7,48.1
2026-04-27T23:00:00Z,B-(401호 회로창고 2),22.3,48.8
2026-04-28T00:00:00Z,A-(401호 회로창고 1),22.8,51.8
2026-04-28T00:00:00Z,B-(401호 회로창고 2),22.4,52.2
2026-04-28T00:00:00Z,C-(402호 수입검사),24.9,34.1
2026-04-28T00:00:00Z,D-(406호 기구창고),23.8,35.8
2026-04-28T00:00:00Z,E-(408호 OQC),22.4,43.4
2026-04-28T00:00:00Z,F-(807호 생산 Line),21.8,43.2
2026-04-28T00:00:00Z,G-(401호 기구창고),22.1,47.1
2026-04-28T01:00:00Z,A-(401호 회로창고 1),22.8,49.5
2026-04-28T01:00:00Z,B-(401호 회로창고 2),22.6,49.3
2026-04-28T01:00:00Z,C-(402호 수입검사),24.1,35.2
2026-04-28T01:00:00Z,D-(406호 기구창고),23.6,36.0
2026-04-28T01:00:00Z,E-(408호 OQC),22.6,43.4
2026-04-28T01:00:00Z,F-(807호 생산 Line),21.6,45.4
2026-04-28T01:00:00Z,G-(401호 기구창고),22.1,47.2
2026-04-28T02:00:00Z,A-(401호 회로창고 1),22.9,47.6
2026-04-28T02:00:00Z,B-(401호 회로창고 2),22.7,48.0
2026-04-28T02:00:00Z,C-(402호 수입검사),23.7,36.2
2026-04-28T02:00:00Z,D-(406호 기구창고),22.9,36.8
2026-04-28T02:00:00Z,E-(408호 OQC),22.6,43.3
2026-04-28T02:00:00Z,F-(807호 생산 Line),21.8,44.8
2026-04-28T02:00:00Z,G-(401호 기구창고),22.2,47.2
2026-04-28T03:00:00Z,A-(401호 회로창고 1),22.8,51.4
2026-04-28T03:00:00Z,B-(401호 회로창고 2),22.8,50.7
2026-04-28T03:00:00Z,C-(402호 수입검사),23.5,36.3
2026-04-28T03:00:00Z,D-(406호 기구창고),22.5,37.3
2026-04-28T03:00:00Z,E-(408호 OQC),22.4,44.3
2026-04-28T03:00:00Z,F-(807호 생산 Line),20.4,45.0
2026-04-28T03:00:00Z,G-(401호 기구창고),22.2,47.4
2026-04-28T04:00:00Z,A-(401호 회로창고 1),22.6,49.9
2026-04-28T04:00:00Z,B-(401호 회로창고 2),22.8,48.5
2026-04-28T04:00:00Z,C-(402호 수입검사),24.9,33.1
2026-04-28T04:00:00Z,D-(406호 기구창고),22.3,37.2
2026-04-28T04:00:00Z,E-(408호 OQC),22.2,42.9
2026-04-28T04:00:00Z,F-(807호 생산 Line),20.2,44.3
2026-04-28T04:00:00Z,G-(401호 기구창고),22.2,47.3
2026-04-28T05:00:00Z,A-(401호 회로창고 1),22.7,49.2
2026-04-28T05:00:00Z,B-(401호 회로창고 2),22.7,48.3
2026-04-28T05:00:00Z,C-(402호 수입검사),24.1,34.3
2026-04-28T05:00:00Z,D-(406호 기구창고),22.3,37.7
2026-04-28T05:00:00Z,E-(408호 OQC),22.5,42.5
2026-04-28T05:00:00Z,F-(807호 생산 Line),20.2,45.6
2026-04-28T05:00:00Z,G-(401호 기구창고),22.3,47.0
2026-04-28T06:00:00Z,A-(401호 회로창고 1),22.6,51.6
2026-04-28T06:00:00Z,B-(401호 회로창고 2),22.8,50.1
2026-04-28T06:00:00Z,C-(402호 수입검사),23.8,34.1
2026-04-28T06:00:00Z,D-(406호 기구창고),22.3,38.2
2026-04-28T06:00:00Z,E-(408호 OQC),22.6,41.1
2026-04-28T06:00:00Z,F-(807호 생산 Line),20.3,45.6
2026-04-28T06:00:00Z,G-(401호 기구창고),22.3,47.0
2026-04-28T07:00:00Z,A-(401호 회로창고 1),22.8,49.4
2026-04-28T07:00:00Z,B-(401호 회로창고 2),22.9,48.0
2026-04-28T07:00:00Z,C-(402호 수입검사),23.6,34.0
2026-04-28T07:00:00Z,D-(406호 기구창고),22.2,38.0
2026-04-28T07:00:00Z,E-(408호 OQC),22.3,40.3
2026-04-28T07:00:00Z,F-(807호 생산 Line),20.3,45.4
2026-04-28T07:00:00Z,G-(401호 기구창고),22.3,47.4
2026-04-28T08:00:00Z,A-(401호 회로창고 1),22.7,52.3
2026-04-28T08:00:00Z,B-(401호 회로창고 2),22.9,50.6
2026-04-28T08:00:00Z,C-(402호 수입검사),23.6,34.2
2026-04-28T08:00:00Z,D-(406호 기구창고),22.2,39.1
2026-04-28T08:00:00Z,E-(408호 OQC),22.5,40.3
2026-04-28T08:00:00Z,F-(807호 생산 Line),20.3,45.5
2026-04-28T08:00:00Z,G-(401호 기구창고),22.3,47.1
2026-04-28T09:00:00Z,A-(401호 회로창고 1),22.8,49.2
2026-04-28T09:00:00Z,B-(401호 회로창고 2),22.7,48.6
2026-04-28T10:00:00Z,A-(401호 회로창고 1),22.8,50.7
2026-04-28T10:00:00Z,B-(401호 회로창고 2),22.5,49.9
2026-04-28T11:00:00Z,A-(401호 회로창고 1),22.7,50.1
2026-04-28T11:00:00Z,B-(401호 회로창고 2),22.4,50.3
2026-04-28T12:00:00Z,A-(401호 회로창고 1),22.8,48.6
2026-04-28T12:00:00Z,B-(401호 회로창고 2),22.4,49.0
2026-04-28T13:00:00Z,A-(401호 회로창고 1),22.9,52.5
2026-04-28T13:00:00Z,B-(401호 회로창고 2),22.5,52.5
2026-04-28T14:00:00Z,A-(401호 회로창고 1),22.7,50.5
2026-04-28T14:00:00Z,B-(401호 회로창고 2),22.4,50.9
2026-04-28T15:00:00Z,A-(401호 회로창고 1),22.7,49.2
2026-04-28T15:00:00Z,B-(401호 회로창고 2),22.3,49.7
2026-04-28T16:00:00Z,A-(401호 회로창고 1),22.7,48.3
2026-04-28T16:00:00Z,B-(401호 회로창고 2),22.3,48.9
2026-04-28T17:00:00Z,A-(401호 회로창고 1),22.6,53.6
2026-04-28T17:00:00Z,B-(401호 회로창고 2),22.3,53.8
2026-04-28T18:00:00Z,A-(401호 회로창고 1),22.7,50.3
2026-04-28T18:00:00Z,B-(401호 회로창고 2),22.3,51.0
2026-04-28T19:00:00Z,A-(401호 회로창고 1),22.7,49.2
2026-04-28T19:00:00Z,B-(401호 회로창고 2),22.2,49.9
2026-04-28T20:00:00Z,A-(401호 회로창고 1),22.7,48.3
2026-04-28T20:00:00Z,B-(401호 회로창고 2),22.2,49.2
2026-04-28T21:00:00Z,A-(401호 회로창고 1),22.9,53.7
2026-04-28T21:00:00Z,B-(401호 회로창고 2),22.4,54.5
2026-04-28T22:00:00Z,A-(401호 회로창고 1),22.7,51.8
2026-04-28T22:00:00Z,B-(401호 회로창고 2),22.2,52.5
2026-04-28T23:00:00Z,A-(401호 회로창고 1),22.7,50.1
2026-04-28T23:00:00Z,B-(401호 회로창고 2),22.2,50.9
2026-04-29T00:00:00Z,A-(401호 회로창고 1),22.7,49.2
2026-04-29T00:00:00Z,B-(401호 회로창고 2),22.3,49.6
2026-04-29T00:00:00Z,C-(402호 수입검사),24.9,33.1
2026-04-29T00:00:00Z,D-(406호 기구창고),24.5,35.7
2026-04-29T00:00:00Z,E-(408호 OQC),22.4,40.1
2026-04-29T00:00:00Z,F-(807호 생산 Line),21.2,43.9
2026-04-29T00:00:00Z,G-(401호 기구창고),21.8,47.8
2026-04-29T01:00:00Z,A-(401호 회로창고 1),22.8,47.6
2026-04-29T01:00:00Z,B-(401호 회로창고 2),22.6,48.0
2026-04-29T01:00:00Z,C-(402호 수입검사),25.2,32.6
2026-04-29T01:00:00Z,D-(406호 기구창고),24.0,36.1
2026-04-29T01:00:00Z,E-(408호 OQC),22.4,39.5
2026-04-29T01:00:00Z,F-(807호 생산 Line),21.6,45.0
2026-04-29T01:00:00Z,G-(401호 기구창고),22.0,47.3
2026-04-29T02:00:00Z,A-(401호 회로창고 1),22.6,53.7
2026-04-29T02:00:00Z,B-(401호 회로창고 2),22.6,52.5
2026-04-29T02:00:00Z,C-(402호 수입검사),24.7,31.7
2026-04-29T02:00:00Z,D-(406호 기구창고),23.5,36.1
2026-04-29T02:00:00Z,E-(408호 OQC),22.2,38.6
2026-04-29T02:00:00Z,F-(807호 생산 Line),21.8,44.6
2026-04-29T02:00:00Z,G-(401호 기구창고),21.9,45.4
2026-04-29T03:00:00Z,A-(401호 회로창고 1),22.8,49.9
2026-04-29T03:00:00Z,B-(401호 회로창고 2),22.9,49.0
2026-04-29T03:00:00Z,C-(402호 수입검사),24.3,31.1
2026-04-29T03:00:00Z,D-(406호 기구창고),23.1,36.1
2026-04-29T03:00:00Z,E-(408호 OQC),22.3,38.0
2026-04-29T03:00:00Z,F-(807호 생산 Line),21.8,44.9
2026-04-29T03:00:00Z,G-(401호 기구창고),22.1,46.3
2026-04-29T04:00:00Z,A-(401호 회로창고 1),22.9,48.8
2026-04-29T04:00:00Z,B-(401호 회로창고 2),23.1,47.9
2026-04-29T04:00:00Z,C-(402호 수입검사),24.7,29.5
2026-04-29T04:00:00Z,D-(406호 기구창고),23.0,36.6
2026-04-29T04:00:00Z,E-(408호 OQC),21.9,40.3
2026-04-29T04:00:00Z,F-(807호 생산 Line),21.7,42.4
2026-04-29T04:00:00Z,G-(401호 기구창고),22.2,46.5
2026-04-29T05:00:00Z,A-(401호 회로창고 1),22.8,54.2
2026-04-29T05:00:00Z,B-(401호 회로창고 2),23.1,51.4
2026-04-29T05:00:00Z,C-(402호 수입검사),24.3,29.6
2026-04-29T05:00:00Z,D-(406호 기구창고),22.9,37.0
2026-04-29T05:00:00Z,E-(408호 OQC),22.5,40.1
2026-04-29T05:00:00Z,F-(807호 생산 Line),21.8,42.2
2026-04-29T05:00:00Z,G-(401호 기구창고),22.2,46.5
2026-04-29T06:00:00Z,A-(401호 회로창고 1),22.6,50.7
2026-04-29T06:00:00Z,B-(401호 회로창고 2),23.1,48.8
2026-04-29T06:00:00Z,C-(402호 수입검사),24.2,29.5
2026-04-29T06:00:00Z,D-(406호 기구창고),22.7,36.5
2026-04-29T06:00:00Z,E-(408호 OQC),22.6,41.0
2026-04-29T06:00:00Z,F-(807호 생산 Line),21.4,45.0
2026-04-29T06:00:00Z,G-(401호 기구창고),22.3,44.7
2026-04-29T07:00:00Z,A-(401호 회로창고 1),21.8,53.4
2026-04-29T07:00:00Z,B-(401호 회로창고 2),22.8,52.5
2026-04-29T07:00:00Z,C-(402호 수입검사),24.0,27.4
2026-04-29T07:00:00Z,D-(406호 기구창고),22.8,36.8
2026-04-29T07:00:00Z,E-(408호 OQC),22.7,40.9
2026-04-29T07:00:00Z,F-(807호 생산 Line),21.7,44.0
2026-04-29T07:00:00Z,G-(401호 기구창고),22.1,41.5
2026-04-29T08:00:00Z,A-(401호 회로창고 1),21.8,51.2
2026-04-29T08:00:00Z,B-(401호 회로창고 2),22.6,48.3
2026-04-29T08:00:00Z,C-(402호 수입검사),24.0,27.3
2026-04-29T08:00:00Z,D-(406호 기구창고),22.4,35.5
2026-04-29T08:00:00Z,E-(408호 OQC),22.7,40.5
2026-04-29T08:00:00Z,F-(807호 생산 Line),21.5,45.8
2026-04-29T08:00:00Z,G-(401호 기구창고),21.5,38.2
2026-04-29T09:00:00Z,A-(401호 회로창고 1),22.5,48.4
2026-04-29T09:00:00Z,B-(401호 회로창고 2),22.6,47.7
2026-04-29T10:00:00Z,A-(401호 회로창고 1),22.6,52.5
2026-04-29T10:00:00Z,B-(401호 회로창고 2),22.6,51.7
2026-04-29T11:00:00Z,A-(401호 회로창고 1),22.6,48.9
2026-04-29T11:00:00Z,B-(401호 회로창고 2),22.5,48.7
2026-04-29T12:00:00Z,A-(401호 회로창고 1),22.8,53.1
2026-04-29T12:00:00Z,B-(401호 회로창고 2),22.6,52.9
2026-04-29T13:00:00Z,A-(401호 회로창고 1),22.7,49.8
2026-04-29T13:00:00Z,B-(401호 회로창고 2),22.5,49.9
2026-04-29T14:00:00Z,A-(401호 회로창고 1),22.7,48.4
2026-04-29T14:00:00Z,B-(401호 회로창고 2),22.4,48.6
2026-04-29T15:00:00Z,A-(401호 회로창고 1),22.7,54.4
2026-04-29T15:00:00Z,B-(401호 회로창고 2),22.5,53.0
2026-04-29T16:00:00Z,A-(401호 회로창고 1),22.7,50.2
2026-04-29T16:00:00Z,B-(401호 회로창고 2),22.5,50.4
2026-04-29T17:00:00Z,A-(401호 회로창고 1),22.7,48.7
2026-04-29T17:00:00Z,B-(401호 회로창고 2),22.4,49.2
2026-04-29T18:00:00Z,A-(401호 회로창고 1),22.7,50.7
2026-04-29T18:00:00Z,B-(401호 회로창고 2),22.4,50.5
2026-04-29T19:00:00Z,A-(401호 회로창고 1),22.7,51.4
2026-04-29T19:00:00Z,B-(401호 회로창고 2),22.4,51.7
2026-04-29T20:00:00Z,A-(401호 회로창고 1),22.7,49.5
2026-04-29T20:00:00Z,B-(401호 회로창고 2),22.4,49.8
2026-04-29T21:00:00Z,A-(401호 회로창고 1),22.6,48.4
2026-04-29T21:00:00Z,B-(401호 회로창고 2),22.3,48.7
2026-04-29T22:00:00Z,A-(401호 회로창고 1),22.9,52.7
2026-04-29T22:00:00Z,B-(401호 회로창고 2),22.5,54.3
2026-04-29T23:00:00Z,A-(401호 회로창고 1),22.7,50.7
2026-04-29T23:00:00Z,B-(401호 회로창고 2),22.3,51.2
2026-04-30T00:00:00Z,A-(401호 회로창고 1),22.8,48.4
2026-04-30T00:00:00Z,B-(401호 회로창고 2),22.5,48.9
2026-04-30T00:00:00Z,C-(402호 수입검사),24.8,30.0
2026-04-30T00:00:00Z,D-(406호 기구창고),24.5,34.6
2026-04-30T00:00:00Z,E-(408호 OQC),22.7,36.6
2026-04-30T00:00:00Z,F-(807호 생산 Line),21.3,41.2
2026-04-30T00:00:00Z,G-(401호 기구창고),21.7,41.6
2026-04-30T01:00:00Z,A-(401호 회로창고 1),22.8,53.3
2026-04-30T01:00:00Z,B-(401호 회로창고 2),22.8,52.9
2026-04-30T01:00:00Z,C-(402호 수입검사),25.2,29.5
2026-04-30T01:00:00Z,D-(406호 기구창고),24.1,35.2
2026-04-30T01:00:00Z,E-(408호 OQC),22.5,36.1
2026-04-30T01:00:00Z,F-(807호 생산 Line),21.7,42.1
2026-04-30T01:00:00Z,G-(401호 기구창고),21.9,43.0
2026-04-30T02:00:00Z,A-(401호 회로창고 1),22.7,50.7
2026-04-30T02:00:00Z,B-(401호 회로창고 2),22.9,49.6
2026-04-30T02:00:00Z,C-(402호 수입검사),25.5,29.0
2026-04-30T02:00:00Z,D-(406호 기구창고),23.7,35.3
2026-04-30T02:00:00Z,E-(408호 OQC),22.4,35.9
2026-04-30T02:00:00Z,F-(807호 생산 Line),21.5,43.1
2026-04-30T02:00:00Z,G-(401호 기구창고),22.1,45.0
2026-04-30T03:00:00Z,A-(401호 회로창고 1),22.5,49.5
2026-04-30T03:00:00Z,B-(401호 회로창고 2),23.0,48.0
2026-04-30T03:00:00Z,C-(402호 수입검사),24.9,27.8
2026-04-30T03:00:00Z,D-(406호 기구창고),23.2,35.4
2026-04-30T03:00:00Z,E-(408호 OQC),22.6,37.1
2026-04-30T03:00:00Z,F-(807호 생산 Line),21.6,43.3
2026-04-30T03:00:00Z,G-(401호 기구창고),22.3,46.1
2026-04-30T04:00:00Z,A-(401호 회로창고 1),22.8,48.2
2026-04-30T04:00:00Z,B-(401호 회로창고 2),23.2,46.8
2026-04-30T04:00:00Z,C-(402호 수입검사),24.5,27.6
2026-04-30T04:00:00Z,D-(406호 기구창고),22.8,34.9
2026-04-30T04:00:00Z,E-(408호 OQC),22.6,36.0
2026-04-30T04:00:00Z,F-(807호 생산 Line),21.7,39.4
2026-04-30T04:00:00Z,G-(401호 기구창고),22.3,45.4
2026-04-30T05:00:00Z,A-(401호 회로창고 1),22.7,51.2
2026-04-30T05:00:00Z,B-(401호 회로창고 2),23.1,49.7
2026-04-30T05:00:00Z,C-(402호 수입검사),24.5,27.2
2026-04-30T05:00:00Z,D-(406호 기구창고),22.7,35.5
2026-04-30T05:00:00Z,E-(408호 OQC),22.7,35.3
2026-04-30T05:00:00Z,F-(807호 생산 Line),21.8,40.0
2026-04-30T05:00:00Z,G-(401호 기구창고),22.4,45.5
2026-04-30T06:00:00Z,A-(401호 회로창고 1),22.5,49.7
2026-04-30T06:00:00Z,B-(401호 회로창고 2),23.2,47.2
2026-04-30T06:00:00Z,C-(402호 수입검사),24.5,26.5
2026-04-30T06:00:00Z,D-(406호 기구창고),22.7,36.0
2026-04-30T06:00:00Z,E-(408호 OQC),22.3,36.3
2026-04-30T06:00:00Z,F-(807호 생산 Line),21.6,41.6
2026-04-30T06:00:00Z,G-(401호 기구창고),22.5,45.5
2026-04-30T07:00:00Z,A-(401호 회로창고 1),22.6,51.5
2026-04-30T07:00:00Z,B-(401호 회로창고 2),23.2,48.9
2026-04-30T07:00:00Z,C-(402호 수입검사),24.3,26.6
2026-04-30T07:00:00Z,D-(406호 기구창고),22.5,36.1
2026-04-30T07:00:00Z,E-(408호 OQC),22.0,38.4
2026-04-30T07:00:00Z,F-(807호 생산 Line),21.5,42.3
2026-04-30T07:00:00Z,G-(401호 기구창고),22.5,44.8
2026-04-30T08:00:00Z,A-(401호 회로창고 1),22.6,49.2
2026-04-30T08:00:00Z,B-(401호 회로창고 2),23.1,46.6
2026-04-30T08:00:00Z,C-(402호 수입검사),24.3,27.1
2026-04-30T08:00:00Z,D-(406호 기구창고),22.6,36.8
2026-04-30T08:00:00Z,E-(408호 OQC),22.2,38.9
2026-04-30T08:00:00Z,F-(807호 생산 Line),21.5,43.1
2026-04-30T08:00:00Z,G-(401호 기구창고),22.5,43.9
2026-04-30T09:00:00Z,A-(401호 회로창고 1),22.6,51.4
2026-04-30T09:00:00Z,B-(401호 회로창고 2),22.9,49.7
2026-04-30T10:00:00Z,A-(401호 회로창고 1),22.7,48.3
2026-04-30T10:00:00Z,B-(401호 회로창고 2),22.8,47.5
2026-04-30T11:00:00Z,A-(401호 회로창고 1),22.7,50.6
2026-04-30T11:00:00Z,B-(401호 회로창고 2),22.7,49.7
2026-04-30T12:00:00Z,A-(401호 회로창고 1),22.8,48.4
2026-04-30T12:00:00Z,B-(401호 회로창고 2),22.7,47.9
2026-04-30T13:00:00Z,A-(401호 회로창고 1),22.7,51.0
2026-04-30T13:00:00Z,B-(401호 회로창고 2),22.7,50.6
2026-04-30T14:00:00Z,A-(401호 회로창고 1),22.8,48.7
2026-04-30T14:00:00Z,B-(401호 회로창고 2),22.7,48.5
2026-04-30T15:00:00Z,A-(401호 회로창고 1),22.7,51.5
2026-04-30T15:00:00Z,B-(401호 회로창고 2),22.7,50.5
2026-04-30T16:00:00Z,A-(401호 회로창고 1),22.8,49.5
2026-04-30T16:00:00Z,B-(401호 회로창고 2),22.7,49.3
2026-04-30T17:00:00Z,A-(401호 회로창고 1),22.8,48.2
2026-04-30T17:00:00Z,B-(401호 회로창고 2),22.6,47.9
2026-04-30T18:00:00Z,A-(401호 회로창고 1),22.7,50.4
2026-04-30T18:00:00Z,B-(401호 회로창고 2),22.6,50.0
2026-04-30T19:00:00Z,A-(401호 회로창고 1),22.7,48.4
2026-04-30T19:00:00Z,B-(401호 회로창고 2),22.5,48.0
2026-04-30T20:00:00Z,A-(401호 회로창고 1),22.7,50.4
2026-04-30T20:00:00Z,B-(401호 회로창고 2),22.5,50.4
2026-04-30T21:00:00Z,A-(401호 회로창고 1),22.7,48.2
2026-04-30T21:00:00Z,B-(401호 회로창고 2),22.5,48.2
2026-04-30T22:00:00Z,A-(401호 회로창고 1),22.7,51.5
2026-04-30T22:00:00Z,B-(401호 회로창고 2),22.5,51.5
2026-04-30T23:00:00Z,A-(401호 회로창고 1),22.7,49.0
2026-04-30T23:00:00Z,B-(401호 회로창고 2),22.5,49.1
2026-05-01T00:00:00Z,A-(401호 회로창고 1),22.7,50.1
2026-05-01T00:00:00Z,B-(401호 회로창고 2),22.5,50.3
2026-05-01T00:00:00Z,C-(402호 수입검사),22.7,29.8
2026-05-01T00:00:00Z,D-(406호 기구창고),23.1,33.6
2026-05-01T00:00:00Z,E-(408호 OQC),22.4,35.1
2026-05-01T00:00:00Z,F-(807호 생산 Line),23.0,35.2
2026-05-01T00:00:00Z,G-(401호 기구창고),21.6,44.9
2026-05-01T01:00:00Z,A-(401호 회로창고 1),22.7,50.8
2026-05-01T01:00:00Z,B-(401호 회로창고 2),22.6,50.6
2026-05-01T01:00:00Z,C-(402호 수입검사),22.7,29.9
2026-05-01T01:00:00Z,D-(406호 기구창고),24.4,32.2
2026-05-01T01:00:00Z,E-(408호 OQC),22.7,33.9
2026-05-01T01:00:00Z,F-(807호 생산 Line),23.0,34.9
2026-05-01T01:00:00Z,G-(401호 기구창고),21.6,45.5
2026-05-01T02:00:00Z,A-(401호 회로창고 1),22.7,48.8
2026-05-01T02:00:00Z,B-(401호 회로창고 2),22.6,48.5
2026-05-01T02:00:00Z,C-(402호 수입검사),22.8,29.8
2026-05-01T02:00:00Z,D-(406호 기구창고),24.7,31.6
2026-05-01T02:00:00Z,E-(408호 OQC),22.9,33.3
2026-05-01T02:00:00Z,F-(807호 생산 Line),23.0,34.8
2026-05-01T02:00:00Z,G-(401호 기구창고),21.6,45.2
2026-05-01T03:00:00Z,A-(401호 회로창고 1),22.6,52.1
2026-05-01T03:00:00Z,B-(401호 회로창고 2),22.8,50.6
2026-05-01T03:00:00Z,C-(402호 수입검사),22.9,29.8
2026-05-01T03:00:00Z,D-(406호 기구창고),24.4,31.8
2026-05-01T03:00:00Z,E-(408호 OQC),23.0,33.2
2026-05-01T03:00:00Z,F-(807호 생산 Line),23.0,34.1
2026-05-01T03:00:00Z,G-(401호 기구창고),21.7,45.9
2026-05-01T04:00:00Z,A-(401호 회로창고 1),22.7,49.3
2026-05-01T04:00:00Z,B-(401호 회로창고 2),22.8,48.5
2026-05-01T04:00:00Z,C-(402호 수입검사),23.0,29.9
2026-05-01T04:00:00Z,D-(406호 기구창고),24.1,32.2
2026-05-01T04:00:00Z,E-(408호 OQC),22.9,33.4
2026-05-01T04:00:00Z,F-(807호 생산 Line),23.1,34.2
2026-05-01T04:00:00Z,G-(401호 기구창고),21.8,47.0
2026-05-01T05:00:00Z,A-(401호 회로창고 1),22.8,50.5
2026-05-01T05:00:00Z,B-(401호 회로창고 2),22.9,49.9
2026-05-01T05:00:00Z,C-(402호 수입검사),23.2,30.1
2026-05-01T05:00:00Z,D-(406호 기구창고),23.9,32.5
2026-05-01T05:00:00Z,E-(408호 OQC),22.9,33.9
2026-05-01T05:00:00Z,F-(807호 생산 Line),23.1,34.4
2026-05-01T05:00:00Z,G-(401호 기구창고),21.9,47.6
2026-05-01T06:00:00Z,A-(401호 회로창고 1),22.7,48.8
2026-05-01T06:00:00Z,B-(401호 회로창고 2),22.9,47.7
2026-05-01T06:00:00Z,C-(402호 수입검사),23.2,30.4
2026-05-01T06:00:00Z,D-(406호 기구창고),23.7,32.9
2026-05-01T06:00:00Z,E-(408호 OQC),22.8,34.5
2026-05-01T06:00:00Z,F-(807호 생산 Line),23.1,34.1
2026-05-01T06:00:00Z,G-(401호 기구창고),22.0,46.5
2026-05-01T07:00:00Z,A-(401호 회로창고 1),22.7,51.0
2026-05-01T07:00:00Z,B-(401호 회로창고 2),22.8,49.9
2026-05-01T07:00:00Z,C-(402호 수입검사),23.2,30.7
2026-05-01T07:00:00Z,D-(406호 기구창고),23.6,33.1
2026-05-01T07:00:00Z,E-(408호 OQC),22.8,34.9
2026-05-01T07:00:00Z,F-(807호 생산 Line),23.1,34.1
2026-05-01T07:00:00Z,G-(401호 기구창고),22.0,47.2
2026-05-01T08:00:00Z,A-(401호 회로창고 1),22.8,48.5
2026-05-01T08:00:00Z,B-(401호 회로창고 2),22.8,47.6
2026-05-01T08:00:00Z,C-(402호 수입검사),23.2,31.2
2026-05-01T08:00:00Z,D-(406호 기구창고),23.5,33.3
2026-05-01T08:00:00Z,E-(408호 OQC),22.8,35.2
2026-05-01T08:00:00Z,F-(807호 생산 Line),23.1,34.1
2026-05-01T08:00:00Z,G-(401호 기구창고),22.0,47.0
2026-05-01T09:00:00Z,A-(401호 회로창고 1),22.7,50.4
2026-05-01T09:00:00Z,B-(401호 회로창고 2),22.8,49.3
2026-05-01T10:00:00Z,A-(401호 회로창고 1),22.8,48.3
2026-05-01T10:00:00Z,B-(401호 회로창고 2),22.7,47.6
2026-05-01T11:00:00Z,A-(401호 회로창고 1),22.7,49.8
2026-05-01T11:00:00Z,B-(401호 회로창고 2),22.7,49.2
2026-05-01T12:00:00Z,A-(401호 회로창고 1),22.8,49.9
2026-05-01T12:00:00Z,B-(401호 회로창고 2),22.6,49.5
2026-05-01T13:00:00Z,A-(401호 회로창고 1),22.7,50.1
2026-05-01T13:00:00Z,B-(401호 회로창고 2),22.6,49.7
2026-05-01T14:00:00Z,A-(401호 회로창고 1),22.8,48.8
2026-05-01T14:00:00Z,B-(401호 회로창고 2),22.6,48.6
2026-05-01T15:00:00Z,A-(401호 회로창고 1),22.8,50.8
2026-05-01T15:00:00Z,B-(401호 회로창고 2),22.6,50.8
2026-05-01T16:00:00Z,A-(401호 회로창고 1),22.7,50.2
2026-05-01T16:00:00Z,B-(401호 회로창고 2),22.6,50.1
2026-05-01T17:00:00Z,A-(401호 회로창고 1),22.8,49.0
2026-05-01T17:00:00Z,B-(401호 회로창고 2),22.6,48.9
2026-05-01T18:00:00Z,A-(401호 회로창고 1),22.8,48.8
2026-05-01T18:00:00Z,B-(401호 회로창고 2),22.5,49.0
2026-05-01T19:00:00Z,A-(401호 회로창고 1),22.7,50.5
2026-05-01T19:00:00Z,B-(401호 회로창고 2),22.5,50.4
2026-05-01T20:00:00Z,A-(401호 회로창고 1),22.7,49.2
2026-05-01T20:00:00Z,B-(401호 회로창고 2),22.5,49.3
2026-05-01T21:00:00Z,A-(401호 회로창고 1),22.8,48.3
2026-05-01T21:00:00Z,B-(401호 회로창고 2),22.5,48.4
2026-05-01T22:00:00Z,A-(401호 회로창고 1),22.7,51.8
2026-05-01T22:00:00Z,B-(401호 회로창고 2),22.5,51.7
2026-05-01T23:00:00Z,A-(401호 회로창고 1),22.7,49.3
2026-05-01T23:00:00Z,B-(401호 회로창고 2),22.4,49.4
2026-05-02T00:00:00Z,A-(401호 회로창고 1),22.7,48.5
2026-05-02T00:00:00Z,B-(401호 회로창고 2),22.5,48.5
2026-05-02T01:00:00Z,A-(401호 회로창고 1),22.6,52.3
2026-05-02T01:00:00Z,B-(401호 회로창고 2),22.5,52.1
2026-05-02T02:00:00Z,A-(401호 회로창고 1),22.7,49.9
2026-05-02T02:00:00Z,B-(401호 회로창고 2),22.6,49.5
2026-05-02T03:00:00Z,A-(401호 회로창고 1),22.8,49.2
2026-05-02T03:00:00Z,B-(401호 회로창고 2),22.7,48.6
2026-05-02T04:00:00Z,A-(401호 회로창고 1),22.8,48.6
2026-05-02T04:00:00Z,B-(401호 회로창고 2),22.7,48.3
2026-05-02T05:00:00Z,A-(401호 회로창고 1),22.6,53.5
2026-05-02T05:00:00Z,B-(401호 회로창고 2),22.7,52.3
2026-05-02T06:00:00Z,A-(401호 회로창고 1),22.8,50.5
2026-05-02T06:00:00Z,B-(401호 회로창고 2),22.8,49.8
2026-05-02T07:00:00Z,A-(401호 회로창고 1),22.8,49.9
2026-05-02T07:00:00Z,B-(401호 회로창고 2),22.8,49.3
2026-05-02T08:00:00Z,A-(401호 회로창고 1),22.9,49.6
2026-05-02T08:00:00Z,B-(401호 회로창고 2),22.8,49.1
2026-05-02T09:00:00Z,A-(401호 회로창고 1),22.9,49.4
2026-05-02T09:00:00Z,B-(401호 회로창고 2),22.8,48.9
2026-05-02T10:00:00Z,A-(401호 회로창고 1),22.9,49.2
2026-05-02T10:00:00Z,B-(401호 회로창고 2),22.8,48.8
2026-05-02T11:00:00Z,A-(401호 회로창고 1),22.9,48.9
2026-05-02T11:00:00Z,B-(401호 회로창고 2),22.7,48.6
2026-05-02T12:00:00Z,A-(401호 회로창고 1),22.8,48.7
2026-05-02T12:00:00Z,B-(401호 회로창고 2),22.7,48.4
2026-05-02T13:00:00Z,A-(401호 회로창고 1),22.8,51.0
2026-05-02T13:00:00Z,B-(401호 회로창고 2),22.6,50.8
2026-05-02T14:00:00Z,A-(401호 회로창고 1),22.8,49.9
2026-05-02T14:00:00Z,B-(401호 회로창고 2),22.7,49.8
2026-05-02T15:00:00Z,A-(401호 회로창고 1),22.9,49.4
2026-05-02T15:00:00Z,B-(401호 회로창고 2),22.7,49.3
2026-05-02T16:00:00Z,A-(401호 회로창고 1),22.8,49.1
2026-05-02T16:00:00Z,B-(401호 회로창고 2),22.6,49.0
2026-05-02T17:00:00Z,A-(401호 회로창고 1),22.8,48.8
2026-05-02T17:00:00Z,B-(401호 회로창고 2),22.6,48.7
2026-05-02T18:00:00Z,A-(401호 회로창고 1),22.8,48.6
2026-05-02T18:00:00Z,B-(401호 회로창고 2),22.6,48.6
2026-05-02T19:00:00Z,A-(401호 회로창고 1),22.8,51.5
2026-05-02T19:00:00Z,B-(401호 회로창고 2),22.6,51.3
2026-05-02T20:00:00Z,A-(401호 회로창고 1),22.8,50.0
2026-05-02T20:00:00Z,B-(401호 회로창고 2),22.6,50.1
2026-05-02T21:00:00Z,A-(401호 회로창고 1),22.8,49.5
2026-05-02T21:00:00Z,B-(401호 회로창고 2),22.6,49.6
2026-05-02T22:00:00Z,A-(401호 회로창고 1),22.8,49.1
2026-05-02T22:00:00Z,B-(401호 회로창고 2),22.5,49.2
2026-05-02T23:00:00Z,A-(401호 회로창고 1),22.8,48.7
2026-05-02T23:00:00Z,B-(401호 회로창고 2),22.5,48.9
2026-05-03T00:00:00Z,A-(401호 회로창고 1),22.7,53.4
2026-05-03T00:00:00Z,B-(401호 회로창고 2),22.5,52.2
2026-05-03T01:00:00Z,A-(401호 회로창고 1),22.7,50.9
2026-05-03T01:00:00Z,B-(401호 회로창고 2),22.5,51.0
2026-05-03T02:00:00Z,A-(401호 회로창고 1),22.8,50.0
2026-05-03T02:00:00Z,B-(401호 회로창고 2),22.5,50.1
2026-05-03T03:00:00Z,A-(401호 회로창고 1),22.8,49.5
2026-05-03T03:00:00Z,B-(401호 회로창고 2),22.5,49.6
2026-05-03T04:00:00Z,A-(401호 회로창고 1),22.8,49.3
2026-05-03T04:00:00Z,B-(401호 회로창고 2),22.5,49.3
2026-05-03T05:00:00Z,A-(401호 회로창고 1),22.8,49.0
2026-05-03T05:00:00Z,B-(401호 회로창고 2),22.5,49.1
2026-05-03T06:00:00Z,A-(401호 회로창고 1),22.8,48.7
2026-05-03T06:00:00Z,B-(401호 회로창고 2),22.5,48.8
2026-05-03T07:00:00Z,A-(401호 회로창고 1),22.8,52.6
2026-05-03T07:00:00Z,B-(401호 회로창고 2),22.6,53.3
2026-05-03T08:00:00Z,A-(401호 회로창고 1),22.7,51.2
2026-05-03T08:00:00Z,B-(401호 회로창고 2),22.5,51.3
2026-05-03T09:00:00Z,A-(401호 회로창고 1),22.7,50.2
2026-05-03T09:00:00Z,B-(401호 회로창고 2),22.5,50.4
2026-05-03T10:00:00Z,A-(401호 회로창고 1),22.7,49.6
2026-05-03T10:00:00Z,B-(401호 회로창고 2),22.4,49.8
2026-05-03T11:00:00Z,A-(401호 회로창고 1),22.7,49.2
2026-05-03T11:00:00Z,B-(401호 회로창고 2),22.4,49.4
2026-05-03T12:00:00Z,A-(401호 회로창고 1),22.7,48.7
2026-05-03T12:00:00Z,B-(401호 회로창고 2),22.4,49.0
2026-05-03T13:00:00Z,A-(401호 회로창고 1),22.5,54.6
2026-05-03T13:00:00Z,B-(401호 회로창고 2),22.3,54.7
2026-05-03T14:00:00Z,A-(401호 회로창고 1),22.7,50.9
2026-05-03T14:00:00Z,B-(401호 회로창고 2),22.3,51.3
2026-05-03T15:00:00Z,A-(401호 회로창고 1),22.7,50.0
2026-05-03T15:00:00Z,B-(401호 회로창고 2),22.3,50.5
2026-05-03T16:00:00Z,A-(401호 회로창고 1),22.7,49.4
2026-05-03T16:00:00Z,B-(401호 회로창고 2),22.3,49.8
2026-05-03T17:00:00Z,A-(401호 회로창고 1),22.6,49.1
2026-05-03T17:00:00Z,B-(401호 회로창고 2),22.2,49.5
2026-05-03T18:00:00Z,A-(401호 회로창고 1),22.7,48.7
2026-05-03T18:00:00Z,B-(401호 회로창고 2),22.3,49.1
2026-05-03T19:00:00Z,A-(401호 회로창고 1),22.7,52.4
2026-05-03T19:00:00Z,B-(401호 회로창고 2),22.4,53.2
2026-05-03T20:00:00Z,A-(401호 회로창고 1),22.6,51.3
2026-05-03T20:00:00Z,B-(401호 회로창고 2),22.3,51.9
2026-05-03T21:00:00Z,A-(401호 회로창고 1),22.6,50.0
2026-05-03T21:00:00Z,B-(401호 회로창고 2),22.2,50.6
2026-05-03T22:00:00Z,A-(401호 회로창고 1),22.6,49.3
2026-05-03T22:00:00Z,B-(401호 회로창고 2),22.2,49.8
2026-05-03T23:00:00Z,A-(401호 회로창고 1),22.6,48.8
2026-05-03T23:00:00Z,B-(401호 회로창고 2),22.2,49.2
2026-05-04T00:00:00Z,A-(401호 회로창고 1),22.6,48.7
2026-05-04T00:00:00Z,B-(401호 회로창고 2),22.3,48.9
2026-05-04T00:00:00Z,C-(402호 수입검사),22.0,39.4
2026-05-04T00:00:00Z,D-(406호 기구창고),24.3,36.9
2026-05-04T00:00:00Z,E-(408호 OQC),21.6,44.0
2026-05-04T00:00:00Z,F-(807호 생산 Line),21.7,43.8
2026-05-04T00:00:00Z,G-(401호 기구창고),21.6,50.1
2026-05-04T01:00:00Z,A-(401호 회로창고 1),22.8,51.3
2026-05-04T01:00:00Z,B-(401호 회로창고 2),22.7,51.1
2026-05-04T01:00:00Z,C-(402호 수입검사),22.3,38.9
2026-05-04T01:00:00Z,D-(406호 기구창고),23.5,36.9
2026-05-04T01:00:00Z,E-(408호 OQC),21.8,44.3
2026-05-04T01:00:00Z,F-(807호 생산 Line),20.7,44.8
2026-05-04T01:00:00Z,G-(401호 기구창고),21.8,49.4
2026-05-04T02:00:00Z,A-(401호 회로창고 1),22.7,50.8
2026-05-04T02:00:00Z,B-(401호 회로창고 2),22.8,49.9
2026-05-04T02:00:00Z,C-(402호 수입검사),22.5,38.6
2026-05-04T02:00:00Z,D-(406호 기구창고),23.1,36.4
2026-05-04T02:00:00Z,E-(408호 OQC),21.7,44.4
2026-05-04T02:00:00Z,F-(807호 생산 Line),20.3,44.7
2026-05-04T02:00:00Z,G-(401호 기구창고),21.9,49.5
2026-05-04T03:00:00Z,A-(401호 회로창고 1),22.7,49.9
2026-05-04T03:00:00Z,B-(401호 회로창고 2),22.9,48.8
2026-05-04T03:00:00Z,C-(402호 수입검사),22.7,38.0
2026-05-04T03:00:00Z,D-(406호 기구창고),22.7,34.3
2026-05-04T03:00:00Z,E-(408호 OQC),22.1,44.1
2026-05-04T03:00:00Z,F-(807호 생산 Line),20.3,44.1
2026-05-04T03:00:00Z,G-(401호 기구창고),22.0,48.3
2026-05-04T04:00:00Z,A-(401호 회로창고 1),22.8,48.9
2026-05-04T04:00:00Z,B-(401호 회로창고 2),23.0,47.7
2026-05-04T04:00:00Z,C-(402호 수입검사),22.9,37.4
2026-05-04T04:00:00Z,D-(406호 기구창고),22.5,34.3
2026-05-04T04:00:00Z,E-(408호 OQC),22.4,42.6
2026-05-04T04:00:00Z,F-(807호 생산 Line),20.8,43.5
2026-05-04T04:00:00Z,G-(401호 기구창고),22.0,48.3
2026-05-04T05:00:00Z,A-(401호 회로창고 1),22.8,51.8
2026-05-04T05:00:00Z,B-(401호 회로창고 2),23.0,52.0
2026-05-04T05:00:00Z,C-(402호 수입검사),23.0,35.7
2026-05-04T05:00:00Z,D-(406호 기구창고),22.1,31.1
2026-05-04T05:00:00Z,E-(408호 OQC),22.5,41.0
2026-05-04T05:00:00Z,F-(807호 생산 Line),21.5,41.9
2026-05-04T05:00:00Z,G-(401호 기구창고),22.1,48.4
2026-05-04T06:00:00Z,A-(401호 회로창고 1),22.7,50.4
2026-05-04T06:00:00Z,B-(401호 회로창고 2),23.0,48.9
2026-05-04T06:00:00Z,C-(402호 수입검사),23.1,35.9
2026-05-04T06:00:00Z,D-(406호 기구창고),21.9,29.9
2026-05-04T06:00:00Z,E-(408호 OQC),22.5,39.5
2026-05-04T06:00:00Z,F-(807호 생산 Line),21.3,43.2
2026-05-04T06:00:00Z,G-(401호 기구창고),21.9,47.1
2026-05-04T07:00:00Z,A-(401호 회로창고 1),22.8,47.4
2026-05-04T07:00:00Z,B-(401호 회로창고 2),23.1,47.3
2026-05-04T07:00:00Z,C-(402호 수입검사),23.2,35.7
2026-05-04T07:00:00Z,D-(406호 기구창고),21.8,31.4
2026-05-04T07:00:00Z,E-(408호 OQC),22.5,40.3
2026-05-04T07:00:00Z,F-(807호 생산 Line),21.4,42.6
2026-05-04T07:00:00Z,G-(401호 기구창고),21.6,42.2
2026-05-04T08:00:00Z,A-(401호 회로창고 1),22.6,48.7
2026-05-04T08:00:00Z,B-(401호 회로창고 2),22.9,46.8
2026-05-04T08:00:00Z,C-(402호 수입검사),23.2,35.0
2026-05-04T08:00:00Z,D-(406호 기구창고),22.0,32.1
2026-05-04T08:00:00Z,E-(408호 OQC),22.8,39.8
2026-05-04T08:00:00Z,F-(807호 생산 Line),21.7,41.8
2026-05-04T08:00:00Z,G-(401호 기구창고),21.9,42.9
2026-05-04T09:00:00Z,A-(401호 회로창고 1),22.6,54.4
2026-05-04T09:00:00Z,B-(401호 회로창고 2),22.7,52.4
2026-05-04T10:00:00Z,A-(401호 회로창고 1),22.7,49.2
2026-05-04T10:00:00Z,B-(401호 회로창고 2),22.5,48.9
2026-05-04T11:00:00Z,A-(401호 회로창고 1),22.6,50.8
2026-05-04T11:00:00Z,B-(401호 회로창고 2),22.5,50.3
2026-05-04T12:00:00Z,A-(401호 회로창고 1),22.7,48.7
2026-05-04T12:00:00Z,B-(401호 회로창고 2),22.5,48.7
2026-05-04T13:00:00Z,A-(401호 회로창고 1),22.7,51.2
2026-05-04T13:00:00Z,B-(401호 회로창고 2),22.5,51.4
2026-05-04T14:00:00Z,A-(401호 회로창고 1),22.7,51.8
2026-05-04T14:00:00Z,B-(401호 회로창고 2),22.5,51.9
2026-05-04T15:00:00Z,A-(401호 회로창고 1),22.7,49.9
2026-05-04T15:00:00Z,B-(401호 회로창고 2),22.4,50.2
2026-05-04T16:00:00Z,A-(401호 회로창고 1),22.7,48.9
2026-05-04T16:00:00Z,B-(401호 회로창고 2),22.3,49.3
2026-05-04T17:00:00Z,A-(401호 회로창고 1),22.6,48.1
2026-05-04T17:00:00Z,B-(401호 회로창고 2),22.3,48.5
2026-05-04T18:00:00Z,A-(401호 회로창고 1),22.9,52.2
2026-05-04T18:00:00Z,B-(401호 회로창고 2),22.5,52.9
2026-05-04T19:00:00Z,A-(401호 회로창고 1),22.7,49.9
2026-05-04T19:00:00Z,B-(401호 회로창고 2),22.4,50.4
2026-05-04T20:00:00Z,A-(401호 회로창고 1),22.6,49.0
2026-05-04T20:00:00Z,B-(401호 회로창고 2),22.3,49.5
2026-05-04T21:00:00Z,A-(401호 회로창고 1),22.6,48.2
2026-05-04T21:00:00Z,B-(401호 회로창고 2),22.2,48.7
2026-05-04T22:00:00Z,A-(401호 회로창고 1),22.8,52.6
2026-05-04T22:00:00Z,B-(401호 회로창고 2),22.4,53.4
2026-05-04T23:00:00Z,A-(401호 회로창고 1),22.7,49.9
2026-05-04T23:00:00Z,B-(401호 회로창고 2),22.3,50.6
2026-05-05T00:00:00Z,A-(401호 회로창고 1),22.6,48.6
2026-05-05T00:00:00Z,B-(401호 회로창고 2),22.2,49.1
2026-05-05T00:00:00Z,C-(402호 수입검사),21.7,36.6
2026-05-05T00:00:00Z,D-(406호 기구창고),25.8,31.7
2026-05-05T00:00:00Z,E-(408호 OQC),23.1,39.1
2026-05-05T00:00:00Z,F-(807호 생산 Line),23.1,36.9
2026-05-05T00:00:00Z,G-(401호 기구창고),21.3,47.9
2026-05-05T01:00:00Z,A-(401호 회로창고 1),22.6,51.8
2026-05-05T01:00:00Z,B-(401호 회로창고 2),22.3,52.7
2026-05-05T01:00:00Z,C-(402호 수입검사),21.8,36.6
2026-05-05T01:00:00Z,D-(406호 기구창고),26.0,31.8
2026-05-05T01:00:00Z,E-(408호 OQC),23.2,38.8
2026-05-05T01:00:00Z,F-(807호 생산 Line),23.1,36.9
2026-05-05T01:00:00Z,G-(401호 기구창고),21.4,48.3
2026-05-05T02:00:00Z,A-(401호 회로창고 1),22.7,50.7
2026-05-05T02:00:00Z,B-(401호 회로창고 2),22.5,50.8
2026-05-05T02:00:00Z,C-(402호 수입검사),21.9,36.5
2026-05-05T02:00:00Z,D-(406호 기구창고),25.6,32.1
2026-05-05T02:00:00Z,E-(408호 OQC),23.1,38.1
2026-05-05T02:00:00Z,F-(807호 생산 Line),23.1,36.8
2026-05-05T02:00:00Z,G-(401호 기구창고),21.4,48.4
2026-05-05T03:00:00Z,A-(401호 회로창고 1),22.6,48.7
2026-05-05T03:00:00Z,B-(401호 회로창고 2),22.5,48.4
2026-05-05T03:00:00Z,C-(402호 수입검사),22.0,36.1
2026-05-05T03:00:00Z,D-(406호 기구창고),24.7,32.9
2026-05-05T03:00:00Z,E-(408호 OQC),23.0,37.9
2026-05-05T03:00:00Z,F-(807호 생산 Line),23.1,36.9
2026-05-05T03:00:00Z,G-(401호 기구창고),21.4,47.8
2026-05-05T04:00:00Z,A-(401호 회로창고 1),22.7,53.4
2026-05-05T04:00:00Z,B-(401호 회로창고 2),22.7,52.4
2026-05-05T04:00:00Z,C-(402호 수입검사),22.2,35.4
2026-05-05T04:00:00Z,D-(406호 기구창고),24.2,33.6
2026-05-05T04:00:00Z,E-(408호 OQC),22.8,37.5
2026-05-05T04:00:00Z,F-(807호 생산 Line),23.1,36.3
2026-05-05T04:00:00Z,G-(401호 기구창고),21.5,47.6
2026-05-05T05:00:00Z,A-(401호 회로창고 1),22.6,48.8
2026-05-05T05:00:00Z,B-(401호 회로창고 2),22.6,48.2
2026-05-05T05:00:00Z,C-(402호 수입검사),22.2,34.9
2026-05-05T05:00:00Z,D-(406호 기구창고),23.8,33.8
2026-05-05T05:00:00Z,E-(408호 OQC),22.7,37.3
2026-05-05T05:00:00Z,F-(807호 생산 Line),23.1,35.4
2026-05-05T05:00:00Z,G-(401호 기구창고),21.5,46.3
2026-05-05T06:00:00Z,A-(401호 회로창고 1),22.8,53.2
2026-05-05T06:00:00Z,B-(401호 회로창고 2),22.8,52.8
2026-05-05T06:00:00Z,C-(402호 수입검사),22.3,34.5
2026-05-05T06:00:00Z,D-(406호 기구창고),23.6,34.0
2026-05-05T06:00:00Z,E-(408호 OQC),22.6,36.9
2026-05-05T06:00:00Z,F-(807호 생산 Line),23.1,35.3
2026-05-05T06:00:00Z,G-(401호 기구창고),21.6,47.1
2026-05-05T07:00:00Z,A-(401호 회로창고 1),22.6,49.4
2026-05-05T07:00:00Z,B-(401호 회로창고 2),22.6,48.6
2026-05-05T07:00:00Z,C-(402호 수입검사),22.3,34.2
2026-05-05T07:00:00Z,D-(406호 기구창고),23.4,34.1
2026-05-05T07:00:00Z,E-(408호 OQC),22.6,36.7
2026-05-05T07:00:00Z,F-(807호 생산 Line),23.1,35.0
2026-05-05T07:00:00Z,G-(401호 기구창고),21.6,46.9
2026-05-05T08:00:00Z,A-(401호 회로창고 1),22.7,51.6
2026-05-05T08:00:00Z,B-(401호 회로창고 2),22.6,51.4
2026-05-05T08:00:00Z,C-(402호 수입검사),22.3,34.0
2026-05-05T08:00:00Z,D-(406호 기구창고),23.3,34.2
2026-05-05T08:00:00Z,E-(408호 OQC),22.5,37.0
2026-05-05T08:00:00Z,F-(807호 생산 Line),23.1,34.4
2026-05-05T08:00:00Z,G-(401호 기구창고),21.6,46.3
2026-05-05T09:00:00Z,A-(401호 회로창고 1),22.6,51.3
2026-05-05T09:00:00Z,B-(401호 회로창고 2),22.5,50.9
2026-05-05T10:00:00Z,A-(401호 회로창고 1),22.6,48.9
2026-05-05T10:00:00Z,B-(401호 회로창고 2),22.4,48.6
2026-05-05T11:00:00Z,A-(401호 회로창고 1),22.7,52.4
2026-05-05T11:00:00Z,B-(401호 회로창고 2),22.5,52.0
2026-05-05T12:00:00Z,A-(401호 회로창고 1),22.8,50.8
2026-05-05T12:00:00Z,B-(401호 회로창고 2),22.5,51.1
2026-05-05T13:00:00Z,A-(401호 회로창고 1),22.7,49.4
2026-05-05T13:00:00Z,B-(401호 회로창고 2),22.4,49.5
2026-05-05T14:00:00Z,A-(401호 회로창고 1),22.6,48.5
2026-05-05T14:00:00Z,B-(401호 회로창고 2),22.3,48.7
2026-05-05T15:00:00Z,A-(401호 회로창고 1),22.7,53.0
2026-05-05T15:00:00Z,B-(401호 회로창고 2),22.4,54.0
2026-05-05T16:00:00Z,A-(401호 회로창고 1),22.7,50.8
2026-05-05T16:00:00Z,B-(401호 회로창고 2),22.4,51.2
2026-05-05T17:00:00Z,A-(401호 회로창고 1),22.6,49.4
2026-05-05T17:00:00Z,B-(401호 회로창고 2),22.3,49.7
2026-05-05T18:00:00Z,A-(401호 회로창고 1),22.6,48.6
2026-05-05T18:00:00Z,B-(401호 회로창고 2),22.3,48.9
2026-05-05T19:00:00Z,A-(401호 회로창고 1),22.6,51.0
2026-05-05T19:00:00Z,B-(401호 회로창고 2),22.2,51.5
2026-05-05T20:00:00Z,A-(401호 회로창고 1),22.7,51.3
2026-05-05T20:00:00Z,B-(401호 회로창고 2),22.3,51.9
2026-05-05T21:00:00Z,A-(401호 회로창고 1),22.6,49.2
2026-05-05T21:00:00Z,B-(401호 회로창고 2),22.2,49.7
2026-05-05T22:00:00Z,A-(401호 회로창고 1),22.5,48.1
2026-05-05T22:00:00Z,B-(401호 회로창고 2),22.1,48.5
2026-05-05T23:00:00Z,A-(401호 회로창고 1),22.8,53.5
2026-05-05T23:00:00Z,B-(401호 회로창고 2),22.4,54.3
2026-05-06T00:00:00Z,A-(401호 회로창고 1),22.7,49.5
2026-05-06T00:00:00Z,B-(401호 회로창고 2),22.5,49.6
2026-05-06T00:00:00Z,C-(402호 수입검사),24.6,32.2
2026-05-06T00:00:00Z,D-(406호 기구창고),23.5,32.6
2026-05-06T00:00:00Z,E-(408호 OQC),21.7,38.8
2026-05-06T00:00:00Z,F-(807호 생산 Line),21.5,40.1
2026-05-06T00:00:00Z,G-(401호 기구창고),21.3,44.1
2026-05-06T01:00:00Z,A-(401호 회로창고 1),22.8,50.5
2026-05-06T01:00:00Z,B-(401호 회로창고 2),22.8,49.7
2026-05-06T01:00:00Z,C-(402호 수입검사),24.9,32.2
2026-05-06T01:00:00Z,D-(406호 기구창고),23.5,34.7
2026-05-06T01:00:00Z,E-(408호 OQC),21.9,39.5
2026-05-06T01:00:00Z,F-(807호 생산 Line),21.8,41.6
2026-05-06T01:00:00Z,G-(401호 기구창고),21.5,45.7
2026-05-06T02:00:00Z,A-(401호 회로창고 1),22.7,49.4
2026-05-06T02:00:00Z,B-(401호 회로창고 2),22.8,48.4
2026-05-06T02:00:00Z,C-(402호 수입검사),24.7,33.3
2026-05-06T02:00:00Z,D-(406호 기구창고),23.4,36.1
2026-05-06T02:00:00Z,E-(408호 OQC),21.9,41.0
2026-05-06T02:00:00Z,F-(807호 생산 Line),21.6,44.8
2026-05-06T02:00:00Z,G-(401호 기구창고),21.7,47.1
2026-05-06T03:00:00Z,A-(401호 회로창고 1),22.9,50.5
2026-05-06T03:00:00Z,B-(401호 회로창고 2),22.9,49.5
2026-05-06T03:00:00Z,C-(402호 수입검사),24.3,34.3
2026-05-06T03:00:00Z,D-(406호 기구창고),23.3,36.2
2026-05-06T03:00:00Z,E-(408호 OQC),21.8,42.3
2026-05-06T03:00:00Z,F-(807호 생산 Line),21.5,46.1
2026-05-06T03:00:00Z,G-(401호 기구창고),21.9,47.7
2026-05-06T04:00:00Z,A-(401호 회로창고 1),22.9,48.7
2026-05-06T04:00:00Z,B-(401호 회로창고 2),23.1,47.6
2026-05-06T04:00:00Z,C-(402호 수입검사),24.6,33.9
2026-05-06T04:00:00Z,D-(406호 기구창고),23.1,36.6
2026-05-06T04:00:00Z,E-(408호 OQC),21.5,41.5
2026-05-06T04:00:00Z,F-(807호 생산 Line),21.7,45.3
2026-05-06T04:00:00Z,G-(401호 기구창고),22.0,48.5
2026-05-06T05:00:00Z,A-(401호 회로창고 1),22.7,51.1
2026-05-06T05:00:00Z,B-(401호 회로창고 2),23.0,50.0
2026-05-06T05:00:00Z,C-(402호 수입검사),24.3,34.4
2026-05-06T05:00:00Z,D-(406호 기구창고),22.7,37.2
2026-05-06T05:00:00Z,E-(408호 OQC),21.6,43.1
2026-05-06T05:00:00Z,F-(807호 생산 Line),21.7,45.0
2026-05-06T05:00:00Z,G-(401호 기구창고),22.0,48.6
2026-05-06T06:00:00Z,A-(401호 회로창고 1),22.6,49.4
2026-05-06T06:00:00Z,B-(401호 회로창고 2),23.0,47.2
2026-05-06T06:00:00Z,C-(402호 수입검사),24.2,34.7
2026-05-06T06:00:00Z,D-(406호 기구창고),22.4,37.9
2026-05-06T06:00:00Z,E-(408호 OQC),21.5,43.6
2026-05-06T06:00:00Z,F-(807호 생산 Line),20.3,46.9
2026-05-06T06:00:00Z,G-(401호 기구창고),22.0,47.6
2026-05-06T07:00:00Z,A-(401호 회로창고 1),22.5,53.8
2026-05-06T07:00:00Z,B-(401호 회로창고 2),23.0,51.2
2026-05-06T07:00:00Z,C-(402호 수입검사),24.1,34.5
2026-05-06T07:00:00Z,D-(406호 기구창고),22.3,38.6
2026-05-06T07:00:00Z,E-(408호 OQC),21.4,43.5
2026-05-06T07:00:00Z,F-(807호 생산 Line),20.1,47.1
2026-05-06T07:00:00Z,G-(401호 기구창고),22.1,48.9
2026-05-06T08:00:00Z,A-(401호 회로창고 1),22.9,50.2
2026-05-06T08:00:00Z,B-(401호 회로창고 2),23.1,48.3
2026-05-06T08:00:00Z,C-(402호 수입검사),24.0,34.4
2026-05-06T08:00:00Z,D-(406호 기구창고),22.3,38.6
2026-05-06T08:00:00Z,E-(408호 OQC),22.4,43.3
2026-05-06T08:00:00Z,F-(807호 생산 Line),20.1,46.9
2026-05-06T08:00:00Z,G-(401호 기구창고),22.1,48.1
2026-05-06T09:00:00Z,A-(401호 회로창고 1),22.8,48.6
2026-05-06T09:00:00Z,B-(401호 회로창고 2),22.8,47.8
2026-05-06T10:00:00Z,A-(401호 회로창고 1),22.8,50.5
2026-05-06T10:00:00Z,B-(401호 회로창고 2),22.7,50.7
2026-05-06T11:00:00Z,A-(401호 회로창고 1),22.8,50.1
2026-05-06T11:00:00Z,B-(401호 회로창고 2),22.6,50.0
2026-05-06T12:00:00Z,A-(401호 회로창고 1),22.8,49.1
2026-05-06T12:00:00Z,B-(401호 회로창고 2),22.6,49.0
2026-05-06T13:00:00Z,A-(401호 회로창고 1),22.7,48.4
2026-05-06T13:00:00Z,B-(401호 회로창고 2),22.5,48.5
2026-05-06T14:00:00Z,A-(401호 회로창고 1),22.8,51.7
2026-05-06T14:00:00Z,B-(401호 회로창고 2),22.6,51.6
2026-05-06T15:00:00Z,A-(401호 회로창고 1),22.8,51.4
2026-05-06T15:00:00Z,B-(401호 회로창고 2),22.5,51.6
2026-05-06T16:00:00Z,A-(401호 회로창고 1),22.8,50.0
2026-05-06T16:00:00Z,B-(401호 회로창고 2),22.5,50.2
2026-05-06T17:00:00Z,A-(401호 회로창고 1),22.8,49.0
2026-05-06T17:00:00Z,B-(401호 회로창고 2),22.4,49.4
2026-05-06T18:00:00Z,A-(401호 회로창고 1),22.7,48.4
2026-05-06T18:00:00Z,B-(401호 회로창고 2),22.4,48.8
2026-05-06T19:00:00Z,A-(401호 회로창고 1),22.7,48.0
2026-05-06T19:00:00Z,B-(401호 회로창고 2),22.4,48.4
2026-05-06T20:00:00Z,A-(401호 회로창고 1),22.7,52.8
2026-05-06T20:00:00Z,B-(401호 회로창고 2),22.4,53.0
2026-05-06T21:00:00Z,A-(401호 회로창고 1),22.7,50.6
2026-05-06T21:00:00Z,B-(401호 회로창고 2),22.4,51.0
2026-05-06T22:00:00Z,A-(401호 회로창고 1),22.7,49.6
2026-05-06T22:00:00Z,B-(401호 회로창고 2),22.3,50.0
2026-05-06T23:00:00Z,A-(401호 회로창고 1),22.7,48.9
2026-05-06T23:00:00Z,B-(401호 회로창고 2),22.3,49.2
2026-05-07T00:00:00Z,A-(401호 회로창고 1),22.8,48.8
2026-05-07T00:00:00Z,B-(401호 회로창고 2),22.5,48.4
2026-05-07T00:00:00Z,C-(402호 수입검사),22.6,38.2
2026-05-07T00:00:00Z,D-(406호 기구창고),23.3,37.1
2026-05-07T00:00:00Z,E-(408호 OQC),21.6,44.9
2026-05-07T00:00:00Z,F-(807호 생산 Line),21.2,45.8
2026-05-07T00:00:00Z,G-(401호 기구창고),21.6,49.1
2026-05-07T01:00:00Z,A-(401호 회로창고 1),22.9,50.4
2026-05-07T01:00:00Z,B-(401호 회로창고 2),22.8,49.8
2026-05-07T01:00:00Z,C-(402호 수입검사),22.8,38.7
2026-05-07T01:00:00Z,D-(406호 기구창고),23.4,38.7
2026-05-07T01:00:00Z,E-(408호 OQC),21.5,45.8
2026-05-07T01:00:00Z,F-(807호 생산 Line),20.4,45.8
2026-05-07T01:00:00Z,G-(401호 기구창고),21.8,49.2
2026-05-07T02:00:00Z,A-(401호 회로창고 1),22.9,49.3
2026-05-07T02:00:00Z,B-(401호 회로창고 2),22.9,48.2
2026-05-07T02:00:00Z,C-(402호 수입검사),23.1,39.1
2026-05-07T02:00:00Z,D-(406호 기구창고),22.9,39.3
2026-05-07T02:00:00Z,E-(408호 OQC),21.6,46.0
2026-05-07T02:00:00Z,F-(807호 생산 Line),20.2,45.8
2026-05-07T02:00:00Z,G-(401호 기구창고),22.0,50.3
2026-05-07T03:00:00Z,A-(401호 회로창고 1),22.7,48.8
2026-05-07T03:00:00Z,B-(401호 회로창고 2),23.0,47.0
2026-05-07T03:00:00Z,C-(402호 수입검사),23.2,40.6
2026-05-07T03:00:00Z,D-(406호 기구창고),22.5,40.6
2026-05-07T03:00:00Z,E-(408호 OQC),21.5,46.8
2026-05-07T03:00:00Z,F-(807호 생산 Line),20.2,45.9
2026-05-07T03:00:00Z,G-(401호 기구창고),22.1,50.1
2026-05-07T04:00:00Z,A-(401호 회로창고 1),22.6,49.3
2026-05-07T04:00:00Z,B-(401호 회로창고 2),23.0,47.4
2026-05-07T04:00:00Z,C-(402호 수입검사),25.3,37.3
2026-05-07T04:00:00Z,D-(406호 기구창고),22.4,40.4
2026-05-07T04:00:00Z,E-(408호 OQC),19.8,51.5
2026-05-07T04:00:00Z,F-(807호 생산 Line),20.2,45.4
2026-05-07T04:00:00Z,G-(401호 기구창고),22.2,50.1
2026-05-07T05:00:00Z,A-(401호 회로창고 1),22.7,53.7
2026-05-07T05:00:00Z,B-(401호 회로창고 2),23.1,49.8
2026-05-07T05:00:00Z,C-(402호 수입검사),23.9,43.3
2026-05-07T05:00:00Z,D-(406호 기구창고),22.3,41.5
2026-05-07T05:00:00Z,E-(408호 OQC),21.1,49.2
2026-05-07T05:00:00Z,F-(807호 생산 Line),20.1,46.9
2026-05-07T05:00:00Z,G-(401호 기구창고),22.2,50.9
2026-05-07T06:00:00Z,A-(401호 회로창고 1),22.2,52.9
2026-05-07T06:00:00Z,B-(401호 회로창고 2),22.8,50.3
2026-05-07T06:00:00Z,C-(402호 수입검사),23.8,43.9
2026-05-07T06:00:00Z,D-(406호 기구창고),22.1,42.3
2026-05-07T06:00:00Z,E-(408호 OQC),21.2,49.8
2026-05-07T06:00:00Z,F-(807호 생산 Line),20.3,47.1
2026-05-07T06:00:00Z,G-(401호 기구창고),22.2,52.0
2026-05-07T07:00:00Z,A-(401호 회로창고 1),22.7,51.4
2026-05-07T07:00:00Z,B-(401호 회로창고 2),22.9,50.0
2026-05-07T07:00:00Z,C-(402호 수입검사),23.6,44.9
2026-05-07T07:00:00Z,D-(406호 기구창고),21.9,43.4
2026-05-07T07:00:00Z,E-(408호 OQC),21.3,50.3
2026-05-07T07:00:00Z,F-(807호 생산 Line),20.2,47.5
2026-05-07T07:00:00Z,G-(401호 기구창고),22.2,51.6
2026-05-07T08:00:00Z,A-(401호 회로창고 1),22.6,50.2
2026-05-07T08:00:00Z,B-(401호 회로창고 2),22.7,49.6
2026-05-07T08:00:00Z,C-(402호 수입검사),23.4,46.3
2026-05-07T08:00:00Z,D-(406호 기구창고),22.0,44.6
2026-05-07T08:00:00Z,E-(408호 OQC),21.9,50.6
2026-05-07T08:00:00Z,F-(807호 생산 Line),20.2,47.9
2026-05-07T08:00:00Z,G-(401호 기구창고),22.1,52.5
2026-05-07T09:00:00Z,A-(401호 회로창고 1),22.1,51.7
2026-05-07T09:00:00Z,B-(401호 회로창고 2),22.2,50.1
2026-05-07T10:00:00Z,A-(401호 회로창고 1),22.2,51.2
2026-05-07T10:00:00Z,B-(401호 회로창고 2),22.2,50.5
2026-05-07T11:00:00Z,A-(401호 회로창고 1),22.1,51.1
2026-05-07T11:00:00Z,B-(401호 회로창고 2),22.1,50.5
2026-05-07T12:00:00Z,A-(401호 회로창고 1),22.4,50.3
2026-05-07T12:00:00Z,B-(401호 회로창고 2),22.2,50.4
2026-05-07T13:00:00Z,A-(401호 회로창고 1),22.0,51.2
2026-05-07T13:00:00Z,B-(401호 회로창고 2),22.0,50.4
2026-05-07T14:00:00Z,A-(401호 회로창고 1),21.9,57.2
2026-05-07T14:00:00Z,B-(401호 회로창고 2),22.1,49.8
2026-05-07T15:00:00Z,A-(401호 회로창고 1),22.3,53.7
2026-05-07T15:00:00Z,B-(401호 회로창고 2),22.0,53.5
2026-05-07T16:00:00Z,A-(401호 회로창고 1),22.1,52.3
2026-05-07T16:00:00Z,B-(401호 회로창고 2),22.0,51.6
2026-05-07T17:00:00Z,A-(401호 회로창고 1),22.4,51.2
2026-05-07T17:00:00Z,B-(401호 회로창고 2),22.0,51.5
2026-05-07T18:00:00Z,A-(401호 회로창고 1),22.4,50.5
2026-05-07T18:00:00Z,B-(401호 회로창고 2),22.0,50.9
2026-05-07T19:00:00Z,A-(401호 회로창고 1),21.9,58.0
2026-05-07T19:00:00Z,B-(401호 회로창고 2),21.9,55.2
2026-05-07T20:00:00Z,A-(401호 회로창고 1),22.2,54.1
2026-05-07T20:00:00Z,B-(401호 회로창고 2),21.9,54.3
2026-05-07T21:00:00Z,A-(401호 회로창고 1),22.2,52.2
2026-05-07T21:00:00Z,B-(401호 회로창고 2),21.9,52.6
2026-05-07T22:00:00Z,A-(401호 회로창고 1),22.2,51.4
2026-05-07T22:00:00Z,B-(401호 회로창고 2),21.9,51.8
2026-05-07T23:00:00Z,A-(401호 회로창고 1),22.3,50.4
2026-05-07T23:00:00Z,B-(401호 회로창고 2),21.9,50.9
2026-05-08T00:00:00Z,A-(401호 회로창고 1),22.4,49.6
2026-05-08T00:00:00Z,B-(401호 회로창고 2),22.0,50.1
2026-05-08T00:00:00Z,C-(402호 수입검사),24.1,38.4
2026-05-08T00:00:00Z,D-(406호 기구창고),23.4,42.3
2026-05-08T00:00:00Z,E-(408호 OQC),21.7,46.3
2026-05-08T00:00:00Z,F-(807호 생산 Line),20.0,46.7
2026-05-08T00:00:00Z,G-(401호 기구창고),21.5,49.7
2026-05-08T01:00:00Z,A-(401호 회로창고 1),22.1,54.5
2026-05-08T01:00:00Z,B-(401호 회로창고 2),22.0,53.8
2026-05-08T01:00:00Z,C-(402호 수입검사),24.7,36.1
2026-05-08T01:00:00Z,D-(406호 기구창고),23.3,41.4
2026-05-08T01:00:00Z,E-(408호 OQC),21.6,41.4
2026-05-08T01:00:00Z,F-(807호 생산 Line),20.1,45.5
2026-05-08T01:00:00Z,G-(401호 기구창고),21.7,50.4
2026-05-08T02:00:00Z,A-(401호 회로창고 1),22.4,50.6
2026-05-08T02:00:00Z,B-(401호 회로창고 2),22.5,50.1
2026-05-08T02:00:00Z,C-(402호 수입검사),24.9,34.2
2026-05-08T02:00:00Z,D-(406호 기구창고),22.9,39.7
2026-05-08T02:00:00Z,E-(408호 OQC),21.5,40.6
2026-05-08T02:00:00Z,F-(807호 생산 Line),20.0,44.2
2026-05-08T02:00:00Z,G-(401호 기구창고),21.8,50.0
2026-05-08T03:00:00Z,A-(401호 회로창고 1),22.2,50.4
2026-05-08T03:00:00Z,B-(401호 회로창고 2),22.5,48.8
2026-05-08T03:00:00Z,C-(402호 수입검사),24.9,30.9
2026-05-08T03:00:00Z,D-(406호 기구창고),22.5,38.4
2026-05-08T03:00:00Z,E-(408호 OQC),21.4,40.6
2026-05-08T03:00:00Z,F-(807호 생산 Line),20.1,45.2
2026-05-08T03:00:00Z,G-(401호 기구창고),21.9,49.4
2026-05-08T04:00:00Z,A-(401호 회로창고 1),22.7,49.9
2026-05-08T04:00:00Z,B-(401호 회로창고 2),22.9,47.6
2026-05-08T04:00:00Z,C-(402호 수입검사),25.2,30.6
2026-05-08T04:00:00Z,D-(406호 기구창고),22.4,38.7
2026-05-08T04:00:00Z,E-(408호 OQC),21.2,41.6
2026-05-08T04:00:00Z,F-(807호 생산 Line),20.8,41.8
2026-05-08T04:00:00Z,G-(401호 기구창고),22.0,48.6
2026-05-08T05:00:00Z,A-(401호 회로창고 1),22.8,49.6
2026-05-08T05:00:00Z,B-(401호 회로창고 2),22.9,48.6
2026-05-08T05:00:00Z,C-(402호 수입검사),25.2,25.9
2026-05-08T05:00:00Z,D-(406호 기구창고),22.1,38.2
2026-05-08T05:00:00Z,E-(408호 OQC),21.1,40.6
2026-05-08T05:00:00Z,F-(807호 생산 Line),21.1,40.5
2026-05-08T05:00:00Z,G-(401호 기구창고),22.1,47.9
2026-05-08T06:00:00Z,A-(401호 회로창고 1),22.5,54.7
2026-05-08T06:00:00Z,B-(401호 회로창고 2),22.8,52.3
2026-05-08T06:00:00Z,C-(402호 수입검사),24.6,26.2
2026-05-08T06:00:00Z,D-(406호 기구창고),22.1,37.9
2026-05-08T06:00:00Z,E-(408호 OQC),21.1,34.7
2026-05-08T06:00:00Z,F-(807호 생산 Line),21.5,39.2
2026-05-08T06:00:00Z,G-(401호 기구창고),22.2,48.2
2026-05-08T07:00:00Z,A-(401호 회로창고 1),22.6,50.5
2026-05-08T07:00:00Z,B-(401호 회로창고 2),22.9,48.7
2026-05-08T07:00:00Z,C-(402호 수입검사),24.3,26.5
2026-05-08T07:00:00Z,D-(406호 기구창고),22.2,37.8
2026-05-08T07:00:00Z,E-(408호 OQC),21.0,37.9
2026-05-08T07:00:00Z,F-(807호 생산 Line),21.6,37.5
2026-05-08T07:00:00Z,G-(401호 기구창고),22.1,46.4
2026-05-08T08:00:00Z,A-(401호 회로창고 1),22.4,50.0
2026-05-08T08:00:00Z,B-(401호 회로창고 2),22.8,48.2
2026-05-08T08:00:00Z,C-(402호 수입검사),24.1,27.0
2026-05-08T08:00:00Z,D-(406호 기구창고),22.4,37.9
2026-05-08T08:00:00Z,E-(408호 OQC),21.3,39.7
2026-05-08T08:00:00Z,F-(807호 생산 Line),21.7,37.5
2026-05-08T08:00:00Z,G-(401호 기구창고),22.1,46.7
2026-05-08T09:00:00Z,A-(401호 회로창고 1),22.1,53.8
2026-05-08T09:00:00Z,B-(401호 회로창고 2),22.4,52.0
2026-05-08T10:00:00Z,A-(401호 회로창고 1),22.0,51.4
2026-05-08T10:00:00Z,B-(401호 회로창고 2),22.3,50.0
2026-05-08T11:00:00Z,A-(401호 회로창고 1),22.3,49.7
2026-05-08T11:00:00Z,B-(401호 회로창고 2),22.3,49.1
2026-05-08T12:00:00Z,A-(401호 회로창고 1),22.2,54.0
2026-05-08T12:00:00Z,B-(401호 회로창고 2),22.2,52.9
2026-05-08T13:00:00Z,A-(401호 회로창고 1),22.2,51.1
2026-05-08T13:00:00Z,B-(401호 회로창고 2),22.2,50.5
2026-05-08T14:00:00Z,A-(401호 회로창고 1),22.3,49.9
2026-05-08T14:00:00Z,B-(401호 회로창고 2),22.2,49.5
2026-05-08T15:00:00Z,A-(401호 회로창고 1),22.3,52.4
2026-05-08T15:00:00Z,B-(401호 회로창고 2),22.1,54.0
2026-05-08T16:00:00Z,A-(401호 회로창고 1),22.3,51.3
2026-05-08T16:00:00Z,B-(401호 회로창고 2),22.2,51.1
2026-05-08T17:00:00Z,A-(401호 회로창고 1),22.3,50.2
2026-05-08T17:00:00Z,B-(401호 회로창고 2),22.2,50.0
2026-05-08T18:00:00Z,A-(401호 회로창고 1),22.1,54.5
2026-05-08T18:00:00Z,B-(401호 회로창고 2),22.1,53.9
2026-05-08T19:00:00Z,A-(401호 회로창고 1),22.2,52.5
2026-05-08T19:00:00Z,B-(401호 회로창고 2),22.1,52.3
2026-05-08T20:00:00Z,A-(401호 회로창고 1),22.3,51.0
2026-05-08T20:00:00Z,B-(401호 회로창고 2),22.1,51.1
2026-05-08T21:00:00Z,A-(401호 회로창고 1),22.3,50.1
2026-05-08T21:00:00Z,B-(401호 회로창고 2),22.1,50.1
2026-05-08T22:00:00Z,A-(401호 회로창고 1),22.3,52.6
2026-05-08T22:00:00Z,B-(401호 회로창고 2),22.1,52.4
2026-05-08T23:00:00Z,A-(401호 회로창고 1),22.2,52.1
2026-05-08T23:00:00Z,B-(401호 회로창고 2),22.0,52.0
2026-05-09T00:00:00Z,A-(401호 회로창고 1),22.2,50.6
2026-05-09T00:00:00Z,B-(401호 회로창고 2),22.1,50.5
2026-05-09T01:00:00Z,A-(401호 회로창고 1),22.2,49.7
2026-05-09T01:00:00Z,B-(401호 회로창고 2),22.1,49.4
2026-05-09T02:00:00Z,A-(401호 회로창고 1),22.2,52.7
2026-05-09T02:00:00Z,B-(401호 회로창고 2),22.2,51.9
2026-05-09T03:00:00Z,A-(401호 회로창고 1),22.1,55.8
2026-05-09T03:00:00Z,B-(401호 회로창고 2),22.3,49.1
2026-05-09T04:00:00Z,A-(401호 회로창고 1),22.2,52.1
2026-05-09T04:00:00Z,B-(401호 회로창고 2),22.3,53.7
2026-05-09T05:00:00Z,A-(401호 회로창고 1),22.2,50.3
2026-05-09T05:00:00Z,B-(401호 회로창고 2),22.4,49.3
2026-05-09T06:00:00Z,A-(401호 회로창고 1),22.4,53.2
2026-05-09T06:00:00Z,B-(401호 회로창고 2),22.5,51.8
2026-05-09T07:00:00Z,A-(401호 회로창고 1),22.2,50.8
2026-05-09T07:00:00Z,B-(401호 회로창고 2),22.4,49.6
2026-05-09T08:00:00Z,A-(401호 회로창고 1),22.3,49.2
2026-05-09T08:00:00Z,B-(401호 회로창고 2),22.4,48.4
2026-05-09T09:00:00Z,A-(401호 회로창고 1),22.2,51.9
2026-05-09T09:00:00Z,B-(401호 회로창고 2),22.3,50.6
2026-05-09T10:00:00Z,A-(401호 회로창고 1),22.3,49.9
2026-05-09T10:00:00Z,B-(401호 회로창고 2),22.3,48.9
2026-05-09T11:00:00Z,A-(401호 회로창고 1),22.2,50.8
2026-05-09T11:00:00Z,B-(401호 회로창고 2),22.2,50.3
2026-05-09T12:00:00Z,A-(401호 회로창고 1),22.3,52.1
2026-05-09T12:00:00Z,B-(401호 회로창고 2),22.3,51.3
2026-05-09T13:00:00Z,A-(401호 회로창고 1),22.3,51.5
2026-05-09T13:00:00Z,B-(401호 회로창고 2),22.2,51.1
2026-05-09T14:00:00Z,A-(401호 회로창고 1),22.3,50.1
2026-05-09T14:00:00Z,B-(401호 회로창고 2),22.2,49.8
2026-05-09T15:00:00Z,A-(401호 회로창고 1),22.2,53.1
2026-05-09T15:00:00Z,B-(401호 회로창고 2),22.1,54.0
2026-05-09T16:00:00Z,A-(401호 회로창고 1),22.2,51.9
2026-05-09T16:00:00Z,B-(401호 회로창고 2),22.1,51.6
2026-05-09T17:00:00Z,A-(401호 회로창고 1),22.3,50.4
2026-05-09T17:00:00Z,B-(401호 회로창고 2),22.1,50.4
2026-05-09T18:00:00Z,A-(401호 회로창고 1),22.3,49.6
2026-05-09T18:00:00Z,B-(401호 회로창고 2),22.1,49.6
2026-05-09T19:00:00Z,A-(401호 회로창고 1),22.1,52.2
2026-05-09T19:00:00Z,B-(401호 회로창고 2),22.0,52.0
2026-05-09T20:00:00Z,A-(401호 회로창고 1),22.2,50.3
2026-05-09T20:00:00Z,B-(401호 회로창고 2),22.0,50.2
2026-05-09T21:00:00Z,A-(401호 회로창고 1),22.3,52.6
2026-05-09T21:00:00Z,B-(401호 회로창고 2),22.1,52.8
2026-05-09T22:00:00Z,A-(401호 회로창고 1),22.2,51.6
2026-05-09T22:00:00Z,B-(401호 회로창고 2),22.0,51.6
2026-05-09T23:00:00Z,A-(401호 회로창고 1),22.2,49.6
2026-05-09T23:00:00Z,B-(401호 회로창고 2),22.0,49.3
2026-05-10T00:00:00Z,A-(401호 회로창고 1),22.1,50.9
2026-05-10T00:00:00Z,B-(401호 회로창고 2),22.0,50.9
2026-05-10T01:00:00Z,A-(401호 회로창고 1),22.3,53.5
2026-05-10T01:00:00Z,B-(401호 회로창고 2),22.1,52.5
2026-05-10T02:00:00Z,A-(401호 회로창고 1),22.1,50.5
2026-05-10T02:00:00Z,B-(401호 회로창고 2),22.1,49.9
2026-05-10T03:00:00Z,A-(401호 회로창고 1),21.9,54.9
2026-05-10T03:00:00Z,B-(401호 회로창고 2),22.2,52.7
2026-05-10T04:00:00Z,A-(401호 회로창고 1),22.2,49.4
2026-05-10T04:00:00Z,B-(401호 회로창고 2),22.3,48.1
2026-05-10T05:00:00Z,A-(401호 회로창고 1),22.2,50.5
2026-05-10T05:00:00Z,B-(401호 회로창고 2),22.4,49.3
2026-05-10T06:00:00Z,A-(401호 회로창고 1),22.1,53.0
2026-05-10T06:00:00Z,B-(401호 회로창고 2),22.4,51.3
2026-05-10T07:00:00Z,A-(401호 회로창고 1),22.3,51.9
2026-05-10T07:00:00Z,B-(401호 회로창고 2),22.5,50.5
2026-05-10T08:00:00Z,A-(401호 회로창고 1),22.2,49.4
2026-05-10T08:00:00Z,B-(401호 회로창고 2),22.4,48.3
2026-05-10T09:00:00Z,A-(401호 회로창고 1),22.1,51.9
2026-05-10T09:00:00Z,B-(401호 회로창고 2),22.3,50.6
2026-05-10T10:00:00Z,A-(401호 회로창고 1),22.0,55.4
2026-05-10T10:00:00Z,B-(401호 회로창고 2),22.3,48.2
2026-05-10T11:00:00Z,A-(401호 회로창고 1),22.2,51.8
2026-05-10T11:00:00Z,B-(401호 회로창고 2),22.2,51.0
2026-05-10T12:00:00Z,A-(401호 회로창고 1),22.2,49.6
2026-05-10T12:00:00Z,B-(401호 회로창고 2),22.2,49.1
2026-05-10T13:00:00Z,A-(401호 회로창고 1),22.0,54.8
2026-05-10T13:00:00Z,B-(401호 회로창고 2),22.2,53.5
2026-05-10T14:00:00Z,A-(401호 회로창고 1),22.3,50.9
2026-05-10T14:00:00Z,B-(401호 회로창고 2),22.2,50.6
2026-05-10T15:00:00Z,A-(401호 회로창고 1),22.3,49.7
2026-05-10T15:00:00Z,B-(401호 회로창고 2),22.2,49.4
2026-05-10T16:00:00Z,A-(401호 회로창고 1),22.1,53.3
2026-05-10T16:00:00Z,B-(401호 회로창고 2),22.1,52.8
2026-05-10T17:00:00Z,A-(401호 회로창고 1),22.2,50.8
2026-05-10T17:00:00Z,B-(401호 회로창고 2),22.1,50.6
2026-05-10T18:00:00Z,A-(401호 회로창고 1),22.3,49.8
2026-05-10T18:00:00Z,B-(401호 회로창고 2),22.1,49.6
2026-05-10T19:00:00Z,A-(401호 회로창고 1),22.1,53.9
2026-05-10T19:00:00Z,B-(401호 회로창고 2),22.1,53.5
2026-05-10T20:00:00Z,A-(401호 회로창고 1),22.3,51.0
2026-05-10T20:00:00Z,B-(401호 회로창고 2),22.1,50.8
2026-05-10T21:00:00Z,A-(401호 회로창고 1),22.3,49.6
2026-05-10T21:00:00Z,B-(401호 회로창고 2),22.1,49.7
2026-05-10T22:00:00Z,A-(401호 회로창고 1),22.0,54.5
2026-05-10T22:00:00Z,B-(401호 회로창고 2),21.9,54.0
2026-05-10T23:00:00Z,A-(401호 회로창고 1),22.2,51.0
2026-05-10T23:00:00Z,B-(401호 회로창고 2),22.0,50.9
2026-05-11T00:00:00Z,A-(401호 회로창고 1),22.4,49.7
2026-05-11T00:00:00Z,B-(401호 회로창고 2),22.3,49.5
2026-05-11T00:00:00Z,C-(402호 수입검사),24.9,35.3
2026-05-11T00:00:00Z,D-(406호 기구창고),23.4,39.9
2026-05-11T00:00:00Z,E-(408호 OQC),22.0,43.7
2026-05-11T00:00:00Z,F-(807호 생산 Line),21.8,43.3
2026-05-11T00:00:00Z,G-(401호 기구창고),21.7,49.2
2026-05-11T01:00:00Z,A-(401호 회로창고 1),22.4,54.7
2026-05-11T01:00:00Z,B-(401호 회로창고 2),22.4,53.8
2026-05-11T01:00:00Z,C-(402호 수입검사),24.5,37.2
2026-05-11T01:00:00Z,D-(406호 기구창고),22.8,43.4
2026-05-11T01:00:00Z,E-(408호 OQC),22.0,46.5
2026-05-11T01:00:00Z,F-(807호 생산 Line),21.4,44.8
2026-05-11T01:00:00Z,G-(401호 기구창고),21.9,49.4
2026-05-11T02:00:00Z,A-(401호 회로창고 1),22.3,53.1
2026-05-11T02:00:00Z,B-(401호 회로창고 2),22.5,51.7
2026-05-11T02:00:00Z,C-(402호 수입검사),24.0,39.3
2026-05-11T02:00:00Z,D-(406호 기구창고),22.6,47.1
2026-05-11T02:00:00Z,E-(408호 OQC),22.2,47.9
2026-05-11T02:00:00Z,F-(807호 생산 Line),20.4,46.3
2026-05-11T02:00:00Z,G-(401호 기구창고),22.0,50.6
2026-05-11T03:00:00Z,A-(401호 회로창고 1),22.4,50.3
2026-05-11T03:00:00Z,B-(401호 회로창고 2),22.6,49.9
2026-05-11T03:00:00Z,C-(402호 수입검사),25.9,38.7
2026-05-11T03:00:00Z,D-(406호 기구창고),22.8,49.4
2026-05-11T03:00:00Z,E-(408호 OQC),22.2,49.4
2026-05-11T03:00:00Z,F-(807호 생산 Line),20.2,47.2
2026-05-11T03:00:00Z,G-(401호 기구창고),22.0,51.0
2026-05-11T04:00:00Z,A-(401호 회로창고 1),22.6,51.7
2026-05-11T04:00:00Z,B-(401호 회로창고 2),22.7,50.9
2026-05-11T04:00:00Z,C-(402호 수입검사),25.7,38.1
2026-05-11T04:00:00Z,D-(406호 기구창고),22.9,48.9
2026-05-11T04:00:00Z,E-(408호 OQC),22.3,51.1
2026-05-11T04:00:00Z,F-(807호 생산 Line),20.4,45.9
2026-05-11T04:00:00Z,G-(401호 기구창고),22.1,51.5
2026-05-11T05:00:00Z,A-(401호 회로창고 1),22.8,51.1
2026-05-11T05:00:00Z,B-(401호 회로창고 2),22.8,50.3
2026-05-11T05:00:00Z,C-(402호 수입검사),24.7,42.1
2026-05-11T05:00:00Z,D-(406호 기구창고),22.9,51.0
2026-05-11T05:00:00Z,E-(408호 OQC),22.4,54.6
2026-05-11T05:00:00Z,F-(807호 생산 Line),20.3,48.0
2026-05-11T05:00:00Z,G-(401호 기구창고),22.2,52.6
2026-05-11T06:00:00Z,A-(401호 회로창고 1),22.7,51.8
2026-05-11T06:00:00Z,B-(401호 회로창고 2),22.8,50.6
2026-05-11T06:00:00Z,C-(402호 수입검사),24.3,45.2
2026-05-11T06:00:00Z,D-(406호 기구창고),22.7,52.5
2026-05-11T06:00:00Z,E-(408호 OQC),22.0,51.1
2026-05-11T06:00:00Z,F-(807호 생산 Line),20.3,47.7
2026-05-11T06:00:00Z,G-(401호 기구창고),22.2,53.3
2026-05-11T07:00:00Z,A-(401호 회로창고 1),22.7,53.0
2026-05-11T07:00:00Z,B-(401호 회로창고 2),22.9,51.6
2026-05-11T07:00:00Z,C-(402호 수입검사),24.1,48.3
2026-05-11T07:00:00Z,D-(406호 기구창고),22.4,54.2
2026-05-11T07:00:00Z,E-(408호 OQC),21.9,51.0
2026-05-11T07:00:00Z,F-(807호 생산 Line),20.3,49.1
2026-05-11T07:00:00Z,G-(401호 기구창고),22.2,54.6
2026-05-11T08:00:00Z,A-(401호 회로창고 1),22.8,53.5
2026-05-11T08:00:00Z,B-(401호 회로창고 2),23.0,53.6
2026-05-11T08:00:00Z,C-(402호 수입검사),23.9,50.9
2026-05-11T08:00:00Z,D-(406호 기구창고),22.4,53.5
2026-05-11T08:00:00Z,E-(408호 OQC),21.9,53.2
2026-05-11T08:00:00Z,F-(807호 생산 Line),20.2,49.7
2026-05-11T08:00:00Z,G-(401호 기구창고),22.3,54.7
2026-05-11T09:00:00Z,A-(401호 회로창고 1),22.8,53.3
2026-05-11T09:00:00Z,B-(401호 회로창고 2),22.8,52.6
2026-05-11T10:00:00Z,A-(401호 회로창고 1),22.8,52.6
2026-05-11T10:00:00Z,B-(401호 회로창고 2),22.6,52.5
2026-05-11T11:00:00Z,A-(401호 회로창고 1),22.8,52.2
2026-05-11T11:00:00Z,B-(401호 회로창고 2),22.5,52.3
2026-05-11T12:00:00Z,A-(401호 회로창고 1),22.8,51.9
2026-05-11T12:00:00Z,B-(401호 회로창고 2),22.5,52.1
2026-05-11T13:00:00Z,A-(401호 회로창고 1),22.8,51.6
2026-05-11T13:00:00Z,B-(401호 회로창고 2),22.5,51.9
2026-05-11T14:00:00Z,A-(401호 회로창고 1),22.8,51.6
2026-05-11T14:00:00Z,B-(401호 회로창고 2),22.5,51.9
2026-05-11T15:00:00Z,A-(401호 회로창고 1),22.8,51.3
2026-05-11T15:00:00Z,B-(401호 회로창고 2),22.4,51.7
2026-05-11T16:00:00Z,A-(401호 회로창고 1),22.8,51.2
2026-05-11T16:00:00Z,B-(401호 회로창고 2),22.4,51.6
2026-05-11T17:00:00Z,A-(401호 회로창고 1),22.8,50.9
2026-05-11T17:00:00Z,B-(401호 회로창고 2),22.4,51.4
2026-05-11T18:00:00Z,A-(401호 회로창고 1),22.8,50.8
2026-05-11T18:00:00Z,B-(401호 회로창고 2),22.4,51.2
2026-05-11T19:00:00Z,A-(401호 회로창고 1),22.8,50.7
2026-05-11T19:00:00Z,B-(401호 회로창고 2),22.4,51.3
2026-05-11T20:00:00Z,A-(401호 회로창고 1),22.8,50.8
2026-05-11T20:00:00Z,B-(401호 회로창고 2),22.4,51.3
2026-05-11T21:00:00Z,A-(401호 회로창고 1),22.8,50.9
2026-05-11T21:00:00Z,B-(401호 회로창고 2),22.4,51.5
2026-05-11T22:00:00Z,A-(401호 회로창고 1),22.8,50.8
2026-05-11T22:00:00Z,B-(401호 회로창고 2),22.4,51.4
2026-05-11T23:00:00Z,A-(401호 회로창고 1),22.8,50.9
2026-05-11T23:00:00Z,B-(401호 회로창고 2),22.4,51.6
2026-05-12T00:00:00Z,A-(401호 회로창고 1),22.7,51.4
2026-05-12T00:00:00Z,B-(401호 회로창고 2),22.5,51.0
2026-05-12T00:00:00Z,C-(402호 수입검사),24.4,47.0
2026-05-12T00:00:00Z,D-(406호 기구창고),23.5,48.7
2026-05-12T00:00:00Z,E-(408호 OQC),22.3,64.8
2026-05-12T00:00:00Z,F-(807호 생산 Line),20.1,50.1
2026-05-12T00:00:00Z,G-(401호 기구창고),22.1,56.7
2026-05-12T01:00:00Z,A-(401호 회로창고 1),22.8,51.6
2026-05-12T01:00:00Z,B-(401호 회로창고 2),22.7,51.3
2026-05-12T01:00:00Z,C-(402호 수입검사),24.9,47.2
2026-05-12T01:00:00Z,D-(406호 기구창고),23.0,52.2
2026-05-12T01:00:00Z,E-(408호 OQC),22.7,62.5
2026-05-12T01:00:00Z,F-(807호 생산 Line),20.3,50.1
2026-05-12T01:00:00Z,G-(401호 기구창고),22.2,56.4
2026-05-12T02:00:00Z,A-(401호 회로창고 1),22.5,52.8
2026-05-12T02:00:00Z,B-(401호 회로창고 2),22.9,51.0
2026-05-12T02:00:00Z,C-(402호 수입검사),25.3,46.5
2026-05-12T02:00:00Z,D-(406호 기구창고),23.2,52.5
2026-05-12T02:00:00Z,E-(408호 OQC),22.7,59.6
2026-05-12T02:00:00Z,F-(807호 생산 Line),20.4,49.8
2026-05-12T02:00:00Z,G-(401호 기구창고),22.3,57.0
2026-05-12T03:00:00Z,A-(401호 회로창고 1),22.8,52.3
2026-05-12T03:00:00Z,B-(401호 회로창고 2),23.0,50.9
2026-05-12T03:00:00Z,C-(402호 수입검사),25.6,45.7
2026-05-12T03:00:00Z,D-(406호 기구창고),22.9,50.0
2026-05-12T03:00:00Z,E-(408호 OQC),22.3,55.2
2026-05-12T03:00:00Z,F-(807호 생산 Line),20.3,50.9
2026-05-12T03:00:00Z,G-(401호 기구창고),22.4,57.5
2026-05-12T04:00:00Z,A-(401호 회로창고 1),22.7,52.7
2026-05-12T04:00:00Z,B-(401호 회로창고 2),23.1,50.7
2026-05-12T04:00:00Z,C-(402호 수입검사),25.1,46.5
2026-05-12T04:00:00Z,D-(406호 기구창고),22.7,49.3
2026-05-12T04:00:00Z,E-(408호 OQC),22.4,57.8
2026-05-12T04:00:00Z,F-(807호 생산 Line),20.2,50.8
2026-05-12T04:00:00Z,G-(401호 기구창고),22.5,57.2
2026-05-12T05:00:00Z,A-(401호 회로창고 1),22.9,52.3
2026-05-12T05:00:00Z,B-(401호 회로창고 2),23.1,51.1
2026-05-12T05:00:00Z,C-(402호 수입검사),24.8,47.2
2026-05-12T05:00:00Z,D-(406호 기구창고),22.5,48.2
2026-05-12T05:00:00Z,E-(408호 OQC),22.3,56.3
2026-05-12T05:00:00Z,F-(807호 생산 Line),20.2,51.4
2026-05-12T05:00:00Z,G-(401호 기구창고),22.5,57.1
2026-05-12T06:00:00Z,A-(401호 회로창고 1),22.6,53.1
2026-05-12T06:00:00Z,B-(401호 회로창고 2),23.1,50.9
2026-05-12T06:00:00Z,C-(402호 수입검사),24.8,47.1
2026-05-12T06:00:00Z,D-(406호 기구창고),22.5,48.7
2026-05-12T06:00:00Z,E-(408호 OQC),22.3,57.5
2026-05-12T06:00:00Z,F-(807호 생산 Line),20.1,52.6
2026-05-12T06:00:00Z,G-(401호 기구창고),22.7,57.1
2026-05-12T07:00:00Z,A-(401호 회로창고 1),22.6,53.7
2026-05-12T07:00:00Z,B-(401호 회로창고 2),23.1,50.0
2026-05-12T07:00:00Z,C-(402호 수입검사),24.7,47.4
2026-05-12T07:00:00Z,D-(406호 기구창고),22.4,48.0
2026-05-12T07:00:00Z,E-(408호 OQC),22.4,57.8
2026-05-12T07:00:00Z,F-(807호 생산 Line),20.1,52.9
2026-05-12T07:00:00Z,G-(401호 기구창고),22.7,57.0
2026-05-12T08:00:00Z,A-(401호 회로창고 1),22.7,49.9
2026-05-12T08:00:00Z,B-(401호 회로창고 2),23.2,49.2
2026-05-12T08:00:00Z,C-(402호 수입검사),24.7,47.3
2026-05-12T08:00:00Z,D-(406호 기구창고),22.6,48.3
2026-05-12T08:00:00Z,E-(408호 OQC),22.4,58.6
2026-05-12T08:00:00Z,F-(807호 생산 Line),20.2,52.9
2026-05-12T08:00:00Z,G-(401호 기구창고),22.7,57.0
2026-05-12T09:00:00Z,A-(401호 회로창고 1),22.7,49.8
2026-05-12T09:00:00Z,B-(401호 회로창고 2),23.1,49.0
2026-05-12T10:00:00Z,A-(401호 회로창고 1),22.7,52.4
2026-05-12T10:00:00Z,B-(401호 회로창고 2),22.9,51.2
2026-05-12T11:00:00Z,A-(401호 회로창고 1),22.8,52.1
2026-05-12T11:00:00Z,B-(401호 회로창고 2),22.8,51.4
2026-05-12T12:00:00Z,A-(401호 회로창고 1),22.9,51.9
2026-05-12T12:00:00Z,B-(401호 회로창고 2),22.8,51.4
2026-05-12T13:00:00Z,A-(401호 회로창고 1),22.9,51.6
2026-05-12T13:00:00Z,B-(401호 회로창고 2),22.7,51.3
2026-05-12T14:00:00Z,A-(401호 회로창고 1),22.9,51.4
2026-05-12T14:00:00Z,B-(401호 회로창고 2),22.7,51.2
2026-05-12T15:00:00Z,A-(401호 회로창고 1),22.9,51.3
2026-05-12T15:00:00Z,B-(401호 회로창고 2),22.7,51.2
2026-05-12T16:00:00Z,A-(401호 회로창고 1),22.9,51.2
2026-05-12T16:00:00Z,B-(401호 회로창고 2),22.7,51.1
2026-05-12T17:00:00Z,A-(401호 회로창고 1),22.9,51.0
2026-05-12T17:00:00Z,B-(401호 회로창고 2),22.6,51.0
2026-05-12T18:00:00Z,A-(401호 회로창고 1),22.9,50.9
2026-05-12T18:00:00Z,B-(401호 회로창고 2),22.6,51.0
2026-05-12T19:00:00Z,A-(401호 회로창고 1),22.7,51.1
2026-05-12T19:00:00Z,B-(401호 회로창고 2),22.5,50.9
2026-05-12T20:00:00Z,A-(401호 회로창고 1),22.8,50.7
2026-05-12T20:00:00Z,B-(401호 회로창고 2),22.5,50.8
2026-05-12T21:00:00Z,A-(401호 회로창고 1),22.9,50.4
2026-05-12T21:00:00Z,B-(401호 회로창고 2),22.5,50.7
2026-05-12T22:00:00Z,A-(401호 회로창고 1),22.8,50.4
2026-05-12T22:00:00Z,B-(401호 회로창고 2),22.5,50.6
2026-05-12T23:00:00Z,A-(401호 회로창고 1),22.8,50.2
2026-05-12T23:00:00Z,B-(401호 회로창고 2),22.5,50.6
2026-05-13T00:00:00Z,A-(401호 회로창고 1),22.7,51.3
2026-05-13T00:00:00Z,B-(401호 회로창고 2),22.6,50.7
2026-05-13T00:00:00Z,C-(402호 수입검사),23.3,47.8
2026-05-13T00:00:00Z,D-(406호 기구창고),24.7,48.1
2026-05-13T00:00:00Z,E-(408호 OQC),22.4,52.0
2026-05-13T00:00:00Z,F-(807호 생산 Line),20.2,49.6
2026-05-13T00:00:00Z,G-(401호 기구창고),22.1,56.0
2026-05-13T01:00:00Z,A-(401호 회로창고 1),22.7,52.2
2026-05-13T01:00:00Z,B-(401호 회로창고 2),22.8,50.9
2026-05-13T01:00:00Z,C-(402호 수입검사),23.6,48.7
2026-05-13T01:00:00Z,D-(406호 기구창고),24.2,46.5
2026-05-13T01:00:00Z,E-(408호 OQC),22.3,50.9
2026-05-13T01:00:00Z,F-(807호 생산 Line),20.2,50.2
2026-05-13T01:00:00Z,G-(401호 기구창고),22.3,56.1
2026-05-13T02:00:00Z,A-(401호 회로창고 1),22.6,52.5
2026-05-13T02:00:00Z,B-(401호 회로창고 2),23.0,50.6
2026-05-13T02:00:00Z,C-(402호 수입검사),23.8,47.4
2026-05-13T02:00:00Z,D-(406호 기구창고),23.7,46.3
2026-05-13T02:00:00Z,E-(408호 OQC),22.2,51.2
2026-05-13T02:00:00Z,F-(807호 생산 Line),20.1,51.6
2026-05-13T02:00:00Z,G-(401호 기구창고),22.5,56.3
2026-05-13T03:00:00Z,A-(401호 회로창고 1),22.4,53.1
2026-05-13T03:00:00Z,B-(401호 회로창고 2),22.9,50.6
2026-05-13T03:00:00Z,C-(402호 수입검사),24.0,46.6
2026-05-13T03:00:00Z,D-(406호 기구창고),23.2,46.5
2026-05-13T03:00:00Z,E-(408호 OQC),22.0,50.3
2026-05-13T03:00:00Z,F-(807호 생산 Line),20.1,51.6
2026-05-13T03:00:00Z,G-(401호 기구창고),22.6,56.1
2026-05-13T04:00:00Z,A-(401호 회로창고 1),22.6,52.7
2026-05-13T04:00:00Z,B-(401호 회로창고 2),23.1,49.8
2026-05-13T04:00:00Z,C-(402호 수입검사),26.2,41.4
2026-05-13T04:00:00Z,D-(406호 기구창고),22.9,45.9
2026-05-13T04:00:00Z,E-(408호 OQC),21.7,49.0
2026-05-13T04:00:00Z,F-(807호 생산 Line),20.3,50.7
2026-05-13T04:00:00Z,G-(401호 기구창고),22.7,55.9
2026-05-13T05:00:00Z,A-(401호 회로창고 1),22.8,52.7
2026-05-13T05:00:00Z,B-(401호 회로창고 2),23.2,50.5
2026-05-13T05:00:00Z,C-(402호 수입검사),25.3,43.9
2026-05-13T05:00:00Z,D-(406호 기구창고),22.8,46.0
2026-05-13T05:00:00Z,E-(408호 OQC),21.7,50.8
2026-05-13T05:00:00Z,F-(807호 생산 Line),20.3,52.5
2026-05-13T05:00:00Z,G-(401호 기구창고),22.8,56.1
2026-05-13T06:00:00Z,A-(401호 회로창고 1),22.6,53.9
2026-05-13T06:00:00Z,C-(402호 수입검사),25.1,45.1
2026-05-13T06:00:00Z,D-(406호 기구창고),22.6,47.0
2026-05-13T06:00:00Z,E-(408호 OQC),21.8,51.9
2026-05-13T06:00:00Z,F-(807호 생산 Line),21.3,54.6
2026-05-13T06:00:00Z,G-(401호 기구창고),22.9,56.7
2026-05-13T07:00:00Z,A-(401호 회로창고 1),22.7,54.1
2026-05-13T07:00:00Z,B-(401호 회로창고 2),23.3,51.1
2026-05-13T07:00:00Z,C-(402호 수입검사),24.9,45.6
2026-05-13T07:00:00Z,D-(406호 기구창고),22.5,46.8
2026-05-13T07:00:00Z,E-(408호 OQC),22.2,54.4
2026-05-13T07:00:00Z,F-(807호 생산 Line),20.5,51.0
2026-05-13T07:00:00Z,G-(401호 기구창고),22.9,56.0
2026-05-13T08:00:00Z,A-(401호 회로창고 1),22.6,54.0
2026-05-13T08:00:00Z,B-(401호 회로창고 2),23.3,50.1
2026-05-13T08:00:00Z,C-(402호 수입검사),24.8,45.9
2026-05-13T08:00:00Z,D-(406호 기구창고),22.7,47.7
2026-05-13T08:00:00Z,E-(408호 OQC),22.5,54.6
2026-05-13T08:00:00Z,F-(807호 생산 Line),20.1,52.7
2026-05-13T08:00:00Z,G-(401호 기구창고),22.9,55.9
2026-05-13T09:00:00Z,A-(401호 회로창고 1),22.8,52.9
2026-05-13T09:00:00Z,B-(401호 회로창고 2),23.3,50.6
2026-05-13T10:00:00Z,A-(401호 회로창고 1),22.6,53.2
2026-05-13T10:00:00Z,B-(401호 회로창고 2),23.2,49.8
2026-05-13T11:00:00Z,A-(401호 회로창고 1),22.9,52.1
2026-05-13T11:00:00Z,B-(401호 회로창고 2),23.0,51.0
2026-05-13T12:00:00Z,A-(401호 회로창고 1),22.7,52.5
2026-05-13T12:00:00Z,B-(401호 회로창고 2),22.8,51.0
2026-05-13T13:00:00Z,A-(401호 회로창고 1),22.9,51.8
2026-05-13T13:00:00Z,B-(401호 회로창고 2),22.9,51.1
2026-05-13T14:00:00Z,A-(401호 회로창고 1),23.0,51.5
2026-05-13T14:00:00Z,B-(401호 회로창고 2),22.9,51.1
2026-05-13T15:00:00Z,A-(401호 회로창고 1),22.9,51.7
2026-05-13T15:00:00Z,B-(401호 회로창고 2),22.8,51.2
2026-05-13T16:00:00Z,A-(401호 회로창고 1),22.7,51.9
2026-05-13T16:00:00Z,B-(401호 회로창고 2),22.7,51.2
2026-05-13T17:00:00Z,A-(401호 회로창고 1),22.9,51.2
2026-05-13T17:00:00Z,B-(401호 회로창고 2),22.7,51.0
2026-05-13T18:00:00Z,A-(401호 회로창고 1),22.8,51.4
2026-05-13T18:00:00Z,B-(401호 회로창고 2),22.7,50.9
2026-05-13T19:00:00Z,A-(401호 회로창고 1),23.0,51.0
2026-05-13T19:00:00Z,B-(401호 회로창고 2),22.7,50.9
2026-05-13T20:00:00Z,A-(401호 회로창고 1),23.0,50.7
2026-05-13T20:00:00Z,B-(401호 회로창고 2),22.7,50.8
2026-05-13T21:00:00Z,A-(401호 회로창고 1),22.9,50.9
2026-05-13T21:00:00Z,B-(401호 회로창고 2),22.7,50.8
2026-05-13T22:00:00Z,A-(401호 회로창고 1),23.0,50.8
2026-05-13T22:00:00Z,B-(401호 회로창고 2),22.7,50.8
2026-05-13T23:00:00Z,A-(401호 회로창고 1),22.8,51.1
2026-05-13T23:00:00Z,B-(401호 회로창고 2),22.7,50.7
2026-05-14T00:00:00Z,A-(401호 회로창고 1),23.0,50.7
2026-05-14T00:00:00Z,B-(401호 회로창고 2),22.7,50.6
2026-05-14T00:00:00Z,C-(402호 수입검사),23.7,48.6
2026-05-14T00:00:00Z,D-(406호 기구창고),24.7,46.1
2026-05-14T00:00:00Z,E-(408호 OQC),22.3,52.4
2026-05-14T00:00:00Z,F-(807호 생산 Line),20.2,52.0
2026-05-14T00:00:00Z,G-(401호 기구창고),22.4,56.4
2026-05-14T01:00:00Z,A-(401호 회로창고 1),23.0,50.8
2026-05-14T01:00:00Z,B-(401호 회로창고 2),22.8,50.5
2026-05-14T01:00:00Z,C-(402호 수입검사),23.9,47.8
2026-05-14T01:00:00Z,D-(406호 기구창고),24.3,45.8
2026-05-14T01:00:00Z,E-(408호 OQC),22.5,52.4
2026-05-14T01:00:00Z,F-(807호 생산 Line),20.2,51.4
2026-05-14T01:00:00Z,G-(401호 기구창고),22.6,56.3
2026-05-14T02:00:00Z,A-(401호 회로창고 1),22.7,51.8
2026-05-14T02:00:00Z,B-(401호 회로창고 2),23.0,50.1
2026-05-14T02:00:00Z,C-(402호 수입검사),24.0,47.8
2026-05-14T02:00:00Z,D-(406호 기구창고),23.9,45.6
2026-05-14T02:00:00Z,E-(408호 OQC),22.4,50.1
2026-05-14T02:00:00Z,F-(807호 생산 Line),20.0,51.7
2026-05-14T02:00:00Z,G-(401호 기구창고),22.6,56.6
2026-05-14T03:00:00Z,A-(401호 회로창고 1),22.8,49.1
2026-05-14T03:00:00Z,B-(401호 회로창고 2),23.3,48.5
2026-05-14T03:00:00Z,C-(402호 수입검사),24.4,45.7
2026-05-14T03:00:00Z,D-(406호 기구창고),23.6,45.3
2026-05-14T03:00:00Z,E-(408호 OQC),22.3,49.7
2026-05-14T03:00:00Z,F-(807호 생산 Line),20.2,50.6
2026-05-14T03:00:00Z,G-(401호 기구창고),22.8,56.1
2026-05-14T04:00:00Z,A-(401호 회로창고 1),22.8,50.8
2026-05-14T04:00:00Z,B-(401호 회로창고 2),23.4,49.0
2026-05-14T04:00:00Z,C-(402호 수입검사),24.8,43.0
2026-05-14T04:00:00Z,D-(406호 기구창고),23.2,45.0
2026-05-14T04:00:00Z,E-(408호 OQC),21.0,51.8
2026-05-14T04:00:00Z,F-(807호 생산 Line),20.3,48.9
2026-05-14T04:00:00Z,G-(401호 기구창고),22.9,55.0
2026-05-14T05:00:00Z,A-(401호 회로창고 1),22.8,50.2
2026-05-14T05:00:00Z,B-(401호 회로창고 2),23.5,48.3
2026-05-14T05:00:00Z,C-(402호 수입검사),24.9,41.7
2026-05-14T05:00:00Z,D-(406호 기구창고),22.8,45.0
2026-05-14T05:00:00Z,E-(408호 OQC),22.1,51.6
2026-05-14T05:00:00Z,F-(807호 생산 Line),20.8,48.6
2026-05-14T05:00:00Z,G-(401호 기구창고),23.1,53.7
2026-05-14T06:00:00Z,A-(401호 회로창고 1),22.8,49.5
2026-05-14T06:00:00Z,B-(401호 회로창고 2),23.5,47.7
2026-05-14T06:00:00Z,C-(402호 수입검사),24.9,41.2
2026-05-14T06:00:00Z,D-(406호 기구창고),22.9,45.5
2026-05-14T06:00:00Z,E-(408호 OQC),22.1,52.3
2026-05-14T06:00:00Z,F-(807호 생산 Line),20.9,49.2
2026-05-14T06:00:00Z,G-(401호 기구창고),23.2,53.1
2026-05-14T07:00:00Z,A-(401호 회로창고 1),22.8,49.3
2026-05-14T07:00:00Z,B-(401호 회로창고 2),23.5,47.4
2026-05-14T07:00:00Z,C-(402호 수입검사),25.1,40.6
2026-05-14T07:00:00Z,D-(406호 기구창고),22.7,44.1
2026-05-14T07:00:00Z,E-(408호 OQC),21.9,48.4
2026-05-14T07:00:00Z,F-(807호 생산 Line),21.0,49.8
2026-05-14T07:00:00Z,G-(401호 기구창고),23.2,52.8
2026-05-14T08:00:00Z,A-(401호 회로창고 1),22.8,50.1
2026-05-14T08:00:00Z,B-(401호 회로창고 2),23.4,47.7
2026-05-14T08:00:00Z,C-(402호 수입검사),25.1,40.6
2026-05-14T08:00:00Z,D-(406호 기구창고),23.1,46.4
2026-05-14T08:00:00Z,E-(408호 OQC),21.7,47.7
2026-05-14T08:00:00Z,F-(807호 생산 Line),21.1,49.9
2026-05-14T08:00:00Z,G-(401호 기구창고),23.3,52.7
2026-05-14T09:00:00Z,A-(401호 회로창고 1),22.9,49.7
2026-05-14T09:00:00Z,B-(401호 회로창고 2),23.3,47.9
2026-05-14T10:00:00Z,A-(401호 회로창고 1),23.0,49.4
2026-05-14T10:00:00Z,B-(401호 회로창고 2),23.2,48.3
2026-05-14T11:00:00Z,A-(401호 회로창고 1),23.0,47.7
2026-05-14T11:00:00Z,B-(401호 회로창고 2),23.1,47.5
2026-05-14T12:00:00Z,A-(401호 회로창고 1),22.7,50.2
2026-05-14T12:00:00Z,B-(401호 회로창고 2),22.9,48.7
2026-05-14T13:00:00Z,A-(401호 회로창고 1),22.9,49.8
2026-05-14T13:00:00Z,B-(401호 회로창고 2),23.0,48.8
2026-05-14T14:00:00Z,A-(401호 회로창고 1),23.0,49.4
2026-05-14T14:00:00Z,B-(401호 회로창고 2),23.0,48.7
2026-05-14T15:00:00Z,A-(401호 회로창고 1),23.0,47.2
2026-05-14T15:00:00Z,B-(401호 회로창고 2),23.0,47.7
2026-05-14T16:00:00Z,A-(401호 회로창고 1),22.7,49.9
2026-05-14T16:00:00Z,B-(401호 회로창고 2),22.8,48.7
2026-05-14T17:00:00Z,A-(401호 회로창고 1),22.8,49.8
2026-05-14T17:00:00Z,B-(401호 회로창고 2),22.9,48.8
2026-05-14T18:00:00Z,A-(401호 회로창고 1),22.9,49.6
2026-05-14T18:00:00Z,B-(401호 회로창고 2),22.9,48.8
2026-05-14T19:00:00Z,A-(401호 회로창고 1),23.0,49.6
2026-05-14T19:00:00Z,B-(401호 회로창고 2),22.9,49.0
2026-05-14T20:00:00Z,A-(401호 회로창고 1),23.1,49.4
2026-05-14T20:00:00Z,B-(401호 회로창고 2),22.9,49.0
2026-05-14T21:00:00Z,A-(401호 회로창고 1),23.1,48.9
2026-05-14T21:00:00Z,B-(401호 회로창고 2),22.9,49.2
2026-05-14T22:00:00Z,A-(401호 회로창고 1),22.8,49.8
2026-05-14T22:00:00Z,B-(401호 회로창고 2),22.7,49.3
2026-05-14T23:00:00Z,A-(401호 회로창고 1),22.8,49.9
2026-05-14T23:00:00Z,B-(401호 회로창고 2),22.8,49.3
2026-05-15T00:00:00Z,A-(401호 회로창고 1),23.0,49.7
2026-05-15T00:00:00Z,B-(401호 회로창고 2),23.0,49.0
2026-05-15T00:00:00Z,C-(402호 수입검사),24.1,46.7
2026-05-15T00:00:00Z,D-(406호 기구창고),25.5,45.6
2026-05-15T00:00:00Z,E-(408호 OQC),23.0,51.7
2026-05-15T00:00:00Z,F-(807호 생산 Line),21.1,49.4
2026-05-15T00:00:00Z,G-(401호 기구창고),22.9,54.7
2026-05-15T01:00:00Z,A-(401호 회로창고 1),22.8,50.8
2026-05-15T01:00:00Z,B-(401호 회로창고 2),23.1,48.9
2026-05-15T01:00:00Z,C-(402호 수입검사),24.3,46.9
2026-05-15T01:00:00Z,D-(406호 기구창고),24.9,44.1
2026-05-15T01:00:00Z,E-(408호 OQC),22.8,50.6
2026-05-15T01:00:00Z,F-(807호 생산 Line),21.1,49.8
2026-05-15T01:00:00Z,G-(401호 기구창고),23.1,55.2
2026-05-15T02:00:00Z,A-(401호 회로창고 1),22.7,52.4
2026-05-15T02:00:00Z,B-(401호 회로창고 2),23.2,49.4
2026-05-15T02:00:00Z,C-(402호 수입검사),24.7,46.9
2026-05-15T02:00:00Z,D-(406호 기구창고),24.3,44.5
2026-05-15T02:00:00Z,E-(408호 OQC),22.6,50.4
2026-05-15T02:00:00Z,F-(807호 생산 Line),21.2,48.7
2026-05-15T02:00:00Z,G-(401호 기구창고),23.3,55.3
2026-05-15T03:00:00Z,A-(401호 회로창고 1),22.7,52.7
2026-05-15T03:00:00Z,B-(401호 회로창고 2),23.4,49.9
2026-05-15T03:00:00Z,C-(402호 수입검사),24.9,46.6
2026-05-15T03:00:00Z,D-(406호 기구창고),23.9,44.3
2026-05-15T03:00:00Z,E-(408호 OQC),22.4,49.9
2026-05-15T03:00:00Z,F-(807호 생산 Line),21.0,49.7
2026-05-15T03:00:00Z,G-(401호 기구창고),23.4,55.3
2026-05-15T04:00:00Z,A-(401호 회로창고 1),22.7,51.9
2026-05-15T04:00:00Z,B-(401호 회로창고 2),23.5,48.1
2026-05-15T04:00:00Z,C-(402호 수입검사),25.1,46.1
2026-05-15T04:00:00Z,D-(406호 기구창고),23.6,44.7
2026-05-15T04:00:00Z,E-(408호 OQC),22.6,48.9
2026-05-15T04:00:00Z,F-(807호 생산 Line),21.2,48.4
2026-05-15T04:00:00Z,G-(401호 기구창고),23.5,55.0
2026-05-15T05:00:00Z,A-(401호 회로창고 1),22.9,52.2
2026-05-15T05:00:00Z,B-(401호 회로창고 2),23.5,49.5
2026-05-15T05:00:00Z,C-(402호 수입검사),25.3,44.6
2026-05-15T05:00:00Z,D-(406호 기구창고),23.3,44.3
2026-05-15T05:00:00Z,E-(408호 OQC),22.7,48.6
2026-05-15T05:00:00Z,F-(807호 생산 Line),21.2,49.2
2026-05-15T05:00:00Z,G-(401호 기구창고),23.6,54.4
2026-05-15T06:00:00Z,A-(401호 회로창고 1),22.8,52.6
2026-05-15T06:00:00Z,B-(401호 회로창고 2),23.6,49.3
2026-05-15T06:00:00Z,C-(402호 수입검사),25.4,42.7
2026-05-15T06:00:00Z,D-(406호 기구창고),23.1,44.4
2026-05-15T06:00:00Z,E-(408호 OQC),22.6,47.5
2026-05-15T06:00:00Z,F-(807호 생산 Line),21.0,49.6
2026-05-15T06:00:00Z,G-(401호 기구창고),23.7,53.3
2026-05-15T07:00:00Z,A-(401호 회로창고 1),22.6,52.1
2026-05-15T07:00:00Z,B-(401호 회로창고 2),23.5,48.7
2026-05-15T07:00:00Z,C-(402호 수입검사),25.4,41.9
2026-05-15T07:00:00Z,D-(406호 기구창고),23.1,44.9
2026-05-15T07:00:00Z,E-(408호 OQC),20.9,50.3
2026-05-15T07:00:00Z,F-(807호 생산 Line),21.0,50.0
2026-05-15T07:00:00Z,G-(401호 기구창고),23.8,52.6
2026-05-15T08:00:00Z,A-(401호 회로창고 1),22.6,52.0
2026-05-15T08:00:00Z,B-(401호 회로창고 2),23.4,48.4
2026-05-15T08:00:00Z,C-(402호 수입검사),25.5,42.0
2026-05-15T08:00:00Z,D-(406호 기구창고),23.4,45.1
2026-05-15T08:00:00Z,E-(408호 OQC),20.2,53.8
2026-05-15T08:00:00Z,F-(807호 생산 Line),21.7,51.1
2026-05-15T08:00:00Z,G-(401호 기구창고),23.8,52.5
2026-05-15T09:00:00Z,A-(401호 회로창고 1),22.8,51.9
2026-05-15T09:00:00Z,B-(401호 회로창고 2),23.3,49.1
2026-05-15T10:00:00Z,A-(401호 회로창고 1),22.7,51.7
2026-05-15T10:00:00Z,B-(401호 회로창고 2),23.2,49.4
2026-05-15T11:00:00Z,A-(401호 회로창고 1),22.6,52.0
2026-05-15T11:00:00Z,B-(401호 회로창고 2),23.1,49.3
2026-05-15T12:00:00Z,A-(401호 회로창고 1),22.8,49.5
2026-05-15T12:00:00Z,B-(401호 회로창고 2),23.1,48.2
2026-05-15T13:00:00Z,A-(401호 회로창고 1),22.9,51.4
2026-05-15T13:00:00Z,B-(401호 회로창고 2),23.1,49.8
2026-05-15T14:00:00Z,A-(401호 회로창고 1),22.7,51.8
2026-05-15T14:00:00Z,B-(401호 회로창고 2),23.0,49.9
2026-05-15T15:00:00Z,A-(401호 회로창고 1),22.7,51.9
2026-05-15T16:00:00Z,A-(401호 회로창고 1),22.8,51.6
2026-05-15T16:00:00Z,B-(401호 회로창고 2),23.0,50.1
2026-05-15T17:00:00Z,A-(401호 회로창고 1),22.7,51.8
2026-05-15T17:00:00Z,B-(401호 회로창고 2),22.9,50.2
2026-05-15T18:00:00Z,A-(401호 회로창고 1),22.9,49.5
2026-05-15T18:00:00Z,B-(401호 회로창고 2),23.0,49.3
2026-05-15T19:00:00Z,A-(401호 회로창고 1),22.9,51.4
2026-05-15T19:00:00Z,B-(401호 회로창고 2),22.9,50.2
2026-05-15T20:00:00Z,A-(401호 회로창고 1),22.7,51.7
2026-05-15T20:00:00Z,B-(401호 회로창고 2),22.8,50.3
2026-05-15T21:00:00Z,A-(401호 회로창고 1),22.9,51.2
2026-05-15T21:00:00Z,B-(401호 회로창고 2),22.9,50.4
2026-05-15T22:00:00Z,A-(401호 회로창고 1),22.7,51.6
2026-05-15T22:00:00Z,B-(401호 회로창고 2),22.8,50.4
2026-05-15T23:00:00Z,A-(401호 회로창고 1),22.8,49.8
2026-05-15T23:00:00Z,B-(401호 회로창고 2),22.9,49.2
2026-05-16T00:00:00Z,A-(401호 회로창고 1),22.9,51.7
2026-05-16T00:00:00Z,B-(401호 회로창고 2),22.9,50.6
2026-05-16T01:00:00Z,A-(401호 회로창고 1),22.8,52.0
2026-05-16T01:00:00Z,B-(401호 회로창고 2),23.0,50.6
2026-05-16T02:00:00Z,A-(401호 회로창고 1),22.7,52.5
2026-05-16T02:00:00Z,B-(401호 회로창고 2),23.0,50.4
2026-05-16T03:00:00Z,A-(401호 회로창고 1),22.6,52.7
2026-05-16T03:00:00Z,B-(401호 회로창고 2),23.1,49.5
2026-05-16T04:00:00Z,A-(401호 회로창고 1),22.7,52.7
2026-05-16T04:00:00Z,B-(401호 회로창고 2),23.2,49.2
2026-05-16T05:00:00Z,A-(401호 회로창고 1),22.6,52.6
2026-05-16T05:00:00Z,B-(401호 회로창고 2),23.3,49.1
2026-05-16T06:00:00Z,A-(401호 회로창고 1),22.6,52.4
2026-05-16T06:00:00Z,B-(401호 회로창고 2),23.2,49.3
2026-05-16T07:00:00Z,A-(401호 회로창고 1),22.6,52.2
2026-05-16T07:00:00Z,B-(401호 회로창고 2),23.2,49.5
2026-05-16T08:00:00Z,A-(401호 회로창고 1),22.7,51.8
2026-05-16T08:00:00Z,B-(401호 회로창고 2),23.2,49.4
2026-05-16T09:00:00Z,A-(401호 회로창고 1),22.8,51.4
2026-05-16T09:00:00Z,B-(401호 회로창고 2),23.2,49.2
2026-05-16T10:00:00Z,A-(401호 회로창고 1),22.7,51.1
2026-05-16T10:00:00Z,B-(401호 회로창고 2),23.1,49.1
2026-05-16T11:00:00Z,A-(401호 회로창고 1),22.7,51.1
2026-05-16T11:00:00Z,B-(401호 회로창고 2),23.1,49.0
2026-05-16T12:00:00Z,A-(401호 회로창고 1),22.7,51.2
2026-05-16T12:00:00Z,B-(401호 회로창고 2),23.0,49.2
2026-05-16T13:00:00Z,A-(401호 회로창고 1),22.6,51.4
2026-05-16T13:00:00Z,B-(401호 회로창고 2),23.0,49.3
2026-05-16T14:00:00Z,A-(401호 회로창고 1),22.6,51.4
2026-05-16T14:00:00Z,B-(401호 회로창고 2),23.0,48.8
2026-05-16T15:00:00Z,A-(401호 회로창고 1),22.9,49.7
2026-05-16T15:00:00Z,B-(401호 회로창고 2),23.0,49.2
2026-05-16T16:00:00Z,A-(401호 회로창고 1),22.9,50.7
2026-05-16T16:00:00Z,B-(401호 회로창고 2),23.0,49.5
2026-05-16T17:00:00Z,A-(401호 회로창고 1),22.8,50.8
2026-05-16T17:00:00Z,B-(401호 회로창고 2),22.9,49.5
2026-05-16T18:00:00Z,A-(401호 회로창고 1),22.7,50.9
2026-05-16T18:00:00Z,B-(401호 회로창고 2),22.9,49.6
2026-05-16T19:00:00Z,A-(401호 회로창고 1),22.8,49.9
2026-05-16T19:00:00Z,B-(401호 회로창고 2),22.9,48.3
2026-05-16T20:00:00Z,A-(401호 회로창고 1),22.9,50.3
2026-05-16T20:00:00Z,B-(401호 회로창고 2),22.9,49.6
2026-05-16T21:00:00Z,A-(401호 회로창고 1),22.9,50.3
2026-05-16T21:00:00Z,B-(401호 회로창고 2),22.9,49.4
2026-05-16T22:00:00Z,A-(401호 회로창고 1),22.7,50.5
2026-05-16T22:00:00Z,B-(401호 회로창고 2),22.8,49.4
2026-05-16T23:00:00Z,A-(401호 회로창고 1),22.7,50.6
2026-05-16T23:00:00Z,B-(401호 회로창고 2),22.8,48.7
2026-05-17T00:00:00Z,A-(401호 회로창고 1),22.9,49.8
2026-05-17T00:00:00Z,B-(401호 회로창고 2),23.0,49.1
2026-05-17T01:00:00Z,A-(401호 회로창고 1),22.8,50.1
2026-05-17T01:00:00Z,B-(401호 회로창고 2),23.0,48.9
2026-05-17T02:00:00Z,A-(401호 회로창고 1),22.8,50.3
2026-05-17T02:00:00Z,B-(401호 회로창고 2),23.1,48.6
2026-05-17T03:00:00Z,A-(401호 회로창고 1),22.8,50.3
2026-05-17T03:00:00Z,B-(401호 회로창고 2),23.2,48.3
2026-05-17T04:00:00Z,A-(401호 회로창고 1),22.8,50.0
2026-05-17T04:00:00Z,B-(401호 회로창고 2),23.2,48.0
2026-05-17T05:00:00Z,A-(401호 회로창고 1),22.8,49.7
2026-05-17T05:00:00Z,B-(401호 회로창고 2),23.3,47.6
2026-05-17T06:00:00Z,A-(401호 회로창고 1),22.9,49.4
2026-05-17T06:00:00Z,B-(401호 회로창고 2),23.3,47.4
2026-05-17T07:00:00Z,A-(401호 회로창고 1),22.7,49.3
2026-05-17T07:00:00Z,B-(401호 회로창고 2),23.3,46.0
2026-05-17T08:00:00Z,A-(401호 회로창고 1),22.6,49.5
2026-05-17T08:00:00Z,B-(401호 회로창고 2),23.2,46.9
2026-05-17T09:00:00Z,A-(401호 회로창고 1),22.7,51.9
2026-05-17T09:00:00Z,B-(401호 회로창고 2),23.2,49.3
2026-05-17T10:00:00Z,A-(401호 회로창고 1),22.8,50.8
2026-05-17T10:00:00Z,B-(401호 회로창고 2),23.2,48.8
2026-05-17T11:00:00Z,A-(401호 회로창고 1),22.9,50.3
2026-05-17T11:00:00Z,B-(401호 회로창고 2),23.2,48.6
2026-05-17T12:00:00Z,A-(401호 회로창고 1),22.9,50.0
2026-05-17T12:00:00Z,B-(401호 회로창고 2),23.1,48.6
2026-05-17T13:00:00Z,A-(401호 회로창고 1),22.9,48.9
2026-05-17T13:00:00Z,B-(401호 회로창고 2),23.1,48.1
2026-05-17T14:00:00Z,A-(401호 회로창고 1),22.9,48.6
2026-05-17T14:00:00Z,B-(401호 회로창고 2),23.1,47.9
2026-05-17T15:00:00Z,A-(401호 회로창고 1),22.9,48.4
2026-05-17T15:00:00Z,B-(401호 회로창고 2),23.0,48.2
2026-05-17T16:00:00Z,A-(401호 회로창고 1),22.9,49.4
2026-05-17T16:00:00Z,B-(401호 회로창고 2),23.0,48.5
2026-05-17T17:00:00Z,A-(401호 회로창고 1),22.9,49.5
2026-05-17T17:00:00Z,B-(401호 회로창고 2),23.0,48.7
2026-05-17T18:00:00Z,A-(401호 회로창고 1),22.9,49.5
2026-05-17T18:00:00Z,B-(401호 회로창고 2),22.9,48.5
2026-05-17T19:00:00Z,A-(401호 회로창고 1),22.9,49.5
2026-05-17T19:00:00Z,B-(401호 회로창고 2),22.9,48.5
2026-05-17T20:00:00Z,A-(401호 회로창고 1),22.8,49.5
2026-05-17T20:00:00Z,B-(401호 회로창고 2),22.9,48.5
2026-05-17T21:00:00Z,A-(401호 회로창고 1),22.8,49.4
2026-05-17T21:00:00Z,B-(401호 회로창고 2),22.8,48.4
2026-05-17T22:00:00Z,A-(401호 회로창고 1),22.7,49.5
2026-05-17T22:00:00Z,B-(401호 회로창고 2),22.8,48.4
2026-05-17T23:00:00Z,A-(401호 회로창고 1),22.7,49.7
2026-05-17T23:00:00Z,B-(401호 회로창고 2),22.8,47.6
2026-05-18T00:00:00Z,A-(401호 회로창고 1),22.7,49.6
2026-05-18T00:00:00Z,B-(401호 회로창고 2),22.9,47.3
2026-05-18T00:00:00Z,C-(402호 수입검사),24.4,43.3
2026-05-18T00:00:00Z,D-(406호 기구창고),26.7,40.1
2026-05-18T00:00:00Z,E-(408호 OQC),21.8,48.2
2026-05-18T00:00:00Z,F-(807호 생산 Line),20.4,49.2
2026-05-18T00:00:00Z,G-(401호 기구창고),23.5,51.3
2026-05-18T01:00:00Z,A-(401호 회로창고 1),22.9,50.7
2026-05-18T01:00:00Z,B-(401호 회로창고 2),23.3,49.4
2026-05-18T01:00:00Z,C-(402호 수입검사),24.7,42.7
2026-05-18T01:00:00Z,D-(406호 기구창고),26.2,42.8
2026-05-18T01:00:00Z,E-(408호 OQC),20.9,50.6
2026-05-18T01:00:00Z,F-(807호 생산 Line),21.0,53.2
2026-05-18T01:00:00Z,G-(401호 기구창고),23.7,51.1
2026-05-18T02:00:00Z,A-(401호 회로창고 1),22.7,51.2
2026-05-18T02:00:00Z,B-(401호 회로창고 2),23.3,47.9
2026-05-18T02:00:00Z,C-(402호 수입검사),25.0,42.8
2026-05-18T02:00:00Z,D-(406호 기구창고),25.7,47.5
2026-05-18T02:00:00Z,E-(408호 OQC),20.5,50.4
2026-05-18T02:00:00Z,F-(807호 생산 Line),21.8,49.7
2026-05-18T02:00:00Z,G-(401호 기구창고),23.9,51.0
2026-05-18T03:00:00Z,A-(401호 회로창고 1),22.7,51.9
2026-05-18T03:00:00Z,B-(401호 회로창고 2),23.5,47.9
2026-05-18T03:00:00Z,C-(402호 수입검사),25.3,44.1
2026-05-18T03:00:00Z,D-(406호 기구창고),25.2,46.8
2026-05-18T03:00:00Z,E-(408호 OQC),20.0,50.5
2026-05-18T03:00:00Z,F-(807호 생산 Line),21.4,49.4
2026-05-18T03:00:00Z,G-(401호 기구창고),24.0,50.2
2026-05-18T04:00:00Z,A-(401호 회로창고 1),22.7,50.3
2026-05-18T04:00:00Z,B-(401호 회로창고 2),23.5,46.4
2026-05-18T04:00:00Z,C-(402호 수입검사),27.4,34.3
2026-05-18T04:00:00Z,D-(406호 기구창고),24.9,45.8
2026-05-18T04:00:00Z,E-(408호 OQC),19.6,49.9
2026-05-18T04:00:00Z,F-(807호 생산 Line),21.2,47.9
2026-05-18T04:00:00Z,G-(401호 기구창고),24.1,49.2
2026-05-18T05:00:00Z,A-(401호 회로창고 1),22.7,50.0
2026-05-18T05:00:00Z,B-(401호 회로창고 2),23.7,46.0
2026-05-18T05:00:00Z,C-(402호 수입검사),26.8,34.5
2026-05-18T05:00:00Z,D-(406호 기구창고),24.8,44.1
2026-05-18T05:00:00Z,E-(408호 OQC),19.5,51.4
2026-05-18T05:00:00Z,F-(807호 생산 Line),21.1,48.3
2026-05-18T05:00:00Z,G-(401호 기구창고),24.2,48.5
2026-05-18T06:00:00Z,A-(401호 회로창고 1),22.7,49.8
2026-05-18T06:00:00Z,B-(401호 회로창고 2),23.6,46.4
2026-05-18T06:00:00Z,C-(402호 수입검사),26.3,33.6
2026-05-18T06:00:00Z,D-(406호 기구창고),24.8,44.6
2026-05-18T06:00:00Z,E-(408호 OQC),19.2,51.4
2026-05-18T06:00:00Z,F-(807호 생산 Line),21.1,48.0
2026-05-18T06:00:00Z,G-(401호 기구창고),24.4,47.8
2026-05-18T07:00:00Z,A-(401호 회로창고 1),22.9,47.4
2026-05-18T07:00:00Z,B-(401호 회로창고 2),23.7,45.2
2026-05-18T07:00:00Z,C-(402호 수입검사),26.1,34.6
2026-05-18T07:00:00Z,D-(406호 기구창고),24.6,43.1
2026-05-18T07:00:00Z,E-(408호 OQC),19.3,53.5
2026-05-18T07:00:00Z,F-(807호 생산 Line),21.1,48.6
2026-05-18T07:00:00Z,G-(401호 기구창고),24.4,47.6
2026-05-18T08:00:00Z,A-(401호 회로창고 1),22.9,49.7
2026-05-18T08:00:00Z,B-(401호 회로창고 2),23.5,47.7
2026-05-18T08:00:00Z,C-(402호 수입검사),26.0,35.1
2026-05-18T08:00:00Z,D-(406호 기구창고),24.4,43.5
2026-05-18T08:00:00Z,E-(408호 OQC),19.5,53.6
2026-05-18T08:00:00Z,F-(807호 생산 Line),20.9,49.2
2026-05-18T08:00:00Z,G-(401호 기구창고),24.4,47.7
2026-05-18T09:00:00Z,A-(401호 회로창고 1),22.7,50.1
2026-05-18T09:00:00Z,B-(401호 회로창고 2),23.3,47.5
2026-05-18T10:00:00Z,A-(401호 회로창고 1),22.9,49.1
2026-05-18T10:00:00Z,B-(401호 회로창고 2),23.3,47.4
2026-05-18T11:00:00Z,A-(401호 회로창고 1),22.7,49.7
2026-05-18T11:00:00Z,B-(401호 회로창고 2),23.1,47.1
2026-05-18T12:00:00Z,A-(401호 회로창고 1),22.8,49.3
2026-05-18T12:00:00Z,B-(401호 회로창고 2),23.1,47.4
2026-05-18T13:00:00Z,A-(401호 회로창고 1),22.9,49.0
2026-05-18T13:00:00Z,B-(401호 회로창고 2),23.1,47.4
2026-05-18T14:00:00Z,A-(401호 회로창고 1),22.9,47.5
2026-05-18T14:00:00Z,B-(401호 회로창고 2),23.1,46.9
2026-05-18T15:00:00Z,A-(401호 회로창고 1),22.7,53.0
2026-05-18T15:00:00Z,B-(401호 회로창고 2),23.1,50.2
2026-05-18T16:00:00Z,A-(401호 회로창고 1),22.8,51.4
2026-05-18T16:00:00Z,B-(401호 회로창고 2),23.0,49.6
2026-05-18T17:00:00Z,A-(401호 회로창고 1),22.9,50.7
2026-05-18T17:00:00Z,B-(401호 회로창고 2),23.1,49.4
2026-05-18T18:00:00Z,A-(401호 회로창고 1),22.9,49.5
2026-05-18T18:00:00Z,B-(401호 회로창고 2),23.1,49.0
2026-05-18T19:00:00Z,A-(401호 회로창고 1),22.8,50.4
2026-05-18T19:00:00Z,B-(401호 회로창고 2),23.0,47.9
2026-05-18T20:00:00Z,A-(401호 회로창고 1),22.7,50.7
2026-05-18T20:00:00Z,B-(401호 회로창고 2),22.9,48.7
2026-05-18T21:00:00Z,A-(401호 회로창고 1),22.7,50.2
2026-05-18T21:00:00Z,B-(401호 회로창고 2),22.9,48.8
2026-05-18T22:00:00Z,A-(401호 회로창고 1),22.8,49.9
2026-05-18T22:00:00Z,B-(401호 회로창고 2),22.9,48.6
2026-05-18T23:00:00Z,A-(401호 회로창고 1),22.8,49.7
2026-05-18T23:00:00Z,B-(401호 회로창고 2),23.0,48.3
2026-05-19T00:00:00Z,A-(401호 회로창고 1),22.9,48.6
2026-05-19T00:00:00Z,B-(401호 회로창고 2),23.2,47.8
2026-05-19T00:00:00Z,C-(402호 수입검사),24.9,41.7
2026-05-19T00:00:00Z,D-(406호 기구창고),24.6,43.7
2026-05-19T00:00:00Z,E-(408호 OQC),20.2,55.0
2026-05-19T00:00:00Z,F-(807호 생산 Line),20.2,48.0
2026-05-19T00:00:00Z,G-(401호 기구창고),23.9,50.3
2026-05-19T01:00:00Z,A-(401호 회로창고 1),22.8,47.7
2026-05-19T01:00:00Z,B-(401호 회로창고 2),23.4,46.5
2026-05-19T01:00:00Z,C-(402호 수입검사),25.1,41.9
2026-05-19T01:00:00Z,D-(406호 기구창고),24.3,43.6
2026-05-19T01:00:00Z,E-(408호 OQC),19.5,55.3
2026-05-19T01:00:00Z,F-(807호 생산 Line),20.1,48.7
2026-05-19T01:00:00Z,G-(401호 기구창고),24.0,50.4
2026-05-19T02:00:00Z,A-(401호 회로창고 1),22.7,50.6
2026-05-19T02:00:00Z,B-(401호 회로창고 2),23.4,47.0
2026-05-19T02:00:00Z,C-(402호 수입검사),25.3,40.4
2026-05-19T02:00:00Z,D-(406호 기구창고),24.5,42.5
2026-05-19T02:00:00Z,E-(408호 OQC),19.7,55.3
2026-05-19T02:00:00Z,F-(807호 생산 Line),19.9,48.9
2026-05-19T02:00:00Z,G-(401호 기구창고),24.1,49.9
2026-05-19T03:00:00Z,A-(401호 회로창고 1),22.6,50.5
2026-05-19T03:00:00Z,B-(401호 회로창고 2),23.5,47.3
2026-05-19T03:00:00Z,C-(402호 수입검사),25.5,40.0
2026-05-19T03:00:00Z,D-(406호 기구창고),24.6,42.9
2026-05-19T03:00:00Z,E-(408호 OQC),19.0,59.1
2026-05-19T03:00:00Z,F-(807호 생산 Line),20.0,48.3
2026-05-19T03:00:00Z,G-(401호 기구창고),24.2,49.6
2026-05-19T04:00:00Z,A-(401호 회로창고 1),22.7,50.3
2026-05-19T04:00:00Z,B-(401호 회로창고 2),23.5,47.0
2026-05-19T04:00:00Z,C-(402호 수입검사),25.4,39.5
2026-05-19T04:00:00Z,D-(406호 기구창고),24.5,42.5
2026-05-19T04:00:00Z,E-(408호 OQC),19.0,59.3
2026-05-19T04:00:00Z,F-(807호 생산 Line),20.1,47.4
2026-05-19T04:00:00Z,G-(401호 기구창고),24.3,49.2
2026-05-19T05:00:00Z,A-(401호 회로창고 1),22.8,49.9
2026-05-19T05:00:00Z,B-(401호 회로창고 2),23.6,46.8
2026-05-19T05:00:00Z,C-(402호 수입검사),25.6,39.8
2026-05-19T05:00:00Z,D-(406호 기구창고),24.6,43.8
2026-05-19T05:00:00Z,E-(408호 OQC),19.1,59.9
2026-05-19T05:00:00Z,F-(807호 생산 Line),20.0,48.7
2026-05-19T05:00:00Z,G-(401호 기구창고),24.3,49.1
2026-05-19T06:00:00Z,A-(401호 회로창고 1),22.9,50.5
2026-05-19T06:00:00Z,B-(401호 회로창고 2),23.4,47.3
2026-05-19T06:00:00Z,C-(402호 수입검사),25.7,40.8
2026-05-19T06:00:00Z,D-(406호 기구창고),24.5,44.7
2026-05-19T06:00:00Z,E-(408호 OQC),18.8,60.4
2026-05-19T06:00:00Z,F-(807호 생산 Line),20.2,48.2
2026-05-19T06:00:00Z,G-(401호 기구창고),24.3,49.6
2026-05-19T07:00:00Z,A-(401호 회로창고 1),22.9,50.9
2026-05-19T07:00:00Z,B-(401호 회로창고 2),23.4,48.1
2026-05-19T07:00:00Z,C-(402호 수입검사),25.7,41.0
2026-05-19T07:00:00Z,D-(406호 기구창고),24.5,44.9
2026-05-19T07:00:00Z,E-(408호 OQC),19.0,59.4
2026-05-19T07:00:00Z,F-(807호 생산 Line),19.9,49.6
2026-05-19T07:00:00Z,G-(401호 기구창고),24.4,49.7
2026-05-19T08:00:00Z,A-(401호 회로창고 1),22.9,51.1
2026-05-19T08:00:00Z,B-(401호 회로창고 2),23.5,48.3
2026-05-19T08:00:00Z,C-(402호 수입검사),25.7,41.6
2026-05-19T08:00:00Z,D-(406호 기구창고),24.4,44.7
2026-05-19T08:00:00Z,E-(408호 OQC),19.7,59.0
2026-05-19T08:00:00Z,F-(807호 생산 Line),19.9,49.8
2026-05-19T08:00:00Z,G-(401호 기구창고),24.3,49.9
2026-05-19T09:00:00Z,A-(401호 회로창고 1),23.0,48.4
2026-05-19T09:00:00Z,B-(401호 회로창고 2),23.3,47.3
2026-05-19T10:00:00Z,A-(401호 회로창고 1),22.8,50.7
2026-05-19T10:00:00Z,B-(401호 회로창고 2),23.1,47.9
2026-05-19T11:00:00Z,A-(401호 회로창고 1),22.8,50.6
2026-05-19T11:00:00Z,B-(401호 회로창고 2),23.1,48.9
2026-05-19T12:00:00Z,A-(401호 회로창고 1),22.9,50.4
2026-05-19T12:00:00Z,B-(401호 회로창고 2),23.1,48.8
2026-05-19T13:00:00Z,A-(401호 회로창고 1),23.0,50.2
2026-05-19T13:00:00Z,B-(401호 회로창고 2),23.1,48.9
2026-05-19T14:00:00Z,A-(401호 회로창고 1),23.0,48.5
2026-05-19T14:00:00Z,B-(401호 회로창고 2),23.1,48.1
2026-05-19T15:00:00Z,A-(401호 회로창고 1),22.8,50.1
2026-05-19T15:00:00Z,B-(401호 회로창고 2),23.0,48.1
2026-05-19T16:00:00Z,A-(401호 회로창고 1),22.8,50.5
2026-05-19T16:00:00Z,B-(401호 회로창고 2),23.0,48.7
2026-05-19T17:00:00Z,A-(401호 회로창고 1),22.7,50.5
2026-05-19T17:00:00Z,B-(401호 회로창고 2),22.9,48.9
2026-05-19T18:00:00Z,A-(401호 회로창고 1),22.8,50.2
2026-05-19T18:00:00Z,B-(401호 회로창고 2),22.9,49.0
2026-05-19T19:00:00Z,A-(401호 회로창고 1),22.9,49.9
2026-05-19T19:00:00Z,B-(401호 회로창고 2),23.0,48.8
2026-05-19T20:00:00Z,A-(401호 회로창고 1),22.9,49.8
2026-05-19T20:00:00Z,B-(401호 회로창고 2),22.9,48.7
2026-05-19T21:00:00Z,A-(401호 회로창고 1),23.0,49.7
2026-05-19T21:00:00Z,B-(401호 회로창고 2),23.0,48.8
2026-05-19T22:00:00Z,A-(401호 회로창고 1),23.0,49.6
2026-05-19T22:00:00Z,B-(401호 회로창고 2),23.0,49.0
2026-05-19T23:00:00Z,A-(401호 회로창고 1),22.9,49.9
2026-05-19T23:00:00Z,B-(401호 회로창고 2),22.9,49.3
2026-05-20T00:00:00Z,A-(401호 회로창고 1),22.9,50.4
2026-05-20T00:00:00Z,B-(401호 회로창고 2),22.9,49.4
2026-05-20T00:00:00Z,C-(402호 수입검사),24.8,47.2
2026-05-20T00:00:00Z,D-(406호 기구창고),24.1,44.5
2026-05-20T00:00:00Z,E-(408호 OQC),20.1,56.4
2026-05-20T00:00:00Z,F-(807호 생산 Line),20.4,50.0
2026-05-20T00:00:00Z,G-(401호 기구창고),24.0,52.1
2026-05-20T01:00:00Z,A-(401호 회로창고 1),22.9,51.7
2026-05-20T01:00:00Z,B-(401호 회로창고 2),23.1,49.9
2026-05-20T01:00:00Z,C-(402호 수입검사),23.8,52.2
2026-05-20T01:00:00Z,D-(406호 기구창고),23.9,45.2
2026-05-20T01:00:00Z,E-(408호 OQC),19.4,63.5
2026-05-20T01:00:00Z,F-(807호 생산 Line),20.2,49.8
2026-05-20T01:00:00Z,G-(401호 기구창고),24.0,52.6
2026-05-20T02:00:00Z,A-(401호 회로창고 1),22.9,50.8
2026-05-20T02:00:00Z,B-(401호 회로창고 2),23.2,50.0
2026-05-20T02:00:00Z,C-(402호 수입검사),24.3,50.5
2026-05-20T02:00:00Z,D-(406호 기구창고),23.9,45.4
2026-05-20T02:00:00Z,E-(408호 OQC),18.9,63.3
2026-05-20T02:00:00Z,F-(807호 생산 Line),20.1,49.7
2026-05-20T02:00:00Z,G-(401호 기구창고),24.0,53.1
2026-05-20T03:00:00Z,A-(401호 회로창고 1),22.8,52.1
2026-05-20T03:00:00Z,B-(401호 회로창고 2),23.1,50.4
2026-05-20T03:00:00Z,C-(402호 수입검사),24.5,49.8
2026-05-20T03:00:00Z,D-(406호 기구창고),24.0,46.5
2026-05-20T03:00:00Z,E-(408호 OQC),18.7,66.3
2026-05-20T03:00:00Z,F-(807호 생산 Line),20.1,49.6
2026-05-20T03:00:00Z,G-(401호 기구창고),24.1,53.4
2026-05-20T04:00:00Z,A-(401호 회로창고 1),22.7,52.4
2026-05-20T04:00:00Z,B-(401호 회로창고 2),23.1,50.4
2026-05-20T04:00:00Z,C-(402호 수입검사),25.9,46.9
2026-05-20T04:00:00Z,D-(406호 기구창고),23.6,45.7
2026-05-20T04:00:00Z,E-(408호 OQC),20.1,62.4
2026-05-20T04:00:00Z,F-(807호 생산 Line),20.1,49.2
2026-05-20T04:00:00Z,G-(401호 기구창고),24.1,53.3
2026-05-20T05:00:00Z,A-(401호 회로창고 1),22.7,52.6
2026-05-20T05:00:00Z,B-(401호 회로창고 2),23.1,50.3
2026-05-20T05:00:00Z,D-(406호 기구창고),23.5,46.5
2026-05-20T05:00:00Z,E-(408호 OQC),20.0,63.7
2026-05-20T05:00:00Z,F-(807호 생산 Line),20.3,50.5
2026-05-20T05:00:00Z,G-(401호 기구창고),24.0,54.0
2026-05-20T06:00:00Z,A-(401호 회로창고 1),22.7,54.1
2026-05-20T06:00:00Z,B-(401호 회로창고 2),23.1,51.9
2026-05-20T06:00:00Z,D-(406호 기구창고),23.4,47.3
2026-05-20T06:00:00Z,E-(408호 OQC),18.8,67.5
2026-05-20T06:00:00Z,F-(807호 생산 Line),20.1,51.4
2026-05-20T06:00:00Z,G-(401호 기구창고),24.0,56.6
2026-05-20T07:00:00Z,A-(401호 회로창고 1),22.8,54.8
2026-05-20T07:00:00Z,B-(401호 회로창고 2),23.1,51.8
2026-05-20T07:00:00Z,C-(402호 수입검사),24.7,51.6
2026-05-20T07:00:00Z,D-(406호 기구창고),23.3,47.0
2026-05-20T07:00:00Z,E-(408호 OQC),18.6,65.3
2026-05-20T07:00:00Z,F-(807호 생산 Line),20.1,51.3
2026-05-20T07:00:00Z,G-(401호 기구창고),23.8,60.0
2026-05-20T08:00:00Z,A-(401호 회로창고 1),22.8,51.2
2026-05-20T08:00:00Z,B-(401호 회로창고 2),23.1,50.7
2026-05-20T08:00:00Z,C-(402호 수입검사),24.8,51.3
2026-05-20T08:00:00Z,D-(406호 기구창고),23.4,47.1
2026-05-20T08:00:00Z,E-(408호 OQC),19.3,70.6
2026-05-20T08:00:00Z,F-(807호 생산 Line),20.1,50.9
2026-05-20T08:00:00Z,G-(401호 기구창고),23.9,57.9
2026-05-20T09:00:00Z,A-(401호 회로창고 1),23.0,53.9
2026-05-20T09:00:00Z,B-(401호 회로창고 2),22.9,53.0
2026-05-20T10:00:00Z,A-(401호 회로창고 1),22.7,54.4
2026-05-20T10:00:00Z,B-(401호 회로창고 2),22.7,53.3
2026-05-20T11:00:00Z,A-(401호 회로창고 1),23.0,52.0
2026-05-20T11:00:00Z,B-(401호 회로창고 2),22.8,53.1
2026-05-20T12:00:00Z,A-(401호 회로창고 1),22.7,54.3
2026-05-20T12:00:00Z,B-(401호 회로창고 2),22.7,53.4
2026-05-20T13:00:00Z,A-(401호 회로창고 1),23.0,53.5
2026-05-20T13:00:00Z,B-(401호 회로창고 2),22.7,53.3
2026-05-20T14:00:00Z,A-(401호 회로창고 1),22.6,54.3
2026-05-20T14:00:00Z,B-(401호 회로창고 2),22.6,53.5
2026-05-20T15:00:00Z,A-(401호 회로창고 1),22.9,53.7
2026-05-20T15:00:00Z,B-(401호 회로창고 2),22.7,53.5
2026-05-20T16:00:00Z,A-(401호 회로창고 1),22.7,52.4
2026-05-20T16:00:00Z,B-(401호 회로창고 2),22.7,51.4
2026-05-20T17:00:00Z,A-(401호 회로창고 1),22.8,53.9
2026-05-20T17:00:00Z,B-(401호 회로창고 2),22.7,53.4
2026-05-20T18:00:00Z,A-(401호 회로창고 1),23.0,53.4
2026-05-20T18:00:00Z,B-(401호 회로창고 2),22.7,53.4
2026-05-20T19:00:00Z,A-(401호 회로창고 1),22.8,50.4
2026-05-20T19:00:00Z,B-(401호 회로창고 2),22.7,51.5
2026-05-20T20:00:00Z,A-(401호 회로창고 1),22.7,53.8
2026-05-20T20:00:00Z,B-(401호 회로창고 2),22.6,53.4
2026-05-20T21:00:00Z,A-(401호 회로창고 1),22.9,53.4
2026-05-20T21:00:00Z,B-(401호 회로창고 2),22.7,53.3
2026-05-20T22:00:00Z,A-(401호 회로창고 1),22.7,54.0
2026-05-20T22:00:00Z,B-(401호 회로창고 2),22.6,52.9
2026-05-20T23:00:00Z,A-(401호 회로창고 1),22.9,53.7
2026-05-20T23:00:00Z,B-(401호 회로창고 2),22.7,53.5
2026-05-21T00:00:00Z,A-(401호 회로창고 1),22.6,54.5
2026-05-21T00:00:00Z,B-(401호 회로창고 2),22.7,52.2
2026-05-21T00:00:00Z,C-(402호 수입검사),24.3,51.9
2026-05-21T00:00:00Z,D-(406호 기구창고),23.1,51.0
2026-05-21T00:00:00Z,E-(408호 OQC),18.7,65.5
2026-05-21T00:00:00Z,F-(807호 생산 Line),20.2,51.9
2026-05-21T00:00:00Z,G-(401호 기구창고),23.5,59.4
2026-05-21T01:00:00Z,A-(401호 회로창고 1),22.5,54.7
2026-05-21T01:00:00Z,B-(401호 회로창고 2),22.8,53.7
2026-05-21T01:00:00Z,C-(402호 수입검사),24.4,52.4
2026-05-21T01:00:00Z,D-(406호 기구창고),23.0,53.1
2026-05-21T01:00:00Z,E-(408호 OQC),17.9,69.0
2026-05-21T01:00:00Z,F-(807호 생산 Line),20.3,50.8
2026-05-21T01:00:00Z,G-(401호 기구창고),23.5,61.2
2026-05-21T02:00:00Z,A-(401호 회로창고 1),22.7,54.0
2026-05-21T02:00:00Z,B-(401호 회로창고 2),22.8,54.1
2026-05-21T02:00:00Z,C-(402호 수입검사),24.5,52.9
2026-05-21T02:00:00Z,D-(406호 기구창고),22.9,53.3
2026-05-21T02:00:00Z,E-(408호 OQC),18.2,71.9
2026-05-21T02:00:00Z,F-(807호 생산 Line),20.2,51.6
2026-05-21T02:00:00Z,G-(401호 기구창고),23.5,62.1
2026-05-21T03:00:00Z,A-(401호 회로창고 1),22.6,54.9
2026-05-21T03:00:00Z,B-(401호 회로창고 2),22.9,53.5
2026-05-21T03:00:00Z,C-(402호 수입검사),24.6,53.3
2026-05-21T03:00:00Z,D-(406호 기구창고),22.8,52.3
2026-05-21T03:00:00Z,E-(408호 OQC),18.5,67.7
2026-05-21T03:00:00Z,F-(807호 생산 Line),20.2,51.0
2026-05-21T03:00:00Z,G-(401호 기구창고),23.6,60.6
2026-05-21T04:00:00Z,A-(401호 회로창고 1),22.5,56.5
2026-05-21T04:00:00Z,B-(401호 회로창고 2),22.9,53.9
2026-05-21T04:00:00Z,C-(402호 수입검사),25.2,51.7
2026-05-21T04:00:00Z,D-(406호 기구창고),22.8,54.0
2026-05-21T04:00:00Z,E-(408호 OQC),20.1,68.3
2026-05-21T04:00:00Z,F-(807호 생산 Line),19.9,51.1
2026-05-21T04:00:00Z,G-(401호 기구창고),23.7,60.0
2026-05-21T05:00:00Z,A-(401호 회로창고 1),22.7,56.3
2026-05-21T05:00:00Z,B-(401호 회로창고 2),23.0,53.5
2026-05-21T05:00:00Z,C-(402호 수입검사),24.9,53.0
2026-05-21T05:00:00Z,D-(406호 기구창고),22.7,53.2
2026-05-21T05:00:00Z,E-(408호 OQC),19.3,62.4
2026-05-21T05:00:00Z,F-(807호 생산 Line),20.0,51.5
2026-05-21T05:00:00Z,G-(401호 기구창고),23.7,60.5
2026-05-21T06:00:00Z,A-(401호 회로창고 1),22.8,51.9
2026-05-21T06:00:00Z,B-(401호 회로창고 2),23.1,54.6
2026-05-21T06:00:00Z,C-(402호 수입검사),24.9,53.7
2026-05-21T06:00:00Z,D-(406호 기구창고),22.6,51.9
2026-05-21T06:00:00Z,E-(408호 OQC),19.1,60.6
2026-05-21T06:00:00Z,F-(807호 생산 Line),20.1,51.5
2026-05-21T06:00:00Z,G-(401호 기구창고),23.8,60.8
2026-05-21T07:00:00Z,A-(401호 회로창고 1),22.9,56.5
2026-05-21T07:00:00Z,B-(401호 회로창고 2),23.1,55.3
2026-05-21T07:00:00Z,C-(402호 수입검사),24.9,53.5
2026-05-21T07:00:00Z,D-(406호 기구창고),22.6,52.0
2026-05-21T07:00:00Z,E-(408호 OQC),19.0,60.7
2026-05-21T07:00:00Z,F-(807호 생산 Line),20.3,50.9
2026-05-21T07:00:00Z,G-(401호 기구창고),23.8,60.5
2026-05-21T08:00:00Z,A-(401호 회로창고 1),22.6,51.5
2026-05-21T08:00:00Z,B-(401호 회로창고 2),22.9,54.5
2026-05-21T08:00:00Z,C-(402호 수입검사),24.9,53.0
2026-05-21T08:00:00Z,D-(406호 기구창고),22.7,52.1
2026-05-21T08:00:00Z,E-(408호 OQC),19.2,62.0
2026-05-21T08:00:00Z,F-(807호 생산 Line),20.3,51.1
2026-05-21T08:00:00Z,G-(401호 기구창고),23.8,59.7
2026-05-21T09:00:00Z,A-(401호 회로창고 1),22.7,51.6
2026-05-21T09:00:00Z,B-(401호 회로창고 2),22.8,51.9
2026-05-21T10:00:00Z,A-(401호 회로창고 1),23.0,52.4
2026-05-21T10:00:00Z,B-(401호 회로창고 2),22.8,53.3
2026-05-21T11:00:00Z,A-(401호 회로창고 1),23.0,55.7
2026-05-21T11:00:00Z,B-(401호 회로창고 2),22.8,55.4
2026-05-21T12:00:00Z,A-(401호 회로창고 1),23.0,55.3
2026-05-21T12:00:00Z,B-(401호 회로창고 2),22.8,55.2
2026-05-21T13:00:00Z,A-(401호 회로창고 1),23.0,51.4
2026-05-21T13:00:00Z,B-(401호 회로창고 2),22.7,55.0
2026-05-21T14:00:00Z,A-(401호 회로창고 1),22.8,55.2
2026-05-21T14:00:00Z,B-(401호 회로창고 2),22.8,54.8
2026-05-21T15:00:00Z,A-(401호 회로창고 1),22.8,54.5
2026-05-21T15:00:00Z,B-(401호 회로창고 2),22.7,53.9
2026-05-21T16:00:00Z,A-(401호 회로창고 1),22.9,54.7
2026-05-21T16:00:00Z,B-(401호 회로창고 2),22.7,54.6
2026-05-21T17:00:00Z,A-(401호 회로창고 1),23.0,54.2
2026-05-21T17:00:00Z,B-(401호 회로창고 2),22.8,54.3
2026-05-21T18:00:00Z,A-(401호 회로창고 1),22.8,54.3
2026-05-21T18:00:00Z,B-(401호 회로창고 2),22.6,53.5
2026-05-21T19:00:00Z,A-(401호 회로창고 1),22.9,54.3
2026-05-21T19:00:00Z,B-(401호 회로창고 2),22.7,54.2
2026-05-21T20:00:00Z,A-(401호 회로창고 1),23.0,53.7
2026-05-21T20:00:00Z,B-(401호 회로창고 2),22.7,53.9
2026-05-21T21:00:00Z,A-(401호 회로창고 1),23.1,53.4
2026-05-21T21:00:00Z,B-(401호 회로창고 2),22.7,53.7
2026-05-21T22:00:00Z,A-(401호 회로창고 1),22.8,54.0
2026-05-21T22:00:00Z,B-(401호 회로창고 2),22.6,53.9
2026-05-21T23:00:00Z,A-(401호 회로창고 1),22.9,53.5
2026-05-21T23:00:00Z,B-(401호 회로창고 2),22.7,53.5
2026-05-22T00:00:00Z,A-(401호 회로창고 1),22.9,50.7
2026-05-22T00:00:00Z,B-(401호 회로창고 2),22.8,51.5
2026-05-22T00:00:00Z,C-(402호 수입검사),24.2,48.0
2026-05-22T00:00:00Z,D-(406호 기구창고),23.8,46.4
2026-05-22T00:00:00Z,E-(408호 OQC),19.9,54.3
2026-05-22T00:00:00Z,F-(807호 생산 Line),20.1,50.3
2026-05-22T00:00:00Z,G-(401호 기구창고),23.4,56.1
2026-05-22T01:00:00Z,A-(401호 회로창고 1),22.9,51.0
2026-05-22T01:00:00Z,B-(401호 회로창고 2),23.0,50.8
2026-05-22T01:00:00Z,C-(402호 수입검사),24.4,46.5
2026-05-22T01:00:00Z,D-(406호 기구창고),24.1,46.0
2026-05-22T01:00:00Z,E-(408호 OQC),19.4,61.4
2026-05-22T01:00:00Z,F-(807호 생산 Line),20.2,49.1
2026-05-22T01:00:00Z,G-(401호 기구창고),23.5,55.7
2026-05-22T02:00:00Z,A-(401호 회로창고 1),22.6,53.6
2026-05-22T02:00:00Z,B-(401호 회로창고 2),23.0,51.5
2026-05-22T02:00:00Z,C-(402호 수입검사),24.6,44.7
2026-05-22T02:00:00Z,D-(406호 기구창고),23.8,45.3
2026-05-22T02:00:00Z,E-(408호 OQC),19.4,61.1
2026-05-22T02:00:00Z,F-(807호 생산 Line),20.4,47.8
2026-05-22T02:00:00Z,G-(401호 기구창고),23.6,54.9
2026-05-22T03:00:00Z,A-(401호 회로창고 1),22.8,54.1
2026-05-22T03:00:00Z,B-(401호 회로창고 2),23.2,52.1
2026-05-22T03:00:00Z,C-(402호 수입검사),24.7,43.2
2026-05-22T03:00:00Z,D-(406호 기구창고),23.5,45.2
2026-05-22T03:00:00Z,E-(408호 OQC),19.4,60.9
2026-05-22T03:00:00Z,F-(807호 생산 Line),20.1,48.0
2026-05-22T03:00:00Z,G-(401호 기구창고),23.7,54.3
2026-05-22T04:00:00Z,A-(401호 회로창고 1),22.8,52.4
2026-05-22T04:00:00Z,B-(401호 회로창고 2),23.3,49.7
2026-05-22T04:00:00Z,C-(402호 수입검사),26.8,38.2
2026-05-22T04:00:00Z,D-(406호 기구창고),23.1,44.7
2026-05-22T04:00:00Z,E-(408호 OQC),20.5,55.2
2026-05-22T04:00:00Z,F-(807호 생산 Line),20.1,46.4
2026-05-22T04:00:00Z,G-(401호 기구창고),23.8,53.6
2026-05-22T05:00:00Z,A-(401호 회로창고 1),22.9,53.3
2026-05-22T05:00:00Z,B-(401호 회로창고 2),23.4,50.9
2026-05-22T05:00:00Z,C-(402호 수입검사),25.8,38.9
2026-05-22T05:00:00Z,D-(406호 기구창고),23.0,46.4
2026-05-22T05:00:00Z,E-(408호 OQC),19.3,58.1
2026-05-22T05:00:00Z,F-(807호 생산 Line),20.0,48.0
2026-05-22T05:00:00Z,G-(401호 기구창고),23.9,52.9
2026-05-22T06:00:00Z,A-(401호 회로창고 1),22.8,53.2
2026-05-22T06:00:00Z,B-(401호 회로창고 2),23.3,50.5
2026-05-22T06:00:00Z,C-(402호 수입검사),25.5,38.7
2026-05-22T06:00:00Z,D-(406호 기구창고),23.0,44.8
2026-05-22T06:00:00Z,E-(408호 OQC),18.7,58.7
2026-05-22T06:00:00Z,F-(807호 생산 Line),20.1,48.1
2026-05-22T06:00:00Z,G-(401호 기구창고),24.0,52.1
2026-05-22T07:00:00Z,A-(401호 회로창고 1),22.8,50.8
2026-05-22T07:00:00Z,B-(401호 회로창고 2),23.4,48.7
2026-05-22T07:00:00Z,C-(402호 수입검사),25.3,37.4
2026-05-22T07:00:00Z,D-(406호 기구창고),22.9,45.2
2026-05-22T07:00:00Z,E-(408호 OQC),19.1,56.1
2026-05-22T07:00:00Z,F-(807호 생산 Line),20.1,47.4
2026-05-22T07:00:00Z,G-(401호 기구창고),24.0,51.4
2026-05-22T08:00:00Z,A-(401호 회로창고 1),22.9,52.3
2026-05-22T08:00:00Z,B-(401호 회로창고 2),23.2,50.2
2026-05-22T08:00:00Z,C-(402호 수입검사),25.3,36.6
2026-05-22T08:00:00Z,D-(406호 기구창고),22.9,44.1
2026-05-22T08:00:00Z,E-(408호 OQC),20.5,52.7
2026-05-22T08:00:00Z,F-(807호 생산 Line),20.2,46.9
2026-05-22T08:00:00Z,G-(401호 기구창고),23.9,51.1
2026-05-22T09:00:00Z,A-(401호 회로창고 1),22.8,52.2
2026-05-22T09:00:00Z,B-(401호 회로창고 2),23.0,50.4
2026-05-22T10:00:00Z,A-(401호 회로창고 1),22.9,49.4
2026-05-22T10:00:00Z,B-(401호 회로창고 2),23.0,48.3
2026-05-22T11:00:00Z,A-(401호 회로창고 1),22.9,50.3
2026-05-22T11:00:00Z,B-(401호 회로창고 2),23.0,49.5
2026-05-22T12:00:00Z,A-(401호 회로창고 1),22.7,49.8
2026-05-22T12:00:00Z,B-(401호 회로창고 2),22.9,47.8
2026-05-22T13:00:00Z,A-(401호 회로창고 1),23.0,48.9
2026-05-22T13:00:00Z,B-(401호 회로창고 2),22.9,48.1
2026-05-22T14:00:00Z,A-(401호 회로창고 1),22.8,49.0
2026-05-22T14:00:00Z,B-(401호 회로창고 2),22.8,48.1
2026-05-22T15:00:00Z,A-(401호 회로창고 1),23.0,48.4
2026-05-22T15:00:00Z,B-(401호 회로창고 2),22.9,47.9
2026-05-22T16:00:00Z,A-(401호 회로창고 1),22.9,48.5
2026-05-22T16:00:00Z,B-(401호 회로창고 2),22.8,47.9
2026-05-22T17:00:00Z,A-(401호 회로창고 1),22.9,48.2
2026-05-22T17:00:00Z,B-(401호 회로창고 2),22.8,47.4
2026-05-22T18:00:00Z,A-(401호 회로창고 1),23.0,50.5
2026-05-22T18:00:00Z,B-(401호 회로창고 2),22.8,50.2
2026-05-22T19:00:00Z,A-(401호 회로창고 1),22.9,50.9
2026-05-22T19:00:00Z,B-(401호 회로창고 2),22.7,50.5
2026-05-22T20:00:00Z,A-(401호 회로창고 1),22.8,50.2
2026-05-22T20:00:00Z,B-(401호 회로창고 2),22.6,49.5
2026-05-22T21:00:00Z,A-(401호 회로창고 1),23.0,49.3
2026-05-22T21:00:00Z,B-(401호 회로창고 2),22.7,49.3
2026-05-22T22:00:00Z,A-(401호 회로창고 1),22.8,49.3
2026-05-22T22:00:00Z,B-(401호 회로창고 2),22.6,48.7
2026-05-22T23:00:00Z,A-(401호 회로창고 1),23.0,49.0
2026-05-22T23:00:00Z,B-(401호 회로창고 2),22.7,49.0
2026-05-23T00:00:00Z,A-(401호 회로창고 1),22.7,49.3
2026-05-23T00:00:00Z,B-(401호 회로창고 2),22.6,48.2
2026-05-23T01:00:00Z,A-(401호 회로창고 1),22.9,48.9
2026-05-23T01:00:00Z,B-(401호 회로창고 2),22.7,48.6
2026-05-23T02:00:00Z,A-(401호 회로창고 1),22.7,49.2
2026-05-23T02:00:00Z,B-(401호 회로창고 2),22.7,48.7
2026-05-23T03:00:00Z,A-(401호 회로창고 1),23.0,48.8
2026-05-23T03:00:00Z,B-(401호 회로창고 2),22.9,48.5
2026-05-23T04:00:00Z,A-(401호 회로창고 1),22.9,49.1
2026-05-23T04:00:00Z,B-(401호 회로창고 2),22.9,48.2
2026-05-23T05:00:00Z,A-(401호 회로창고 1),22.7,49.3
2026-05-23T05:00:00Z,B-(401호 회로창고 2),22.9,47.8
2026-05-23T06:00:00Z,A-(401호 회로창고 1),22.9,46.9
2026-05-23T06:00:00Z,B-(401호 회로창고 2),23.1,46.7
2026-05-23T07:00:00Z,A-(401호 회로창고 1),23.0,49.0
2026-05-23T07:00:00Z,B-(401호 회로창고 2),23.1,47.9
2026-05-23T08:00:00Z,A-(401호 회로창고 1),22.9,49.1
2026-05-23T08:00:00Z,B-(401호 회로창고 2),23.0,48.0
2026-05-23T09:00:00Z,A-(401호 회로창고 1),22.8,49.3
2026-05-23T09:00:00Z,B-(401호 회로창고 2),23.0,48.1
2026-05-23T10:00:00Z,A-(401호 회로창고 1),22.8,49.4
2026-05-23T10:00:00Z,B-(401호 회로창고 2),22.9,48.2
2026-05-23T11:00:00Z,A-(401호 회로창고 1),22.9,47.4
2026-05-23T11:00:00Z,B-(401호 회로창고 2),23.0,47.4
2026-05-23T12:00:00Z,A-(401호 회로창고 1),23.0,49.2
2026-05-23T12:00:00Z,B-(401호 회로창고 2),22.9,48.5
2026-05-23T13:00:00Z,A-(401호 회로창고 1),22.9,49.5
2026-05-23T13:00:00Z,B-(401호 회로창고 2),22.8,48.7
2026-05-23T14:00:00Z,A-(401호 회로창고 1),22.8,49.5
2026-05-23T14:00:00Z,B-(401호 회로창고 2),22.8,48.1
2026-05-23T15:00:00Z,A-(401호 회로창고 1),23.0,49.3
2026-05-23T15:00:00Z,B-(401호 회로창고 2),22.8,48.9
2026-05-23T16:00:00Z,A-(401호 회로창고 1),22.8,49.6
2026-05-23T16:00:00Z,B-(401호 회로창고 2),22.8,49.0
2026-05-23T17:00:00Z,A-(401호 회로창고 1),23.0,47.8
2026-05-23T17:00:00Z,B-(401호 회로창고 2),22.8,47.9
2026-05-23T18:00:00Z,A-(401호 회로창고 1),22.9,49.4
2026-05-23T18:00:00Z,B-(401호 회로창고 2),22.7,49.1
2026-05-23T19:00:00Z,A-(401호 회로창고 1),22.8,49.7
2026-05-23T19:00:00Z,B-(401호 회로창고 2),22.7,48.8
2026-05-23T20:00:00Z,A-(401호 회로창고 1),23.0,49.4
2026-05-23T20:00:00Z,B-(401호 회로창고 2),22.7,49.4
2026-05-23T21:00:00Z,A-(401호 회로창고 1),22.8,49.7
2026-05-23T21:00:00Z,B-(401호 회로창고 2),22.6,49.4
2026-05-23T22:00:00Z,A-(401호 회로창고 1),23.0,49.4
2026-05-23T22:00:00Z,B-(401호 회로창고 2),22.7,49.4
2026-05-23T23:00:00Z,A-(401호 회로창고 1),22.8,49.9
2026-05-23T23:00:00Z,B-(401호 회로창고 2),22.7,49.4
2026-05-24T00:00:00Z,A-(401호 회로창고 1),23.0,49.6
2026-05-24T00:00:00Z,B-(401호 회로창고 2),22.8,49.5
2026-05-24T01:00:00Z,A-(401호 회로창고 1),22.9,50.0
2026-05-24T01:00:00Z,B-(401호 회로창고 2),22.8,49.4
2026-05-24T02:00:00Z,A-(401호 회로창고 1),22.7,50.5
2026-05-24T02:00:00Z,B-(401호 회로창고 2),22.8,48.6
2026-05-24T03:00:00Z,A-(401호 회로창고 1),23.0,49.2
2026-05-24T03:00:00Z,B-(401호 회로창고 2),23.1,48.9
2026-05-24T04:00:00Z,A-(401호 회로창고 1),22.9,50.5
2026-05-24T04:00:00Z,B-(401호 회로창고 2),23.1,49.2
2026-05-24T05:00:00Z,A-(401호 회로창고 1),22.9,50.7
2026-05-24T05:00:00Z,B-(401호 회로창고 2),23.1,49.1
2026-05-24T06:00:00Z,A-(401호 회로창고 1),22.8,51.0
2026-05-24T06:00:00Z,B-(401호 회로창고 2),23.1,49.2
2026-05-24T07:00:00Z,A-(401호 회로창고 1),22.9,51.1
2026-05-24T07:00:00Z,B-(401호 회로창고 2),23.2,49.2
2026-05-24T08:00:00Z,A-(401호 회로창고 1),22.8,51.2
2026-05-24T08:00:00Z,B-(401호 회로창고 2),23.1,49.4
2026-05-24T09:00:00Z,A-(401호 회로창고 1),22.8,51.3
2026-05-24T09:00:00Z,B-(401호 회로창고 2),23.1,49.4
2026-05-24T10:00:00Z,A-(401호 회로창고 1),22.8,51.3
2026-05-24T10:00:00Z,B-(401호 회로창고 2),23.0,49.6
2026-05-24T11:00:00Z,A-(401호 회로창고 1),22.7,51.5
2026-05-24T11:00:00Z,B-(401호 회로창고 2),23.0,49.4
2026-05-24T12:00:00Z,A-(401호 회로창고 1),23.0,49.5
2026-05-24T12:00:00Z,B-(401호 회로창고 2),23.1,49.3
2026-05-24T13:00:00Z,A-(401호 회로창고 1),23.0,51.0
2026-05-24T13:00:00Z,B-(401호 회로창고 2),23.0,49.9
2026-05-24T14:00:00Z,A-(401호 회로창고 1),22.9,51.1
2026-05-24T14:00:00Z,B-(401호 회로창고 2),23.0,50.0
2026-05-24T15:00:00Z,A-(401호 회로창고 1),22.8,51.4
2026-05-24T15:00:00Z,B-(401호 회로창고 2),22.9,50.2
2026-05-24T16:00:00Z,A-(401호 회로창고 1),22.7,51.8
2026-05-24T16:00:00Z,B-(401호 회로창고 2),22.9,49.5
2026-05-24T17:00:00Z,A-(401호 회로창고 1),23.0,50.6
2026-05-24T17:00:00Z,B-(401호 회로창고 2),23.0,50.3
2026-05-24T18:00:00Z,A-(401호 회로창고 1),22.8,51.5
2026-05-24T18:00:00Z,B-(401호 회로창고 2),22.8,50.6
2026-05-24T19:00:00Z,A-(401호 회로창고 1),22.8,51.8
2026-05-24T19:00:00Z,B-(401호 회로창고 2),22.8,49.8
2026-05-24T20:00:00Z,A-(401호 회로창고 1),23.0,51.4
2026-05-24T20:00:00Z,B-(401호 회로창고 2),22.9,50.8
2026-05-24T21:00:00Z,A-(401호 회로창고 1),22.9,51.5
2026-05-24T21:00:00Z,B-(401호 회로창고 2),22.8,51.0
2026-05-24T22:00:00Z,A-(401호 회로창고 1),22.7,51.9
2026-05-24T22:00:00Z,B-(401호 회로창고 2),22.8,51.0
2026-05-24T23:00:00Z,A-(401호 회로창고 1),23.0,49.9
2026-05-24T23:00:00Z,B-(401호 회로창고 2),22.9,50.4
2026-05-25T00:00:00Z,A-(401호 회로창고 1),23.0,52.1
2026-05-25T00:00:00Z,B-(401호 회로창고 2),22.9,51.3
2026-05-25T00:00:00Z,C-(402호 수입검사),23.9,48.6
2026-05-25T00:00:00Z,D-(406호 기구창고),28.3,44.5
2026-05-25T00:00:00Z,E-(408호 OQC),24.3,63.4
2026-05-25T00:00:00Z,F-(807호 생산 Line),23.9,50.1
2026-05-25T00:00:00Z,G-(401호 기구창고),23.3,56.4
2026-05-25T01:00:00Z,A-(401호 회로창고 1),22.9,52.5
2026-05-25T01:00:00Z,B-(401호 회로창고 2),23.0,51.3
2026-05-25T01:00:00Z,C-(402호 수입검사),24.0,48.8
2026-05-25T01:00:00Z,D-(406호 기구창고),28.5,44.4
2026-05-25T01:00:00Z,E-(408호 OQC),24.6,63.1
2026-05-25T01:00:00Z,F-(807호 생산 Line),24.4,49.8
2026-05-25T01:00:00Z,G-(401호 기구창고),23.3,57.0
2026-05-25T02:00:00Z,A-(401호 회로창고 1),22.8,53.1
2026-05-25T02:00:00Z,B-(401호 회로창고 2),23.0,51.4
2026-05-25T02:00:00Z,C-(402호 수입검사),24.1,49.0
2026-05-25T02:00:00Z,D-(406호 기구창고),28.3,45.1
2026-05-25T02:00:00Z,E-(408호 OQC),24.7,63.4
2026-05-25T02:00:00Z,F-(807호 생산 Line),24.8,49.2
2026-05-25T02:00:00Z,G-(401호 기구창고),23.4,57.3
2026-05-25T03:00:00Z,A-(401호 회로창고 1),22.8,53.6
2026-05-25T03:00:00Z,B-(401호 회로창고 2),23.1,51.6
2026-05-25T03:00:00Z,C-(402호 수입검사),24.3,48.9
2026-05-25T03:00:00Z,D-(406호 기구창고),27.7,46.2
2026-05-25T03:00:00Z,E-(408호 OQC),24.7,63.5
2026-05-25T03:00:00Z,F-(807호 생산 Line),25.1,48.8
2026-05-25T03:00:00Z,G-(401호 기구창고),23.5,58.0
2026-05-25T04:00:00Z,A-(401호 회로창고 1),22.8,54.2
2026-05-25T04:00:00Z,B-(401호 회로창고 2),23.1,52.0
2026-05-25T04:00:00Z,C-(402호 수입검사),24.4,49.4
2026-05-25T04:00:00Z,D-(406호 기구창고),27.3,47.1
2026-05-25T04:00:00Z,E-(408호 OQC),24.7,64.0
2026-05-25T04:00:00Z,F-(807호 생산 Line),25.0,48.7
2026-05-25T04:00:00Z,G-(401호 기구창고),23.6,58.5
2026-05-25T05:00:00Z,A-(401호 회로창고 1),22.8,54.8
2026-05-25T05:00:00Z,B-(401호 회로창고 2),23.2,52.4
2026-05-25T05:00:00Z,C-(402호 수입검사),24.5,50.0
2026-05-25T05:00:00Z,D-(406호 기구창고),27.0,47.4
2026-05-25T05:00:00Z,E-(408호 OQC),24.6,64.1
2026-05-25T05:00:00Z,F-(807호 생산 Line),21.6,51.3
2026-05-25T05:00:00Z,G-(401호 기구창고),23.6,58.9
2026-05-25T06:00:00Z,A-(401호 회로창고 1),22.8,55.2
2026-05-25T06:00:00Z,B-(401호 회로창고 2),23.3,52.4
2026-05-25T06:00:00Z,C-(402호 수입검사),24.6,50.0
2026-05-25T06:00:00Z,D-(406호 기구창고),26.9,47.7
2026-05-25T06:00:00Z,E-(408호 OQC),24.6,63.8
2026-05-25T06:00:00Z,F-(807호 생산 Line),20.8,52.4
2026-05-25T06:00:00Z,G-(401호 기구창고),23.7,58.9
2026-05-25T07:00:00Z,A-(401호 회로창고 1),22.9,55.3
2026-05-25T07:00:00Z,B-(401호 회로창고 2),23.3,52.8
2026-05-25T07:00:00Z,C-(402호 수입검사),24.6,50.0
2026-05-25T07:00:00Z,D-(406호 기구창고),26.7,48.1
2026-05-25T07:00:00Z,E-(408호 OQC),24.5,63.9
2026-05-25T07:00:00Z,F-(807호 생산 Line),20.6,52.1
2026-05-25T07:00:00Z,G-(401호 기구창고),23.8,59.0
2026-05-25T08:00:00Z,A-(401호 회로창고 1),23.0,55.4
2026-05-25T08:00:00Z,B-(401호 회로창고 2),23.3,53.1
2026-05-25T08:00:00Z,C-(402호 수입검사),24.6,50.6
2026-05-25T08:00:00Z,D-(406호 기구창고),26.5,48.5
2026-05-25T08:00:00Z,E-(408호 OQC),24.5,64.4
2026-05-25T08:00:00Z,F-(807호 생산 Line),20.7,51.6
2026-05-25T08:00:00Z,G-(401호 기구창고),23.7,59.5
2026-05-25T09:00:00Z,A-(401호 회로창고 1),23.0,54.7
2026-05-25T09:00:00Z,B-(401호 회로창고 2),23.3,53.4
2026-05-25T10:00:00Z,A-(401호 회로창고 1),22.5,57.8
2026-05-25T10:00:00Z,B-(401호 회로창고 2),23.2,52.1
2026-05-25T11:00:00Z,A-(401호 회로창고 1),23.0,55.4
2026-05-25T11:00:00Z,B-(401호 회로창고 2),23.2,52.9
2026-05-25T12:00:00Z,A-(401호 회로창고 1),23.0,55.7
2026-05-25T12:00:00Z,B-(401호 회로창고 2),23.1,53.9
2026-05-25T13:00:00Z,A-(401호 회로창고 1),22.9,55.6
2026-05-25T13:00:00Z,B-(401호 회로창고 2),23.1,53.9
2026-05-25T14:00:00Z,A-(401호 회로창고 1),22.9,55.8
2026-05-25T14:00:00Z,B-(401호 회로창고 2),23.1,54.0
2026-05-25T15:00:00Z,A-(401호 회로창고 1),22.8,55.9
2026-05-25T15:00:00Z,B-(401호 회로창고 2),23.0,54.0
2026-05-25T16:00:00Z,A-(401호 회로창고 1),22.7,56.2
2026-05-25T16:00:00Z,B-(401호 회로창고 2),23.0,53.4
2026-05-25T17:00:00Z,A-(401호 회로창고 1),22.8,54.3
2026-05-25T17:00:00Z,B-(401호 회로창고 2),23.0,52.3
2026-05-25T18:00:00Z,A-(401호 회로창고 1),23.0,55.4
2026-05-25T18:00:00Z,B-(401호 회로창고 2),23.1,54.0
2026-05-25T19:00:00Z,A-(401호 회로창고 1),22.9,55.6
2026-05-25T19:00:00Z,B-(401호 회로창고 2),23.0,54.2
2026-05-25T20:00:00Z,A-(401호 회로창고 1),22.8,55.8
2026-05-25T20:00:00Z,B-(401호 회로창고 2),23.0,54.2
2026-05-25T21:00:00Z,A-(401호 회로창고 1),22.8,56.0
2026-05-25T21:00:00Z,B-(401호 회로창고 2),22.9,54.5
2026-05-25T22:00:00Z,A-(401호 회로창고 1),22.7,56.7
2026-05-25T22:00:00Z,B-(401호 회로창고 2),22.8,55.4
2026-05-25T23:00:00Z,A-(401호 회로창고 1),22.9,53.3
2026-05-25T23:00:00Z,B-(401호 회로창고 2),23.0,53.3
2026-05-26T00:00:00Z,A-(401호 회로창고 1),22.3,54.4
2026-05-26T00:00:00Z,B-(401호 회로창고 2),22.8,51.9
2026-05-26T00:00:00Z,C-(402호 수입검사),25.0,53.6
2026-05-26T00:00:00Z,D-(406호 기구창고),25.5,52.7
2026-05-26T00:00:00Z,E-(408호 OQC),20.8,60.2
2026-05-26T00:00:00Z,F-(807호 생산 Line),20.1,54.5
2026-05-26T00:00:00Z,G-(401호 기구창고),23.8,61.9
2026-05-26T01:00:00Z,A-(401호 회로창고 1),22.2,51.5
2026-05-26T01:00:00Z,B-(401호 회로창고 2),22.9,49.8
2026-05-26T01:00:00Z,C-(402호 수입검사),25.4,57.5
2026-05-26T01:00:00Z,D-(406호 기구창고),25.1,49.9
2026-05-26T01:00:00Z,E-(408호 OQC),20.4,64.4
2026-05-26T01:00:00Z,F-(807호 생산 Line),20.1,55.9
2026-05-26T01:00:00Z,G-(401호 기구창고),23.8,60.8
2026-05-26T02:00:00Z,A-(401호 회로창고 1),22.4,55.4
2026-05-26T02:00:00Z,B-(401호 회로창고 2),22.9,51.0
2026-05-26T02:00:00Z,C-(402호 수입검사),25.6,58.9
2026-05-26T02:00:00Z,D-(406호 기구창고),24.9,49.9
2026-05-26T02:00:00Z,E-(408호 OQC),20.2,62.8
2026-05-26T02:00:00Z,F-(807호 생산 Line),20.3,56.7
2026-05-26T02:00:00Z,G-(401호 기구창고),23.9,60.7
2026-05-26T03:00:00Z,A-(401호 회로창고 1),22.2,55.7
2026-05-26T03:00:00Z,B-(401호 회로창고 2),22.9,50.0
2026-05-26T03:00:00Z,C-(402호 수입검사),25.8,58.8
2026-05-26T03:00:00Z,D-(406호 기구창고),24.8,48.6
2026-05-26T03:00:00Z,E-(408호 OQC),20.2,65.7
2026-05-26T03:00:00Z,F-(807호 생산 Line),20.4,57.7
2026-05-26T03:00:00Z,G-(401호 기구창고),24.1,61.2
2026-05-26T04:00:00Z,A-(401호 회로창고 1),22.4,54.2
2026-05-26T04:00:00Z,B-(401호 회로창고 2),23.0,51.8
2026-05-26T04:00:00Z,C-(402호 수입검사),25.8,58.7
2026-05-26T04:00:00Z,D-(406호 기구창고),24.8,48.9
2026-05-26T04:00:00Z,E-(408호 OQC),21.6,62.6
2026-05-26T04:00:00Z,F-(807호 생산 Line),20.4,56.8
2026-05-26T04:00:00Z,G-(401호 기구창고),24.2,61.2
2026-05-26T05:00:00Z,A-(401호 회로창고 1),22.3,54.7
2026-05-26T05:00:00Z,B-(401호 회로창고 2),23.0,52.0
2026-05-26T05:00:00Z,C-(402호 수입검사),25.8,57.7
2026-05-26T05:00:00Z,D-(406호 기구창고),24.5,48.9
2026-05-26T05:00:00Z,E-(408호 OQC),22.3,62.0
2026-05-26T05:00:00Z,F-(807호 생산 Line),20.5,58.5
2026-05-26T05:00:00Z,G-(401호 기구창고),24.3,61.1
2026-05-26T06:00:00Z,A-(401호 회로창고 1),22.3,56.9
2026-05-26T06:00:00Z,B-(401호 회로창고 2),23.0,49.6
2026-05-26T06:00:00Z,C-(402호 수입검사),25.8,57.6
2026-05-26T06:00:00Z,D-(406호 기구창고),24.4,50.5
2026-05-26T06:00:00Z,E-(408호 OQC),20.5,62.2
2026-05-26T06:00:00Z,F-(807호 생산 Line),20.5,58.9
2026-05-26T06:00:00Z,G-(401호 기구창고),24.3,62.4
2026-05-26T07:00:00Z,A-(401호 회로창고 1),22.4,54.5
2026-05-26T07:00:00Z,B-(401호 회로창고 2),23.1,51.9
2026-05-26T07:00:00Z,C-(402호 수입검사),25.7,57.7
2026-05-26T07:00:00Z,D-(406호 기구창고),24.4,50.6
2026-05-26T07:00:00Z,E-(408호 OQC),20.3,65.5
2026-05-26T07:00:00Z,F-(807호 생산 Line),20.5,58.9
2026-05-26T07:00:00Z,G-(401호 기구창고),24.4,64.1
2026-05-26T08:00:00Z,A-(401호 회로창고 1),22.2,53.9
2026-05-26T08:00:00Z,B-(401호 회로창고 2),22.8,50.3
2026-05-26T08:00:00Z,C-(402호 수입검사),25.8,57.1
2026-05-26T08:00:00Z,D-(406호 기구창고),24.4,49.8
2026-05-26T08:00:00Z,E-(408호 OQC),20.7,70.3
2026-05-26T08:00:00Z,F-(807호 생산 Line),21.2,63.8
2026-05-26T08:00:00Z,G-(401호 기구창고),24.3,64.4
2026-05-26T09:00:00Z,A-(401호 회로창고 1),22.2,58.3
2026-05-26T09:00:00Z,B-(401호 회로창고 2),22.6,50.5
2026-05-26T12:00:00Z,A-(401호 회로창고 1),22.2,54.6
2026-05-26T12:00:00Z,B-(401호 회로창고 2),22.5,52.3
2026-05-26T13:00:00Z,A-(401호 회로창고 1),22.2,57.2
2026-05-26T13:00:00Z,B-(401호 회로창고 2),22.4,51.3
2026-05-26T14:00:00Z,A-(401호 회로창고 1),22.2,54.0
2026-05-26T14:00:00Z,B-(401호 회로창고 2),22.4,53.3
2026-05-26T15:00:00Z,A-(401호 회로창고 1),22.1,53.0
2026-05-26T15:00:00Z,B-(401호 회로창고 2),22.4,54.8
2026-05-26T16:00:00Z,A-(401호 회로창고 1),22.3,57.2
2026-05-26T16:00:00Z,B-(401호 회로창고 2),22.4,55.8
2026-05-26T17:00:00Z,A-(401호 회로창고 1),22.1,52.7
2026-05-26T17:00:00Z,B-(401호 회로창고 2),22.4,52.4
2026-05-26T18:00:00Z,A-(401호 회로창고 1),22.1,52.0
2026-05-26T18:00:00Z,B-(401호 회로창고 2),22.3,51.8
2026-05-26T19:00:00Z,A-(401호 회로창고 1),22.3,54.8
2026-05-26T19:00:00Z,B-(401호 회로창고 2),22.3,54.0
2026-05-26T20:00:00Z,A-(401호 회로창고 1),22.2,57.5
2026-05-26T20:00:00Z,B-(401호 회로창고 2),22.3,51.7
2026-05-26T21:00:00Z,A-(401호 회로창고 1),22.2,54.4
2026-05-26T21:00:00Z,B-(401호 회로창고 2),22.4,54.3
2026-05-26T22:00:00Z,A-(401호 회로창고 1),22.1,53.1
2026-05-26T22:00:00Z,B-(401호 회로창고 2),22.3,53.5
2026-05-26T23:00:00Z,A-(401호 회로창고 1),22.2,58.1
2026-05-26T23:00:00Z,B-(401호 회로창고 2),22.3,55.3
2026-05-27T00:00:00Z,A-(401호 회로창고 1),22.2,55.8
2026-05-27T00:00:00Z,B-(401호 회로창고 2),22.5,52.1
2026-05-27T00:00:00Z,C-(402호 수입검사),25.2,59.3
2026-05-27T00:00:00Z,D-(406호 기구창고),24.1,50.0
2026-05-27T00:00:00Z,E-(408호 OQC),20.5,65.7
2026-05-27T00:00:00Z,F-(807호 생산 Line),20.1,54.0
2026-05-27T00:00:00Z,G-(401호 기구창고),23.8,64.0
2026-05-27T01:00:00Z,A-(401호 회로창고 1),22.3,53.8
2026-05-27T01:00:00Z,B-(401호 회로창고 2),22.7,53.3
2026-05-27T01:00:00Z,C-(402호 수입검사),25.4,60.4
2026-05-27T01:00:00Z,D-(406호 기구창고),24.1,50.7
2026-05-27T01:00:00Z,E-(408호 OQC),20.1,66.7
2026-05-27T01:00:00Z,F-(807호 생산 Line),20.0,54.1
2026-05-27T01:00:00Z,G-(401호 기구창고),23.9,65.4
2026-05-27T02:00:00Z,A-(401호 회로창고 1),22.2,52.7
2026-05-27T02:00:00Z,B-(401호 회로창고 2),22.8,54.1
2026-05-27T02:00:00Z,C-(402호 수입검사),25.5,60.2
2026-05-27T02:00:00Z,D-(406호 기구창고),24.2,52.7
2026-05-27T02:00:00Z,E-(408호 OQC),20.2,67.5
2026-05-27T02:00:00Z,F-(807호 생산 Line),19.9,55.1
2026-05-27T02:00:00Z,G-(401호 기구창고),24.1,63.2
2026-05-27T03:00:00Z,A-(401호 회로창고 1),22.3,58.4
2026-05-27T03:00:00Z,B-(401호 회로창고 2),22.7,52.1
2026-05-27T03:00:00Z,C-(402호 수입검사),25.6,60.6
2026-05-27T03:00:00Z,D-(406호 기구창고),24.1,50.0
2026-05-27T03:00:00Z,E-(408호 OQC),20.1,68.4
2026-05-27T03:00:00Z,F-(807호 생산 Line),20.8,53.3
2026-05-27T03:00:00Z,G-(401호 기구창고),24.1,64.0
2026-05-27T04:00:00Z,A-(401호 회로창고 1),22.2,55.1
2026-05-27T04:00:00Z,B-(401호 회로창고 2),22.7,51.4
2026-05-27T04:00:00Z,C-(402호 수입검사),27.1,56.8
2026-05-27T04:00:00Z,D-(406호 기구창고),23.9,48.6
2026-05-27T04:00:00Z,E-(408호 OQC),20.0,71.9
2026-05-27T04:00:00Z,F-(807호 생산 Line),21.0,53.0
2026-05-27T04:00:00Z,G-(401호 기구창고),24.1,63.6
2026-05-27T05:00:00Z,A-(401호 회로창고 1),22.3,54.3
2026-05-27T05:00:00Z,B-(401호 회로창고 2),22.7,52.7
2026-05-27T05:00:00Z,C-(402호 수입검사),26.4,59.6
2026-05-27T05:00:00Z,D-(406호 기구창고),23.9,49.8
2026-05-27T05:00:00Z,E-(408호 OQC),20.2,71.8
2026-05-27T05:00:00Z,F-(807호 생산 Line),21.9,53.2
2026-05-27T05:00:00Z,G-(401호 기구창고),24.2,63.5
2026-05-27T06:00:00Z,A-(401호 회로창고 1),22.3,52.7
2026-05-27T06:00:00Z,B-(401호 회로창고 2),22.8,51.3
2026-05-27T06:00:00Z,C-(402호 수입검사),26.2,58.7
2026-05-27T06:00:00Z,D-(406호 기구창고),23.7,48.5
2026-05-27T06:00:00Z,E-(408호 OQC),20.3,73.4
2026-05-27T06:00:00Z,F-(807호 생산 Line),22.3,53.7
2026-05-27T06:00:00Z,G-(401호 기구창고),24.3,65.2
2026-05-27T07:00:00Z,A-(401호 회로창고 1),22.2,57.6
2026-05-27T07:00:00Z,B-(401호 회로창고 2),22.7,49.5
2026-05-27T07:00:00Z,C-(402호 수입검사),25.5,64.5
2026-05-27T07:00:00Z,D-(406호 기구창고),23.7,48.3
2026-05-27T07:00:00Z,E-(408호 OQC),20.0,71.9
2026-05-27T07:00:00Z,F-(807호 생산 Line),22.5,53.4
2026-05-27T07:00:00Z,G-(401호 기구창고),24.3,64.5
2026-05-27T08:00:00Z,A-(401호 회로창고 1),22.1,59.5
2026-05-27T08:00:00Z,B-(401호 회로창고 2),22.7,50.3
2026-05-27T08:00:00Z,C-(402호 수입검사),25.1,64.6
2026-05-27T08:00:00Z,D-(406호 기구창고),23.8,48.5
2026-05-27T08:00:00Z,E-(408호 OQC),20.5,75.4
2026-05-27T08:00:00Z,F-(807호 생산 Line),21.5,54.1
2026-05-27T08:00:00Z,G-(401호 기구창고),24.2,64.3
2026-05-27T09:00:00Z,A-(401호 회로창고 1),21.9,53.1
2026-05-27T09:00:00Z,B-(401호 회로창고 2),22.5,52.0
2026-05-27T10:00:00Z,A-(401호 회로창고 1),21.9,52.0
2026-05-27T10:00:00Z,B-(401호 회로창고 2),22.5,54.6
2026-05-27T11:00:00Z,A-(401호 회로창고 1),21.9,52.6
2026-05-27T11:00:00Z,B-(401호 회로창고 2),22.4,52.2
2026-05-27T12:00:00Z,A-(401호 회로창고 1),22.0,54.1
2026-05-27T12:00:00Z,B-(401호 회로창고 2),22.4,53.4
2026-05-27T13:00:00Z,A-(401호 회로창고 1),22.1,58.3
2026-05-27T13:00:00Z,B-(401호 회로창고 2),22.4,55.7
2026-05-27T14:00:00Z,A-(401호 회로창고 1),21.9,52.6
2026-05-27T14:00:00Z,B-(401호 회로창고 2),22.3,52.3
2026-05-27T15:00:00Z,A-(401호 회로창고 1),21.8,52.1
2026-05-27T15:00:00Z,B-(401호 회로창고 2),22.2,52.1
2026-05-27T16:00:00Z,A-(401호 회로창고 1),21.9,53.6
2026-05-27T16:00:00Z,B-(401호 회로창고 2),22.3,53.2
2026-05-27T17:00:00Z,A-(401호 회로창고 1),22.1,57.2
2026-05-27T17:00:00Z,B-(401호 회로창고 2),22.3,56.0
2026-05-27T18:00:00Z,A-(401호 회로창고 1),21.9,57.6
2026-05-27T18:00:00Z,B-(401호 회로창고 2),22.2,55.7
2026-05-27T19:00:00Z,A-(401호 회로창고 1),22.0,54.5
2026-05-27T19:00:00Z,B-(401호 회로창고 2),22.3,54.4
2026-05-27T20:00:00Z,A-(401호 회로창고 1),21.9,52.8
2026-05-27T20:00:00Z,B-(401호 회로창고 2),22.2,53.0
2026-05-27T21:00:00Z,A-(401호 회로창고 1),21.8,55.7
2026-05-27T21:00:00Z,B-(401호 회로창고 2),22.2,55.2
2026-05-27T22:00:00Z,A-(401호 회로창고 1),22.0,59.0
2026-05-27T22:00:00Z,B-(401호 회로창고 2),22.2,55.2
2026-05-27T23:00:00Z,A-(401호 회로창고 1),21.9,53.6
2026-05-27T23:00:00Z,B-(401호 회로창고 2),22.2,54.1
2026-05-28T00:00:00Z,A-(401호 회로창고 1),21.9,51.7
2026-05-28T00:00:00Z,B-(401호 회로창고 2),22.4,51.4
2026-05-28T00:00:00Z,C-(402호 수입검사),24.8,64.4
2026-05-28T00:00:00Z,D-(406호 기구창고),24.8,52.0
2026-05-28T00:00:00Z,E-(408호 OQC),20.1,69.0
2026-05-28T00:00:00Z,F-(807호 생산 Line),21.3,54.4
2026-05-28T00:00:00Z,G-(401호 기구창고),23.9,72.5
2026-05-28T01:00:00Z,A-(401호 회로창고 1),22.1,52.6
2026-05-28T01:00:00Z,B-(401호 회로창고 2),22.5,54.3
2026-05-28T01:00:00Z,C-(402호 수입검사),24.7,68.1
2026-05-28T01:00:00Z,D-(406호 기구창고),24.4,54.9
2026-05-28T01:00:00Z,E-(408호 OQC),20.0,72.8
2026-05-28T01:00:00Z,F-(807호 생산 Line),21.1,54.9
2026-05-28T01:00:00Z,G-(401호 기구창고),23.9,65.5
2026-05-28T02:00:00Z,A-(401호 회로창고 1),22.0,54.2
2026-05-28T02:00:00Z,B-(401호 회로창고 2),22.5,51.0
2026-05-28T02:00:00Z,C-(402호 수입검사),24.8,66.5
2026-05-28T02:00:00Z,D-(406호 기구창고),24.0,51.5
2026-05-28T02:00:00Z,E-(408호 OQC),19.9,73.6
2026-05-28T02:00:00Z,F-(807호 생산 Line),21.1,54.0
2026-05-28T02:00:00Z,G-(401호 기구창고),24.0,64.9
2026-05-28T03:00:00Z,A-(401호 회로창고 1),22.2,59.0
2026-05-28T03:00:00Z,B-(401호 회로창고 2),22.6,50.5
2026-05-28T03:00:00Z,C-(402호 수입검사),24.7,66.9
2026-05-28T03:00:00Z,D-(406호 기구창고),23.8,51.1
2026-05-28T03:00:00Z,E-(408호 OQC),19.9,73.0
2026-05-28T03:00:00Z,F-(807호 생산 Line),20.9,52.7
2026-05-28T03:00:00Z,G-(401호 기구창고),24.0,64.9
2026-05-28T04:00:00Z,A-(401호 회로창고 1),22.0,52.6
2026-05-28T04:00:00Z,B-(401호 회로창고 2),22.7,51.2
2026-05-28T04:00:00Z,C-(402호 수입검사),25.7,61.1
2026-05-28T04:00:00Z,D-(406호 기구창고),23.7,48.9
2026-05-28T04:00:00Z,E-(408호 OQC),21.1,68.5
2026-05-28T04:00:00Z,F-(807호 생산 Line),21.0,50.6
2026-05-28T04:00:00Z,G-(401호 기구창고),24.1,64.8
2026-05-28T05:00:00Z,A-(401호 회로창고 1),22.1,53.2
2026-05-28T05:00:00Z,B-(401호 회로창고 2),22.8,54.8
2026-05-28T05:00:00Z,C-(402호 수입검사),24.9,64.7
2026-05-28T05:00:00Z,D-(406호 기구창고),23.7,48.0
2026-05-28T05:00:00Z,E-(408호 OQC),20.0,73.0
2026-05-28T05:00:00Z,F-(807호 생산 Line),21.1,51.4
2026-05-28T05:00:00Z,G-(401호 기구창고),24.2,65.3
2026-05-28T06:00:00Z,A-(401호 회로창고 1),22.1,52.1
2026-05-28T06:00:00Z,B-(401호 회로창고 2),22.7,50.2
2026-05-28T06:00:00Z,C-(402호 수입검사),24.7,64.5
2026-05-28T06:00:00Z,D-(406호 기구창고),23.8,49.9
2026-05-28T06:00:00Z,E-(408호 OQC),19.9,71.4
2026-05-28T06:00:00Z,F-(807호 생산 Line),21.0,52.1
2026-05-28T06:00:00Z,G-(401호 기구창고),24.3,65.5
2026-05-28T07:00:00Z,A-(401호 회로창고 1),22.2,58.9
2026-05-28T07:00:00Z,B-(401호 회로창고 2),22.8,49.5
2026-05-28T07:00:00Z,C-(402호 수입검사),24.6,65.6
2026-05-28T07:00:00Z,D-(406호 기구창고),23.6,48.0
2026-05-28T07:00:00Z,E-(408호 OQC),19.7,72.6
2026-05-28T07:00:00Z,F-(807호 생산 Line),21.0,52.8
2026-05-28T07:00:00Z,G-(401호 기구창고),24.3,65.2
2026-05-28T08:00:00Z,A-(401호 회로창고 1),22.2,53.8
2026-05-28T08:00:00Z,B-(401호 회로창고 2),22.9,52.1
2026-05-28T08:00:00Z,C-(402호 수입검사),24.6,66.7
2026-05-28T08:00:00Z,D-(406호 기구창고),23.6,47.9
2026-05-28T08:00:00Z,E-(408호 OQC),20.3,75.0
2026-05-28T08:00:00Z,F-(807호 생산 Line),21.1,55.1
2026-05-28T08:00:00Z,G-(401호 기구창고),24.3,65.1
2026-05-28T09:00:00Z,A-(401호 회로창고 1),22.1,52.9
2026-05-28T09:00:00Z,B-(401호 회로창고 2),22.6,53.7
2026-05-28T10:00:00Z,A-(401호 회로창고 1),22.2,58.5
2026-05-28T10:00:00Z,B-(401호 회로창고 2),22.5,56.2
2026-05-28T11:00:00Z,A-(401호 회로창고 1),22.1,53.0
2026-05-28T11:00:00Z,B-(401호 회로창고 2),22.4,52.6
2026-05-28T12:00:00Z,A-(401호 회로창고 1),22.1,52.9
2026-05-28T12:00:00Z,B-(401호 회로창고 2),22.3,52.7
2026-05-28T13:00:00Z,A-(401호 회로창고 1),22.2,58.8
2026-05-28T13:00:00Z,B-(401호 회로창고 2),22.2,50.8
2026-05-28T14:00:00Z,A-(401호 회로창고 1),22.1,54.3
2026-05-28T14:00:00Z,B-(401호 회로창고 2),22.2,54.4
2026-05-28T15:00:00Z,A-(401호 회로창고 1),22.2,58.6
2026-05-28T15:00:00Z,B-(401호 회로창고 2),22.2,56.6
2026-05-28T16:00:00Z,A-(401호 회로창고 1),22.0,53.1
2026-05-28T16:00:00Z,B-(401호 회로창고 2),22.1,53.6
2026-05-28T17:00:00Z,A-(401호 회로창고 1),22.0,56.0
2026-05-28T17:00:00Z,B-(401호 회로창고 2),22.1,52.7
2026-05-28T18:00:00Z,A-(401호 회로창고 1),22.1,53.9
2026-05-28T18:00:00Z,B-(401호 회로창고 2),22.1,54.5
2026-05-28T19:00:00Z,A-(401호 회로창고 1),22.0,52.5
2026-05-28T19:00:00Z,B-(401호 회로창고 2),22.1,53.6
2026-05-28T20:00:00Z,A-(401호 회로창고 1),22.2,54.7
2026-05-28T20:00:00Z,B-(401호 회로창고 2),22.1,56.3
2026-05-28T21:00:00Z,A-(401호 회로창고 1),22.0,52.9
2026-05-28T21:00:00Z,B-(401호 회로창고 2),22.1,54.0
2026-05-28T22:00:00Z,A-(401호 회로창고 1),22.1,56.4
2026-05-28T22:00:00Z,B-(401호 회로창고 2),22.1,56.0
2026-05-28T23:00:00Z,A-(401호 회로창고 1),22.0,53.0
2026-05-28T23:00:00Z,B-(401호 회로창고 2),22.1,54.2
2026-05-29T00:00:00Z,A-(401호 회로창고 1),22.2,56.9
2026-05-29T00:00:00Z,B-(401호 회로창고 2),22.3,56.2
2026-05-29T00:00:00Z,C-(402호 수입검사),24.5,61.8
2026-05-29T00:00:00Z,D-(406호 기구창고),24.5,50.0
2026-05-29T00:00:00Z,E-(408호 OQC),20.0,65.2
2026-05-29T00:00:00Z,F-(807호 생산 Line),21.8,49.8
2026-05-29T00:00:00Z,G-(401호 기구창고),23.8,67.2
2026-05-29T01:00:00Z,A-(401호 회로창고 1),22.2,55.4
2026-05-29T01:00:00Z,B-(401호 회로창고 2),22.4,51.9
2026-05-29T01:00:00Z,C-(402호 수입검사),24.5,60.0
2026-05-29T01:00:00Z,D-(406호 기구창고),24.6,49.7
2026-05-29T01:00:00Z,E-(408호 OQC),21.4,68.5
2026-05-29T01:00:00Z,F-(807호 생산 Line),21.6,49.8
2026-05-29T01:00:00Z,G-(401호 기구창고),24.0,66.5
2026-05-29T02:00:00Z,A-(401호 회로창고 1),22.2,52.3
2026-05-29T02:00:00Z,B-(401호 회로창고 2),22.5,51.4
2026-05-29T02:00:00Z,C-(402호 수입검사),24.4,59.2
2026-05-29T02:00:00Z,D-(406호 기구창고),24.6,47.6
2026-05-29T02:00:00Z,E-(408호 OQC),21.5,69.6
2026-05-29T02:00:00Z,F-(807호 생산 Line),21.7,49.4
2026-05-29T02:00:00Z,G-(401호 기구창고),24.0,63.4
2026-05-29T03:00:00Z,A-(401호 회로창고 1),22.3,58.2
2026-05-29T03:00:00Z,B-(401호 회로창고 2),22.6,50.2
2026-05-29T03:00:00Z,C-(402호 수입검사),24.4,57.3
2026-05-29T03:00:00Z,D-(406호 기구창고),24.2,46.3
2026-05-29T03:00:00Z,E-(408호 OQC),21.5,72.3
2026-05-29T03:00:00Z,F-(807호 생산 Line),21.6,49.0
2026-05-29T03:00:00Z,G-(401호 기구창고),24.0,61.9
2026-05-29T04:00:00Z,A-(401호 회로창고 1),22.2,52.2
2026-05-29T04:00:00Z,B-(401호 회로창고 2),22.7,51.2
2026-05-29T04:00:00Z,C-(402호 수입검사),24.3,54.4
2026-05-29T04:00:00Z,D-(406호 기구창고),23.9,45.6
2026-05-29T04:00:00Z,E-(408호 OQC),21.4,64.1
2026-05-29T04:00:00Z,F-(807호 생산 Line),21.6,48.0
2026-05-29T04:00:00Z,G-(401호 기구창고),24.1,60.8
2026-05-29T05:00:00Z,A-(401호 회로창고 1),22.0,52.5
2026-05-29T05:00:00Z,B-(401호 회로창고 2),22.8,53.9
2026-05-29T05:00:00Z,C-(402호 수입검사),24.3,51.5
2026-05-29T05:00:00Z,D-(406호 기구창고),23.7,45.7
2026-05-29T05:00:00Z,E-(408호 OQC),21.5,66.5
2026-05-29T05:00:00Z,F-(807호 생산 Line),21.6,48.3
2026-05-29T05:00:00Z,G-(401호 기구창고),24.2,59.7
2026-05-29T06:00:00Z,A-(401호 회로창고 1),22.2,53.6
2026-05-29T06:00:00Z,B-(401호 회로창고 2),22.8,51.9
2026-05-29T06:00:00Z,C-(402호 수입검사),24.4,51.4
2026-05-29T06:00:00Z,D-(406호 기구창고),23.8,45.8
2026-05-29T06:00:00Z,E-(408호 OQC),21.5,66.4
2026-05-29T06:00:00Z,F-(807호 생산 Line),21.7,48.0
2026-05-29T06:00:00Z,G-(401호 기구창고),24.3,58.7
2026-05-29T07:00:00Z,A-(401호 회로창고 1),22.2,52.4
2026-05-29T07:00:00Z,B-(401호 회로창고 2),22.7,51.1
2026-05-29T07:00:00Z,C-(402호 수입검사),24.3,50.8
2026-05-29T07:00:00Z,D-(406호 기구창고),23.6,47.6
2026-05-29T07:00:00Z,E-(408호 OQC),21.6,68.1
2026-05-29T07:00:00Z,F-(807호 생산 Line),21.5,48.7
2026-05-29T07:00:00Z,G-(401호 기구창고),24.3,57.9
2026-05-29T08:00:00Z,A-(401호 회로창고 1),21.9,51.8
2026-05-29T08:00:00Z,B-(401호 회로창고 2),22.8,53.2
2026-05-29T08:00:00Z,C-(402호 수입검사),24.5,50.0
2026-05-29T08:00:00Z,D-(406호 기구창고),23.6,46.8
2026-05-29T08:00:00Z,E-(408호 OQC),22.2,65.7
2026-05-29T08:00:00Z,F-(807호 생산 Line),21.6,48.5
2026-05-29T08:00:00Z,G-(401호 기구창고),24.3,57.3
2026-05-29T09:00:00Z,A-(401호 회로창고 1),21.9,52.9
2026-05-29T09:00:00Z,B-(401호 회로창고 2),22.6,54.0
2026-05-29T10:00:00Z,A-(401호 회로창고 1),21.9,56.3
2026-05-29T10:00:00Z,B-(401호 회로창고 2),22.4,52.6
2026-05-29T11:00:00Z,A-(401호 회로창고 1),22.0,58.3
2026-05-29T11:00:00Z,B-(401호 회로창고 2),22.4,51.7
2026-05-29T12:00:00Z,A-(401호 회로창고 1),22.0,54.2
2026-05-29T12:00:00Z,B-(401호 회로창고 2),22.4,54.0
2026-05-29T13:00:00Z,A-(401호 회로창고 1),21.9,53.3
2026-05-29T13:00:00Z,B-(401호 회로창고 2),22.3,53.1
2026-05-29T14:00:00Z,A-(401호 회로창고 1),22.1,59.0
2026-05-29T14:00:00Z,B-(401호 회로창고 2),22.3,56.1
2026-05-29T15:00:00Z,A-(401호 회로창고 1),21.9,53.5
2026-05-29T15:00:00Z,B-(401호 회로창고 2),22.2,53.6
2026-05-29T16:00:00Z,A-(401호 회로창고 1),22.0,57.8
2026-05-29T16:00:00Z,B-(401호 회로창고 2),22.2,55.1
2026-05-29T17:00:00Z,A-(401호 회로창고 1),22.0,53.9
2026-05-29T17:00:00Z,B-(401호 회로창고 2),22.2,54.2
2026-05-29T18:00:00Z,A-(401호 회로창고 1),22.0,56.1
2026-05-29T18:00:00Z,B-(401호 회로창고 2),22.1,52.3
2026-05-29T19:00:00Z,A-(401호 회로창고 1),22.0,58.1
2026-05-29T19:00:00Z,B-(401호 회로창고 2),22.1,56.0
2026-05-29T20:00:00Z,A-(401호 회로창고 1),22.2,59.1
2026-05-29T20:00:00Z,B-(401호 회로창고 2),22.2,56.6
2026-05-29T21:00:00Z,A-(401호 회로창고 1),22.2,56.2
2026-05-29T21:00:00Z,B-(401호 회로창고 2),22.1,56.6
2026-05-29T22:00:00Z,A-(401호 회로창고 1),22.2,58.9
2026-05-29T22:00:00Z,B-(401호 회로창고 2),22.1,56.9
2026-05-29T23:00:00Z,A-(401호 회로창고 1),22.8,56.0
2026-05-29T23:00:00Z,B-(401호 회로창고 2),22.4,56.1
2026-05-30T00:00:00Z,A-(401호 회로창고 1),23.0,55.4
2026-05-30T00:00:00Z,B-(401호 회로창고 2),22.6,55.6
2026-05-30T01:00:00Z,A-(401호 회로창고 1),22.8,51.6
2026-05-30T01:00:00Z,B-(401호 회로창고 2),22.8,52.5
2026-05-30T02:00:00Z,A-(401호 회로창고 1),22.7,56.8
2026-05-30T02:00:00Z,B-(401호 회로창고 2),22.9,55.0
2026-05-30T03:00:00Z,A-(401호 회로창고 1),22.2,59.6
2026-05-30T03:00:00Z,B-(401호 회로창고 2),22.8,50.3
2026-05-30T04:00:00Z,A-(401호 회로창고 1),22.0,53.0
2026-05-30T04:00:00Z,B-(401호 회로창고 2),22.6,52.0
2026-05-30T05:00:00Z,A-(401호 회로창고 1),21.9,53.0
2026-05-30T05:00:00Z,B-(401호 회로창고 2),22.6,55.0
2026-05-30T06:00:00Z,A-(401호 회로창고 1),22.1,56.0
2026-05-30T06:00:00Z,B-(401호 회로창고 2),22.5,50.5
2026-05-30T07:00:00Z,A-(401호 회로창고 1),21.9,56.1
2026-05-30T07:00:00Z,B-(401호 회로창고 2),22.5,51.9
2026-05-30T08:00:00Z,A-(401호 회로창고 1),21.9,52.6
2026-05-30T08:00:00Z,B-(401호 회로창고 2),22.5,54.3
2026-05-30T09:00:00Z,A-(401호 회로창고 1),21.9,56.1
2026-05-30T09:00:00Z,B-(401호 회로창고 2),22.4,51.0
2026-05-30T10:00:00Z,A-(401호 회로창고 1),21.9,55.9
2026-05-30T10:00:00Z,B-(401호 회로창고 2),22.4,51.7
2026-05-30T11:00:00Z,A-(401호 회로창고 1),21.8,53.0
2026-05-30T11:00:00Z,B-(401호 회로창고 2),22.4,52.3
2026-05-30T12:00:00Z,A-(401호 회로창고 1),22.1,57.3
2026-05-30T12:00:00Z,B-(401호 회로창고 2),22.4,55.8
2026-05-30T13:00:00Z,A-(401호 회로창고 1),21.9,55.8
2026-05-30T13:00:00Z,B-(401호 회로창고 2),22.3,52.3
2026-05-30T14:00:00Z,A-(401호 회로창고 1),21.9,52.4
2026-05-30T14:00:00Z,B-(401호 회로창고 2),22.2,52.3
2026-05-30T15:00:00Z,A-(401호 회로창고 1),22.0,55.0
2026-05-30T15:00:00Z,B-(401호 회로창고 2),22.3,55.2
2026-05-30T16:00:00Z,A-(401호 회로창고 1),22.0,59.1
2026-05-30T16:00:00Z,B-(401호 회로창고 2),22.2,55.7
2026-05-30T17:00:00Z,A-(401호 회로창고 1),22.0,54.0
2026-05-30T17:00:00Z,B-(401호 회로창고 2),22.3,54.5
2026-05-30T18:00:00Z,A-(401호 회로창고 1),21.9,53.5
2026-05-30T18:00:00Z,B-(401호 회로창고 2),22.2,53.9
2026-05-30T19:00:00Z,A-(401호 회로창고 1),22.0,60.0
2026-05-30T19:00:00Z,B-(401호 회로창고 2),22.2,55.8
2026-05-30T20:00:00Z,A-(401호 회로창고 1),21.9,53.4
2026-05-30T20:00:00Z,B-(401호 회로창고 2),22.2,53.7
2026-05-30T21:00:00Z,A-(401호 회로창고 1),21.9,53.4
2026-05-30T21:00:00Z,B-(401호 회로창고 2),22.1,53.5
2026-05-30T22:00:00Z,A-(401호 회로창고 1),22.1,57.2
2026-05-30T22:00:00Z,B-(401호 회로창고 2),22.2,56.8
2026-05-30T23:00:00Z,A-(401호 회로창고 1),21.8,52.7
2026-05-30T23:00:00Z,B-(401호 회로창고 2),22.1,53.0
2026-05-31T00:00:00Z,A-(401호 회로창고 1),21.8,52.5
2026-05-31T00:00:00Z,B-(401호 회로창고 2),22.2,52.6
2026-05-31T01:00:00Z,A-(401호 회로창고 1),21.8,55.1
2026-05-31T01:00:00Z,B-(401호 회로창고 2),22.3,55.8
2026-05-31T02:00:00Z,A-(401호 회로창고 1),21.8,53.0
2026-05-31T02:00:00Z,B-(401호 회로창고 2),22.3,52.9
2026-05-31T03:00:00Z,A-(401호 회로창고 1),21.9,53.4
2026-05-31T03:00:00Z,B-(401호 회로창고 2),22.4,52.4
2026-05-31T04:00:00Z,A-(401호 회로창고 1),22.1,59.8
2026-05-31T04:00:00Z,B-(401호 회로창고 2),22.4,50.7
2026-05-31T05:00:00Z,A-(401호 회로창고 1),22.0,54.3
2026-05-31T05:00:00Z,B-(401호 회로창고 2),22.5,53.3
2026-05-31T06:00:00Z,A-(401호 회로창고 1),21.9,56.7
2026-05-31T06:00:00Z,B-(401호 회로창고 2),22.5,50.9
2026-05-31T07:00:00Z,A-(401호 회로창고 1),21.9,53.1
2026-05-31T07:00:00Z,B-(401호 회로창고 2),22.5,52.1
2026-05-31T08:00:00Z,A-(401호 회로창고 1),22.4,56.8
2026-05-31T08:00:00Z,B-(401호 회로창고 2),22.5,50.9
2026-05-31T09:00:00Z,A-(401호 회로창고 1),22.7,54.8
2026-05-31T09:00:00Z,B-(401호 회로창고 2),22.8,53.5
2026-05-31T10:00:00Z,A-(401호 회로창고 1),23.0,53.1
2026-05-31T10:00:00Z,B-(401호 회로창고 2),23.0,52.3
2026-05-31T11:00:00Z,A-(401호 회로창고 1),22.9,52.1
2026-05-31T11:00:00Z,B-(401호 회로창고 2),23.1,50.6
2026-05-31T12:00:00Z,A-(401호 회로창고 1),22.8,53.6
2026-05-31T12:00:00Z,B-(401호 회로창고 2),23.0,50.6
2026-05-31T13:00:00Z,A-(401호 회로창고 1),22.8,53.3
2026-05-31T13:00:00Z,B-(401호 회로창고 2),22.9,52.0
2026-05-31T14:00:00Z,A-(401호 회로창고 1),22.9,53.0
2026-05-31T14:00:00Z,B-(401호 회로창고 2),23.0,52.0
2026-05-31T15:00:00Z,A-(401호 회로창고 1),22.9,52.3
2026-05-31T15:00:00Z,B-(401호 회로창고 2),23.0,50.5
2026-05-31T16:00:00Z,A-(401호 회로창고 1),22.9,53.2
2026-05-31T16:00:00Z,B-(401호 회로창고 2),22.9,52.0
2026-05-31T17:00:00Z,A-(401호 회로창고 1),22.7,53.6
2026-05-31T17:00:00Z,B-(401호 회로창고 2),22.9,52.1
2026-05-31T18:00:00Z,A-(401호 회로창고 1),23.0,52.9
2026-05-31T18:00:00Z,B-(401호 회로창고 2),22.9,52.0
2026-05-31T19:00:00Z,A-(401호 회로창고 1),22.8,53.1
2026-05-31T19:00:00Z,B-(401호 회로창고 2),22.9,51.9
2026-05-31T20:00:00Z,A-(401호 회로창고 1),22.7,53.7
2026-05-31T20:00:00Z,B-(401호 회로창고 2),22.8,51.0
2026-05-31T21:00:00Z,A-(401호 회로창고 1),23.0,52.6
2026-05-31T21:00:00Z,B-(401호 회로창고 2),22.9,51.7
2026-05-31T22:00:00Z,A-(401호 회로창고 1),22.8,52.9
2026-05-31T22:00:00Z,B-(401호 회로창고 2),22.8,51.6
2026-05-31T23:00:00Z,A-(401호 회로창고 1),22.9,49.7
2026-05-31T23:00:00Z,B-(401호 회로창고 2),22.9,50.5
2026-06-01T00:00:00Z,A-(401호 회로창고 1),23.0,52.1
2026-06-01T00:00:00Z,B-(401호 회로창고 2),23.0,51.2
2026-06-01T00:00:00Z,C-(402호 수입검사),24.5,46.5
2026-06-01T00:00:00Z,D-(406호 기구창고),25.6,43.7
2026-06-01T00:00:00Z,E-(408호 OQC),21.4,49.6
2026-06-01T00:00:00Z,F-(807호 생산 Line),21.9,46.9
2026-06-01T00:00:00Z,G-(401호 기구창고),23.9,53.3
2026-06-01T01:00:00Z,A-(401호 회로창고 1),22.8,52.6
2026-06-01T01:00:00Z,B-(401호 회로창고 2),23.2,50.5
2026-06-01T01:00:00Z,D-(406호 기구창고),25.6,43.9
2026-06-01T01:00:00Z,E-(408호 OQC),20.8,52.1
2026-06-01T01:00:00Z,F-(807호 생산 Line),21.6,48.5
2026-06-01T01:00:00Z,G-(401호 기구창고),24.1,53.1
2026-06-01T02:00:00Z,A-(401호 회로창고 1),22.8,53.0
2026-06-01T02:00:00Z,B-(401호 회로창고 2),23.4,50.4
2026-06-01T02:00:00Z,C-(402호 수입검사),24.4,47.5
2026-06-01T02:00:00Z,D-(406호 기구창고),25.6,42.9
2026-06-01T02:00:00Z,E-(408호 OQC),21.0,50.8
2026-06-01T02:00:00Z,F-(807호 생산 Line),21.6,48.6
2026-06-01T02:00:00Z,G-(401호 기구창고),24.2,52.9
2026-06-01T03:00:00Z,A-(401호 회로창고 1),22.8,53.0
2026-06-01T03:00:00Z,B-(401호 회로창고 2),23.5,49.7
2026-06-01T03:00:00Z,C-(402호 수입검사),24.3,46.1
2026-06-01T03:00:00Z,D-(406호 기구창고),25.5,44.7
2026-06-01T03:00:00Z,E-(408호 OQC),21.2,50.5
2026-06-01T03:00:00Z,F-(807호 생산 Line),21.6,48.8
2026-06-01T03:00:00Z,G-(401호 기구창고),24.3,52.4
2026-06-01T04:00:00Z,A-(401호 회로창고 1),22.8,52.8
2026-06-01T04:00:00Z,B-(401호 회로창고 2),23.5,49.6
2026-06-01T04:00:00Z,C-(402호 수입검사),25.2,42.3
2026-06-01T04:00:00Z,D-(406호 기구창고),25.2,42.6
2026-06-01T04:00:00Z,E-(408호 OQC),21.1,48.8
2026-06-01T04:00:00Z,F-(807호 생산 Line),21.7,48.0
2026-06-01T04:00:00Z,G-(401호 기구창고),24.3,52.0
2026-06-01T05:00:00Z,A-(401호 회로창고 1),22.8,52.8
2026-06-01T05:00:00Z,B-(401호 회로창고 2),23.5,48.6
2026-06-01T05:00:00Z,C-(402호 수입검사),24.5,41.3
2026-06-01T05:00:00Z,D-(406호 기구창고),24.9,43.4
2026-06-01T05:00:00Z,E-(408호 OQC),20.7,48.7
2026-06-01T05:00:00Z,F-(807호 생산 Line),21.6,49.1
2026-06-01T05:00:00Z,G-(401호 기구창고),24.4,51.5
2026-06-01T06:00:00Z,A-(401호 회로창고 1),23.0,51.6
2026-06-01T06:00:00Z,B-(401호 회로창고 2),23.6,49.4
2026-06-01T06:00:00Z,C-(402호 수입검사),24.5,42.7
2026-06-01T06:00:00Z,D-(406호 기구창고),24.8,43.1
2026-06-01T06:00:00Z,E-(408호 OQC),21.1,49.7
2026-06-01T06:00:00Z,F-(807호 생산 Line),21.4,49.2
2026-06-01T06:00:00Z,G-(401호 기구창고),24.5,51.3
2026-06-01T07:00:00Z,A-(401호 회로창고 1),23.1,52.2
2026-06-01T07:00:00Z,B-(401호 회로창고 2),23.5,49.7
2026-06-01T07:00:00Z,C-(402호 수입검사),24.4,43.0
2026-06-01T07:00:00Z,D-(406호 기구창고),24.6,42.6
2026-06-01T07:00:00Z,E-(408호 OQC),21.7,55.2
2026-06-01T07:00:00Z,F-(807호 생산 Line),21.6,48.3
2026-06-01T07:00:00Z,G-(401호 기구창고),24.5,51.1
2026-06-01T08:00:00Z,A-(401호 회로창고 1),22.8,52.4
2026-06-01T08:00:00Z,B-(401호 회로창고 2),23.4,49.5
2026-06-01T08:00:00Z,C-(402호 수입검사),24.4,45.4
2026-06-01T08:00:00Z,D-(406호 기구창고),24.6,42.7
2026-06-01T08:00:00Z,E-(408호 OQC),22.9,50.4
2026-06-01T08:00:00Z,F-(807호 생산 Line),21.6,47.8
2026-06-01T08:00:00Z,G-(401호 기구창고),24.5,51.2
2026-06-01T09:00:00Z,A-(401호 회로창고 1),22.9,50.4
2026-06-01T09:00:00Z,B-(401호 회로창고 2),23.3,49.6
2026-06-01T10:00:00Z,A-(401호 회로창고 1),22.7,52.5
2026-06-01T10:00:00Z,B-(401호 회로창고 2),23.2,49.8
2026-06-01T11:00:00Z,A-(401호 회로창고 1),22.8,52.3
2026-06-01T11:00:00Z,B-(401호 회로창고 2),23.1,50.2
2026-06-01T12:00:00Z,A-(401호 회로창고 1),22.9,52.1
2026-06-01T12:00:00Z,B-(401호 회로창고 2),23.1,50.4
2026-06-01T13:00:00Z,A-(401호 회로창고 1),22.9,50.5
2026-06-01T13:00:00Z,B-(401호 회로창고 2),23.1,49.5
2026-06-01T14:00:00Z,A-(401호 회로창고 1),22.7,52.6
2026-06-01T14:00:00Z,B-(401호 회로창고 2),23.0,50.7
2026-06-01T15:00:00Z,A-(401호 회로창고 1),22.8,52.4
2026-06-01T15:00:00Z,B-(401호 회로창고 2),23.0,50.7
2026-06-01T16:00:00Z,A-(401호 회로창고 1),22.9,52.2
2026-06-01T16:00:00Z,B-(401호 회로창고 2),23.0,50.8
2026-06-01T17:00:00Z,A-(401호 회로창고 1),23.0,52.0
2026-06-01T17:00:00Z,B-(401호 회로창고 2),23.0,50.8
2026-06-01T18:00:00Z,A-(401호 회로창고 1),22.9,49.7
2026-06-01T18:00:00Z,B-(401호 회로창고 2),23.0,49.8
2026-06-01T19:00:00Z,A-(401호 회로창고 1),22.7,52.8
2026-06-01T19:00:00Z,B-(401호 회로창고 2),22.9,49.6
2026-06-01T20:00:00Z,A-(401호 회로창고 1),22.8,52.4
2026-06-01T20:00:00Z,B-(401호 회로창고 2),22.9,51.0
2026-06-01T21:00:00Z,A-(401호 회로창고 1),22.9,52.2
2026-06-01T21:00:00Z,B-(401호 회로창고 2),22.9,50.9
2026-06-01T22:00:00Z,A-(401호 회로창고 1),22.9,52.0
2026-06-01T22:00:00Z,B-(401호 회로창고 2),22.9,51.0
2026-06-01T23:00:00Z,A-(401호 회로창고 1),23.0,52.1
2026-06-01T23:00:00Z,B-(401호 회로창고 2),22.9,51.0
2026-06-02T00:00:00Z,A-(401호 회로창고 1),22.7,53.0
2026-06-02T00:00:00Z,B-(401호 회로창고 2),23.1,50.9
2026-06-02T00:00:00Z,C-(402호 수입검사),24.6,49.4
2026-06-02T00:00:00Z,D-(406호 기구창고),25.8,44.8
2026-06-02T00:00:00Z,E-(408호 OQC),22.0,53.9
2026-06-02T00:00:00Z,F-(807호 생산 Line),21.8,48.6
2026-06-02T00:00:00Z,G-(401호 기구창고),24.0,54.4
2026-06-02T01:00:00Z,A-(401호 회로창고 1),22.8,53.1
2026-06-02T01:00:00Z,B-(401호 회로창고 2),23.3,50.5
2026-06-02T01:00:00Z,C-(402호 수입검사),24.5,50.6
2026-06-02T01:00:00Z,D-(406호 기구창고),26.0,46.9
2026-06-02T01:00:00Z,E-(408호 OQC),21.9,55.8
2026-06-02T01:00:00Z,F-(807호 생산 Line),21.5,49.6
2026-06-02T01:00:00Z,G-(401호 기구창고),24.2,54.5
2026-06-02T02:00:00Z,A-(401호 회로창고 1),22.8,53.7
2026-06-02T02:00:00Z,B-(401호 회로창고 2),23.4,50.6
2026-06-02T02:00:00Z,D-(406호 기구창고),26.2,45.6
2026-06-02T02:00:00Z,E-(408호 OQC),21.7,57.4
2026-06-02T02:00:00Z,F-(807호 생산 Line),21.5,50.3
2026-06-02T02:00:00Z,G-(401호 기구창고),24.4,54.8
2026-06-02T03:00:00Z,A-(401호 회로창고 1),22.8,54.2
2026-06-02T03:00:00Z,B-(401호 회로창고 2),23.5,50.9
2026-06-02T03:00:00Z,D-(406호 기구창고),25.7,43.4
2026-06-02T03:00:00Z,E-(408호 OQC),21.8,60.1
2026-06-02T03:00:00Z,F-(807호 생산 Line),21.5,50.3
2026-06-02T03:00:00Z,G-(401호 기구창고),24.5,54.9
2026-06-02T04:00:00Z,A-(401호 회로창고 1),22.8,54.8
2026-06-02T04:00:00Z,B-(401호 회로창고 2),23.6,51.0
2026-06-02T04:00:00Z,C-(402호 수입검사),24.7,53.5
2026-06-02T04:00:00Z,D-(406호 기구창고),25.4,42.8
2026-06-02T04:00:00Z,E-(408호 OQC),22.0,64.6
2026-06-02T04:00:00Z,F-(807호 생산 Line),21.5,50.1
2026-06-02T04:00:00Z,G-(401호 기구창고),24.6,55.5
2026-06-02T05:00:00Z,A-(401호 회로창고 1),22.8,56.0
2026-06-02T05:00:00Z,B-(401호 회로창고 2),23.6,51.2
2026-06-02T05:00:00Z,C-(402호 수입검사),24.5,56.4
2026-06-02T05:00:00Z,D-(406호 기구창고),25.1,42.7
2026-06-02T05:00:00Z,E-(408호 OQC),21.8,64.4
2026-06-02T05:00:00Z,F-(807호 생산 Line),21.5,51.8
2026-06-02T05:00:00Z,G-(401호 기구창고),24.7,56.5
2026-06-02T06:00:00Z,A-(401호 회로창고 1),22.2,55.9
2026-06-02T06:00:00Z,B-(401호 회로창고 2),23.5,49.2
2026-06-02T06:00:00Z,C-(402호 수입검사),24.5,58.1
2026-06-02T06:00:00Z,D-(406호 기구창고),24.8,43.0
2026-06-02T06:00:00Z,E-(408호 OQC),21.7,66.7
2026-06-02T06:00:00Z,F-(807호 생산 Line),21.5,52.7
2026-06-02T06:00:00Z,G-(401호 기구창고),24.9,57.4
2026-06-02T08:00:00Z,A-(401호 회로창고 1),22.1,55.8
2026-06-02T08:00:00Z,B-(401호 회로창고 2),23.2,49.6
2026-06-02T08:00:00Z,C-(402호 수입검사),25.1,53.9
2026-06-02T08:00:00Z,D-(406호 기구창고),24.7,44.8
2026-06-02T08:00:00Z,E-(408호 OQC),21.5,65.8
2026-06-02T08:00:00Z,F-(807호 생산 Line),21.4,52.1
2026-06-02T08:00:00Z,G-(401호 기구창고),24.8,56.9
2026-06-02T09:00:00Z,A-(401호 회로창고 1),22.0,53.0
2026-06-02T09:00:00Z,B-(401호 회로창고 2),23.0,53.0
2026-06-02T10:00:00Z,A-(401호 회로창고 1),22.0,54.3
2026-06-02T10:00:00Z,B-(401호 회로창고 2),22.8,49.6
2026-06-02T11:00:00Z,A-(401호 회로창고 1),22.1,58.4
2026-06-02T11:00:00Z,B-(401호 회로창고 2),22.7,50.1
2026-06-02T12:00:00Z,A-(401호 회로창고 1),22.0,58.0
2026-06-02T12:00:00Z,B-(401호 회로창고 2),22.7,51.0
2026-06-02T13:00:00Z,A-(401호 회로창고 1),22.0,54.2
2026-06-02T13:00:00Z,B-(401호 회로창고 2),22.6,52.7
2026-06-02T14:00:00Z,A-(401호 회로창고 1),21.9,52.9
2026-06-02T14:00:00Z,B-(401호 회로창고 2),22.6,54.6
2026-06-02T15:00:00Z,A-(401호 회로창고 1),22.0,54.5
2026-06-02T15:00:00Z,B-(401호 회로창고 2),22.5,51.7
2026-06-02T16:00:00Z,A-(401호 회로창고 1),22.1,56.8
2026-06-02T16:00:00Z,B-(401호 회로창고 2),22.5,50.5
2026-06-02T17:00:00Z,A-(401호 회로창고 1),22.1,59.9
2026-06-02T17:00:00Z,B-(401호 회로창고 2),22.5,51.0
2026-06-02T18:00:00Z,A-(401호 회로창고 1),22.0,57.1
2026-06-02T18:00:00Z,B-(401호 회로창고 2),22.5,52.0
2026-06-02T19:00:00Z,A-(401호 회로창고 1),22.0,53.9
2026-06-02T19:00:00Z,B-(401호 회로창고 2),22.5,52.7
2026-06-02T20:00:00Z,A-(401호 회로창고 1),21.9,51.8
2026-06-02T20:00:00Z,B-(401호 회로창고 2),22.4,51.4
2026-06-02T21:00:00Z,A-(401호 회로창고 1),22.0,52.9
2026-06-02T21:00:00Z,B-(401호 회로창고 2),22.4,54.0
2026-06-02T22:00:00Z,A-(401호 회로창고 1),21.9,55.9
2026-06-02T22:00:00Z,B-(401호 회로창고 2),22.4,52.8
2026-06-02T23:00:00Z,A-(401호 회로창고 1),22.1,60.7
2026-06-02T23:00:00Z,B-(401호 회로창고 2),22.4,50.8
2026-06-03T00:00:00Z,A-(401호 회로창고 1),21.9,53.3
2026-06-03T00:00:00Z,B-(401호 회로창고 2),22.4,52.5
2026-06-03T00:00:00Z,C-(402호 수입검사),24.8,53.9
2026-06-03T00:00:00Z,D-(406호 기구창고),29.6,44.0
2026-06-03T00:00:00Z,E-(408호 OQC),25.6,62.3
2026-06-03T00:00:00Z,F-(807호 생산 Line),24.8,49.9
2026-06-03T00:00:00Z,G-(401호 기구창고),24.0,59.1
2026-06-03T01:00:00Z,A-(401호 회로창고 1),21.9,52.4
2026-06-03T01:00:00Z,B-(401호 회로창고 2),22.5,54.2
2026-06-03T01:00:00Z,C-(402호 수입검사),24.9,53.6
2026-06-03T01:00:00Z,D-(406호 기구창고),29.8,43.7
2026-06-03T01:00:00Z,E-(408호 OQC),25.8,61.0
2026-06-03T01:00:00Z,F-(807호 생산 Line),24.8,50.1
2026-06-03T01:00:00Z,G-(401호 기구창고),24.1,59.0
2026-06-03T02:00:00Z,A-(401호 회로창고 1),21.9,53.5
2026-06-03T02:00:00Z,B-(401호 회로창고 2),22.5,52.1
2026-06-03T02:00:00Z,C-(402호 수입검사),25.0,53.4
2026-06-03T02:00:00Z,D-(406호 기구창고),29.3,44.6
2026-06-03T02:00:00Z,E-(408호 OQC),25.8,60.8
2026-06-03T02:00:00Z,F-(807호 생산 Line),24.9,50.2
2026-06-03T02:00:00Z,G-(401호 기구창고),24.2,58.4
2026-06-03T03:00:00Z,A-(401호 회로창고 1),22.1,59.1
2026-06-03T03:00:00Z,B-(401호 회로창고 2),22.6,50.4
2026-06-03T03:00:00Z,C-(402호 수입검사),25.0,53.4
2026-06-03T03:00:00Z,D-(406호 기구창고),28.8,45.5
2026-06-03T03:00:00Z,E-(408호 OQC),25.7,61.0
2026-06-03T03:00:00Z,F-(807호 생산 Line),24.9,50.3
2026-06-03T03:00:00Z,G-(401호 기구창고),24.2,58.2
2026-06-03T04:00:00Z,A-(401호 회로창고 1),21.9,53.1
2026-06-03T04:00:00Z,B-(401호 회로창고 2),22.6,51.4
2026-06-03T04:00:00Z,C-(402호 수입검사),25.2,53.3
2026-06-03T04:00:00Z,D-(406호 기구창고),28.5,46.2
2026-06-03T04:00:00Z,E-(408호 OQC),25.6,61.0
2026-06-03T04:00:00Z,F-(807호 생산 Line),25.0,50.4
2026-06-03T04:00:00Z,G-(401호 기구창고),24.2,58.1
2026-06-03T05:00:00Z,A-(401호 회로창고 1),21.9,52.9
2026-06-03T05:00:00Z,B-(401호 회로창고 2),22.7,53.8
2026-06-03T05:00:00Z,C-(402호 수입검사),25.4,53.2
2026-06-03T05:00:00Z,D-(406호 기구창고),28.3,46.5
2026-06-03T05:00:00Z,E-(408호 OQC),25.6,60.7
2026-06-03T05:00:00Z,F-(807호 생산 Line),25.0,50.5
2026-06-03T05:00:00Z,G-(401호 기구창고),24.3,58.3
2026-06-03T06:00:00Z,A-(401호 회로창고 1),22.1,56.2
2026-06-03T06:00:00Z,B-(401호 회로창고 2),22.7,49.9
2026-06-03T06:00:00Z,C-(402호 수입검사),25.4,53.3
2026-06-03T06:00:00Z,D-(406호 기구창고),28.1,46.8
2026-06-03T06:00:00Z,E-(408호 OQC),25.6,61.0
2026-06-03T06:00:00Z,F-(807호 생산 Line),25.1,50.6
2026-06-03T06:00:00Z,G-(401호 기구창고),24.3,58.5
2026-06-03T07:00:00Z,A-(401호 회로창고 1),21.9,56.4
2026-06-03T07:00:00Z,B-(401호 회로창고 2),22.7,50.8
2026-06-03T07:00:00Z,C-(402호 수입검사),25.4,53.6
2026-06-03T07:00:00Z,D-(406호 기구창고),28.0,47.1
2026-06-03T07:00:00Z,E-(408호 OQC),25.6,61.1
2026-06-03T07:00:00Z,F-(807호 생산 Line),25.1,50.7
2026-06-03T07:00:00Z,G-(401호 기구창고),24.3,58.9
2026-06-03T09:00:00Z,A-(401호 회로창고 1),21.9,53.8
2026-06-03T09:00:00Z,B-(401호 회로창고 2),22.6,52.3
2026-06-03T10:00:00Z,A-(401호 회로창고 1),22.1,55.4
2026-06-03T10:00:00Z,B-(401호 회로창고 2),22.6,50.1
2026-06-03T11:00:00Z,A-(401호 회로창고 1),22.0,59.2
2026-06-03T11:00:00Z,B-(401호 회로창고 2),22.6,50.8
2026-06-03T12:00:00Z,A-(401호 회로창고 1),21.9,55.5
2026-06-03T12:00:00Z,B-(401호 회로창고 2),22.6,52.1
2026-06-03T13:00:00Z,A-(401호 회로창고 1),21.9,52.1
2026-06-03T13:00:00Z,B-(401호 회로창고 2),22.5,53.5
2026-06-03T14:00:00Z,A-(401호 회로창고 1),22.0,53.4
2026-06-03T14:00:00Z,B-(401호 회로창고 2),22.5,54.1
2026-06-03T15:00:00Z,A-(401호 회로창고 1),21.9,55.2
2026-06-03T15:00:00Z,B-(401호 회로창고 2),22.4,50.5
2026-06-03T16:00:00Z,A-(401호 회로창고 1),22.0,59.7
2026-06-03T16:00:00Z,B-(401호 회로창고 2),22.4,51.0
2026-06-03T17:00:00Z,A-(401호 회로창고 1),21.9,53.6
2026-06-03T17:00:00Z,B-(401호 회로창고 2),22.5,52.6
2026-06-03T18:00:00Z,A-(401호 회로창고 1),21.8,52.1
2026-06-03T18:00:00Z,B-(401호 회로창고 2),22.5,54.9
2026-06-03T19:00:00Z,A-(401호 회로창고 1),22.0,54.1
2026-06-03T19:00:00Z,B-(401호 회로창고 2),22.4,52.9
2026-06-03T20:00:00Z,A-(401호 회로창고 1),22.1,56.1
2026-06-03T20:00:00Z,B-(401호 회로창고 2),22.4,50.7
2026-06-03T21:00:00Z,A-(401호 회로창고 1),22.0,58.7
2026-06-03T21:00:00Z,B-(401호 회로창고 2),22.4,51.6
2026-06-03T22:00:00Z,A-(401호 회로창고 1),21.9,53.9
2026-06-03T22:00:00Z,B-(401호 회로창고 2),22.4,53.2
2026-06-03T23:00:00Z,A-(401호 회로창고 1),21.9,53.1
2026-06-03T23:00:00Z,B-(401호 회로창고 2),22.4,54.7
2026-06-04T00:00:00Z,A-(401호 회로창고 1),22.2,60.0
2026-06-04T00:00:00Z,B-(401호 회로창고 2),22.5,50.4
2026-06-04T00:00:00Z,C-(402호 수입검사),24.2,59.6
2026-06-04T00:00:00Z,D-(406호 기구창고),26.3,48.4
2026-06-04T00:00:00Z,E-(408호 OQC),22.2,63.3
2026-06-04T00:00:00Z,F-(807호 생산 Line),22.7,51.3
2026-06-04T00:00:00Z,G-(401호 기구창고),24.3,63.6
2026-06-04T01:00:00Z,A-(401호 회로창고 1),22.1,55.6
2026-06-04T01:00:00Z,B-(401호 회로창고 2),22.7,51.0
2026-06-04T01:00:00Z,C-(402호 수입검사),24.1,60.0
2026-06-04T01:00:00Z,D-(406호 기구창고),26.0,46.8
2026-06-04T01:00:00Z,E-(408호 OQC),21.6,60.1
2026-06-04T01:00:00Z,F-(807호 생산 Line),22.4,52.7
2026-06-04T01:00:00Z,G-(401호 기구창고),24.4,62.3
2026-06-04T02:00:00Z,A-(401호 회로창고 1),22.2,53.7
2026-06-04T02:00:00Z,B-(401호 회로창고 2),22.8,54.0
2026-06-04T02:00:00Z,C-(402호 수입검사),24.0,63.3
2026-06-04T02:00:00Z,D-(406호 기구창고),25.9,47.7
2026-06-04T02:00:00Z,E-(408호 OQC),21.7,60.0
2026-06-04T02:00:00Z,F-(807호 생산 Line),22.3,53.1
2026-06-04T02:00:00Z,G-(401호 기구창고),24.6,62.6
2026-06-04T03:00:00Z,A-(401호 회로창고 1),22.0,53.1
2026-06-04T03:00:00Z,B-(401호 회로창고 2),22.9,50.6
2026-06-04T03:00:00Z,C-(402호 수입검사),24.1,63.8
2026-06-04T03:00:00Z,D-(406호 기구창고),25.7,46.9
2026-06-04T03:00:00Z,E-(408호 OQC),22.2,65.6
2026-06-04T03:00:00Z,F-(807호 생산 Line),22.2,53.9
2026-06-04T03:00:00Z,G-(401호 기구창고),24.6,63.4
2026-06-04T04:00:00Z,A-(401호 회로창고 1),22.1,57.8
2026-06-04T04:00:00Z,B-(401호 회로창고 2),22.8,49.5
2026-06-04T04:00:00Z,C-(402호 수입검사),24.2,62.0
2026-06-04T04:00:00Z,D-(406호 기구창고),25.6,45.5
2026-06-04T04:00:00Z,E-(408호 OQC),22.1,63.7
2026-06-04T04:00:00Z,F-(807호 생산 Line),22.2,52.9
2026-06-04T04:00:00Z,G-(401호 기구창고),24.7,63.8
2026-06-04T05:00:00Z,A-(401호 회로창고 1),22.1,58.1
2026-06-04T05:00:00Z,B-(401호 회로창고 2),22.9,53.8
2026-06-04T05:00:00Z,C-(402호 수입검사),24.3,60.1
2026-06-04T05:00:00Z,D-(406호 기구창고),25.2,45.7
2026-06-04T05:00:00Z,E-(408호 OQC),22.1,64.6
2026-06-04T05:00:00Z,F-(807호 생산 Line),22.1,53.0
2026-06-04T05:00:00Z,G-(401호 기구창고),24.7,63.4
2026-06-04T06:00:00Z,A-(401호 회로창고 1),22.1,54.3
2026-06-04T06:00:00Z,B-(401호 회로창고 2),22.9,52.0
2026-06-04T06:00:00Z,C-(402호 수입검사),24.0,66.4
2026-06-04T06:00:00Z,D-(406호 기구창고),25.0,45.3
2026-06-04T06:00:00Z,E-(408호 OQC),21.9,69.5
2026-06-04T06:00:00Z,F-(807호 생산 Line),22.0,53.2
2026-06-04T06:00:00Z,G-(401호 기구창고),24.8,64.0
2026-06-04T07:00:00Z,A-(401호 회로창고 1),22.1,53.3
2026-06-04T07:00:00Z,B-(401호 회로창고 2),22.9,52.0
2026-06-04T07:00:00Z,C-(402호 수입검사),24.1,67.5
2026-06-04T07:00:00Z,D-(406호 기구창고),24.9,44.8
2026-06-04T07:00:00Z,E-(408호 OQC),21.9,70.0
2026-06-04T07:00:00Z,F-(807호 생산 Line),21.7,53.7
2026-06-04T07:00:00Z,G-(401호 기구창고),24.8,67.9
2026-06-04T08:00:00Z,A-(401호 회로창고 1),22.1,54.7
2026-06-04T08:00:00Z,B-(401호 회로창고 2),22.9,49.2
2026-06-04T08:00:00Z,C-(402호 수입검사),24.8,66.4
2026-06-04T08:00:00Z,D-(406호 기구창고),25.3,48.1
2026-06-04T08:00:00Z,E-(408호 OQC),22.0,70.5
2026-06-04T08:00:00Z,F-(807호 생산 Line),21.7,53.9
2026-06-04T08:00:00Z,G-(401호 기구창고),24.7,66.2
2026-06-04T09:00:00Z,A-(401호 회로창고 1),22.0,60.7
2026-06-04T09:00:00Z,B-(401호 회로창고 2),22.6,50.5
2026-06-04T10:00:00Z,A-(401호 회로창고 1),21.9,53.6
2026-06-04T10:00:00Z,B-(401호 회로창고 2),22.5,52.6
2026-06-04T11:00:00Z,A-(401호 회로창고 1),21.9,52.4
2026-06-04T11:00:00Z,B-(401호 회로창고 2),22.5,54.9
2026-06-04T12:00:00Z,A-(401호 회로창고 1),21.9,52.7
2026-06-04T12:00:00Z,B-(401호 회로창고 2),22.4,54.1
2026-06-04T13:00:00Z,A-(401호 회로창고 1),21.9,55.6
2026-06-04T13:00:00Z,B-(401호 회로창고 2),22.4,52.0
2026-06-04T14:00:00Z,A-(401호 회로창고 1),22.0,59.5
2026-06-04T14:00:00Z,B-(401호 회로창고 2),22.3,51.5
2026-06-04T15:00:00Z,A-(401호 회로창고 1),22.0,54.0
2026-06-04T15:00:00Z,B-(401호 회로창고 2),22.4,53.9
2026-06-04T16:00:00Z,A-(401호 회로창고 1),21.9,52.9
2026-06-04T16:00:00Z,B-(401호 회로창고 2),22.3,54.6
2026-06-04T17:00:00Z,A-(401호 회로창고 1),22.0,54.8
2026-06-04T17:00:00Z,B-(401호 회로창고 2),22.2,53.7
2026-06-04T18:00:00Z,A-(401호 회로창고 1),22.0,59.0
2026-06-04T18:00:00Z,B-(401호 회로창고 2),22.3,55.5
2026-06-04T19:00:00Z,A-(401호 회로창고 1),21.9,53.7
2026-06-04T19:00:00Z,B-(401호 회로창고 2),22.2,53.6
2026-06-04T20:00:00Z,A-(401호 회로창고 1),22.0,54.9
2026-06-04T20:00:00Z,B-(401호 회로창고 2),22.2,54.5
2026-06-04T21:00:00Z,A-(401호 회로창고 1),21.8,53.0
2026-06-04T21:00:00Z,B-(401호 회로창고 2),22.1,53.3
2026-06-04T22:00:00Z,A-(401호 회로창고 1),21.9,54.4
2026-06-04T22:00:00Z,B-(401호 회로창고 2),22.2,54.4
2026-06-04T23:00:00Z,A-(401호 회로창고 1),21.8,55.3
2026-06-04T23:00:00Z,B-(401호 회로창고 2),22.1,52.8
2026-06-05T00:00:00Z,A-(401호 회로창고 1),22.2,52.0
2026-06-05T00:00:00Z,B-(401호 회로창고 2),22.4,55.0
2026-06-05T00:00:00Z,C-(402호 수입검사),24.2,57.3
2026-06-05T00:00:00Z,D-(406호 기구창고),24.9,47.7
2026-06-05T00:00:00Z,E-(408호 OQC),22.3,66.2
2026-06-05T00:00:00Z,F-(807호 생산 Line),21.4,48.9
2026-06-05T00:00:00Z,G-(401호 기구창고),23.9,62.2
2026-06-05T01:00:00Z,A-(401호 회로창고 1),22.3,55.8
2026-06-05T01:00:00Z,B-(401호 회로창고 2),22.4,50.4
2026-06-05T01:00:00Z,C-(402호 수입검사),24.1,57.8
2026-06-05T01:00:00Z,D-(406호 기구창고),24.9,47.5
2026-06-05T01:00:00Z,E-(408호 OQC),21.8,64.8
2026-06-05T01:00:00Z,F-(807호 생산 Line),21.2,48.4
2026-06-05T01:00:00Z,G-(401호 기구창고),24.0,61.1
2026-06-05T02:00:00Z,A-(401호 회로창고 1),22.2,58.1
2026-06-05T02:00:00Z,B-(401호 회로창고 2),22.4,56.2
2026-06-05T02:00:00Z,C-(402호 수입검사),24.0,56.2
2026-06-05T02:00:00Z,D-(406호 기구창고),24.7,46.9
2026-06-05T02:00:00Z,E-(408호 OQC),22.2,65.9
2026-06-05T02:00:00Z,F-(807호 생산 Line),21.1,48.3
2026-06-05T02:00:00Z,G-(401호 기구창고),24.0,60.6
2026-06-05T03:00:00Z,A-(401호 회로창고 1),22.2,53.2
2026-06-05T03:00:00Z,B-(401호 회로창고 2),22.5,52.9
2026-06-05T03:00:00Z,C-(402호 수입검사),24.0,56.5
2026-06-05T03:00:00Z,D-(406호 기구창고),24.7,46.3
2026-06-05T03:00:00Z,E-(408호 OQC),22.3,64.5
2026-06-05T03:00:00Z,F-(807호 생산 Line),21.2,48.3
2026-06-05T03:00:00Z,G-(401호 기구창고),24.0,59.8
2026-06-05T04:00:00Z,A-(401호 회로창고 1),22.3,56.2
2026-06-05T04:00:00Z,C-(402호 수입검사),25.5,49.7
2026-06-05T04:00:00Z,D-(406호 기구창고),24.5,44.7
2026-06-05T04:00:00Z,E-(408호 OQC),22.1,63.3
2026-06-05T04:00:00Z,F-(807호 생산 Line),21.3,47.7
2026-06-05T04:00:00Z,G-(401호 기구창고),24.1,59.4
2026-06-05T05:00:00Z,A-(401호 회로창고 1),22.2,51.9
2026-06-05T05:00:00Z,B-(401호 회로창고 2),22.6,51.4
2026-06-05T05:00:00Z,C-(402호 수입검사),24.5,50.6
2026-06-05T05:00:00Z,D-(406호 기구창고),24.4,43.7
2026-06-05T05:00:00Z,E-(408호 OQC),22.1,62.9
2026-06-05T05:00:00Z,F-(807호 생산 Line),21.2,48.7
2026-06-05T05:00:00Z,G-(401호 기구창고),24.2,58.7
2026-06-05T06:00:00Z,A-(401호 회로창고 1),22.3,59.2
2026-06-05T06:00:00Z,B-(401호 회로창고 2),22.6,56.7
2026-06-05T06:00:00Z,C-(402호 수입검사),24.1,49.4
2026-06-05T06:00:00Z,D-(406호 기구창고),24.4,44.8
2026-06-05T06:00:00Z,E-(408호 OQC),22.2,62.9
2026-06-05T06:00:00Z,F-(807호 생산 Line),21.2,48.6
2026-06-05T06:00:00Z,G-(401호 기구창고),24.4,55.8
2026-06-05T07:00:00Z,A-(401호 회로창고 1),21.7,53.6
2026-06-05T07:00:00Z,B-(401호 회로창고 2),22.5,51.6
2026-06-05T07:00:00Z,C-(402호 수입검사),23.9,48.4
2026-06-05T07:00:00Z,D-(406호 기구창고),24.4,42.8
2026-06-05T07:00:00Z,E-(408호 OQC),22.1,63.1
2026-06-05T07:00:00Z,F-(807호 생산 Line),21.1,48.3
2026-06-05T07:00:00Z,G-(401호 기구창고),24.3,56.4
2026-06-05T08:00:00Z,A-(401호 회로창고 1),21.7,54.8
2026-06-05T08:00:00Z,B-(401호 회로창고 2),22.4,53.6
2026-06-05T08:00:00Z,C-(402호 수입검사),23.9,49.0
2026-06-05T08:00:00Z,D-(406호 기구창고),24.4,43.4
2026-06-05T08:00:00Z,E-(408호 OQC),22.0,62.8
2026-06-05T08:00:00Z,F-(807호 생산 Line),21.2,50.0
2026-06-05T08:00:00Z,G-(401호 기구창고),24.2,56.0
2026-06-05T09:00:00Z,A-(401호 회로창고 1),21.6,60.4
2026-06-05T09:00:00Z,B-(401호 회로창고 2),22.1,50.7
2026-06-05T10:00:00Z,A-(401호 회로창고 1),21.5,53.6
2026-06-05T10:00:00Z,B-(401호 회로창고 2),22.1,52.4
2026-06-05T11:00:00Z,A-(401호 회로창고 1),21.6,60.5
2026-06-05T11:00:00Z,B-(401호 회로창고 2),22.0,55.4
2026-06-05T12:00:00Z,A-(401호 회로창고 1),21.4,53.5
2026-06-05T12:00:00Z,B-(401호 회로창고 2),21.9,52.0
2026-06-05T13:00:00Z,A-(401호 회로창고 1),21.4,56.3
2026-06-05T13:00:00Z,B-(401호 회로창고 2),21.9,56.9
2026-06-05T14:00:00Z,A-(401호 회로창고 1),21.6,54.9
2026-06-05T14:00:00Z,B-(401호 회로창고 2),21.9,54.6
2026-06-05T15:00:00Z,A-(401호 회로창고 1),21.5,60.4
2026-06-05T15:00:00Z,B-(401호 회로창고 2),21.8,55.5
2026-06-05T16:00:00Z,A-(401호 회로창고 1),21.7,61.2
2026-06-05T16:00:00Z,B-(401호 회로창고 2),21.9,57.9
2026-06-05T17:00:00Z,A-(401호 회로창고 1),21.5,54.9
2026-06-05T17:00:00Z,B-(401호 회로창고 2),21.8,54.3
2026-06-05T18:00:00Z,A-(401호 회로창고 1),21.5,54.6
2026-06-05T18:00:00Z,B-(401호 회로창고 2),21.8,54.2
2026-06-05T19:00:00Z,A-(401호 회로창고 1),21.7,56.2
2026-06-05T19:00:00Z,B-(401호 회로창고 2),21.8,56.1
2026-06-05T20:00:00Z,A-(401호 회로창고 1),21.7,59.7
2026-06-05T20:00:00Z,B-(401호 회로창고 2),21.8,58.0
2026-06-05T21:00:00Z,A-(401호 회로창고 1),21.7,60.5
2026-06-05T21:00:00Z,B-(401호 회로창고 2),21.7,57.2
2026-06-05T22:00:00Z,A-(401호 회로창고 1),21.4,53.7
2026-06-05T22:00:00Z,B-(401호 회로창고 2),21.7,52.9
2026-06-05T23:00:00Z,A-(401호 회로창고 1),21.4,52.9
2026-06-05T23:00:00Z,B-(401호 회로창고 2),21.7,52.8
2026-06-06T00:00:00Z,A-(401호 회로창고 1),21.3,56.5
2026-06-06T00:00:00Z,B-(401호 회로창고 2),21.7,55.7
2026-06-06T01:00:00Z,A-(401호 회로창고 1),21.7,61.0
2026-06-06T01:00:00Z,B-(401호 회로창고 2),21.8,57.8
2026-06-06T02:00:00Z,A-(401호 회로창고 1),21.5,54.2
2026-06-06T02:00:00Z,B-(401호 회로창고 2),21.8,53.3
2026-06-06T03:00:00Z,A-(401호 회로창고 1),21.5,60.1
2026-06-06T03:00:00Z,B-(401호 회로창고 2),21.9,55.9
2026-06-06T04:00:00Z,A-(401호 회로창고 1),21.4,54.2
2026-06-06T04:00:00Z,B-(401호 회로창고 2),22.0,53.5
2026-06-06T05:00:00Z,A-(401호 회로창고 1),21.4,57.4
2026-06-06T05:00:00Z,B-(401호 회로창고 2),21.9,51.9
2026-06-06T06:00:00Z,A-(401호 회로창고 1),21.7,60.9
2026-06-06T06:00:00Z,B-(401호 회로창고 2),22.0,56.9
2026-06-06T07:00:00Z,A-(401호 회로창고 1),22.2,58.3
2026-06-06T07:00:00Z,B-(401호 회로창고 2),22.4,56.5
2026-06-06T08:00:00Z,A-(401호 회로창고 1),22.6,56.3
2026-06-06T08:00:00Z,B-(401호 회로창고 2),22.6,53.5
2026-06-06T09:00:00Z,A-(401호 회로창고 1),22.5,56.0
2026-06-06T09:00:00Z,B-(401호 회로창고 2),22.7,54.6
2026-06-06T10:00:00Z,A-(401호 회로창고 1),22.2,56.7
2026-06-06T10:00:00Z,B-(401호 회로창고 2),22.6,54.4
2026-06-06T11:00:00Z,A-(401호 회로창고 1),22.5,55.9
2026-06-06T11:00:00Z,B-(401호 회로창고 2),22.8,53.7
2026-06-06T12:00:00Z,A-(401호 회로창고 1),22.5,55.9
2026-06-06T12:00:00Z,B-(401호 회로창고 2),22.8,53.4
2026-06-06T13:00:00Z,A-(401호 회로창고 1),22.3,55.8
2026-06-06T13:00:00Z,B-(401호 회로창고 2),22.7,52.2
2026-06-06T14:00:00Z,A-(401호 회로창고 1),22.4,54.9
2026-06-06T14:00:00Z,B-(401호 회로창고 2),22.6,54.2
2026-06-06T15:00:00Z,A-(401호 회로창고 1),22.6,55.4
2026-06-06T15:00:00Z,B-(401호 회로창고 2),22.7,54.0
2026-06-06T16:00:00Z,A-(401호 회로창고 1),22.6,55.2
2026-06-06T16:00:00Z,B-(401호 회로창고 2),22.7,54.0
2026-06-06T17:00:00Z,A-(401호 회로창고 1),22.4,55.2
2026-06-06T17:00:00Z,B-(401호 회로창고 2),22.7,53.3
2026-06-06T18:00:00Z,A-(401호 회로창고 1),22.7,54.1
2026-06-06T18:00:00Z,B-(401호 회로창고 2),22.8,52.9
2026-06-06T19:00:00Z,A-(401호 회로창고 1),22.7,54.1
2026-06-06T19:00:00Z,B-(401호 회로창고 2),22.6,53.2
2026-06-06T20:00:00Z,A-(401호 회로창고 1),22.5,54.3
2026-06-06T20:00:00Z,B-(401호 회로창고 2),22.6,52.8
2026-06-06T21:00:00Z,A-(401호 회로창고 1),22.6,53.9
2026-06-06T21:00:00Z,B-(401호 회로창고 2),22.6,52.8
2026-06-06T22:00:00Z,A-(401호 회로창고 1),22.5,53.0
2026-06-06T22:00:00Z,B-(401호 회로창고 2),22.6,50.7
2026-06-06T23:00:00Z,A-(401호 회로창고 1),22.3,54.5
2026-06-06T23:00:00Z,B-(401호 회로창고 2),22.6,52.6
2026-06-07T00:00:00Z,A-(401호 회로창고 1),22.6,53.7
2026-06-07T00:00:00Z,B-(401호 회로창고 2),22.7,52.4
2026-06-07T01:00:00Z,A-(401호 회로창고 1),22.7,53.4
2026-06-07T01:00:00Z,B-(401호 회로창고 2),22.8,52.2
2026-06-07T02:00:00Z,A-(401호 회로창고 1),22.4,54.2
2026-06-07T02:00:00Z,B-(401호 회로창고 2),22.7,52.4
2026-06-07T03:00:00Z,A-(401호 회로창고 1),22.7,53.3
2026-06-07T03:00:00Z,B-(401호 회로창고 2),22.8,52.3
2026-06-07T04:00:00Z,A-(401호 회로창고 1),22.4,54.3
2026-06-07T04:00:00Z,B-(401호 회로창고 2),22.7,52.3
2026-06-07T05:00:00Z,A-(401호 회로창고 1),22.6,51.6
2026-06-07T05:00:00Z,B-(401호 회로창고 2),22.8,51.2
2026-06-07T06:00:00Z,A-(401호 회로창고 1),22.4,54.6
2026-06-07T06:00:00Z,B-(401호 회로창고 2),22.7,52.5
2026-06-07T07:00:00Z,A-(401호 회로창고 1),22.7,54.1
2026-06-07T07:00:00Z,B-(401호 회로창고 2),22.8,52.8
2026-06-07T08:00:00Z,A-(401호 회로창고 1),22.3,55.5
2026-06-07T08:00:00Z,B-(401호 회로창고 2),22.7,53.0
2026-06-07T09:00:00Z,A-(401호 회로창고 1),22.7,54.2
2026-06-07T09:00:00Z,B-(401호 회로창고 2),22.9,53.1
2026-06-07T10:00:00Z,A-(401호 회로창고 1),22.5,55.2
2026-06-07T10:00:00Z,B-(401호 회로창고 2),22.7,53.3
2026-06-07T11:00:00Z,A-(401호 회로창고 1),22.3,55.8
2026-06-07T11:00:00Z,B-(401호 회로창고 2),22.7,52.3
2026-06-07T12:00:00Z,A-(401호 회로창고 1),22.5,55.4
2026-06-07T12:00:00Z,B-(401호 회로창고 2),22.7,53.7
2026-06-07T13:00:00Z,A-(401호 회로창고 1),22.7,54.4
2026-06-07T13:00:00Z,B-(401호 회로창고 2),22.7,52.8
2026-06-07T14:00:00Z,A-(401호 회로창고 1),22.6,55.4
2026-06-07T14:00:00Z,B-(401호 회로창고 2),22.7,53.8
2026-06-07T15:00:00Z,A-(401호 회로창고 1),22.3,56.6
2026-06-07T15:00:00Z,B-(401호 회로창고 2),22.6,52.7
2026-06-07T16:00:00Z,A-(401호 회로창고 1),22.4,56.1
2026-06-07T16:00:00Z,B-(401호 회로창고 2),22.6,54.0
2026-06-07T17:00:00Z,A-(401호 회로창고 1),22.5,55.7
2026-06-07T17:00:00Z,B-(401호 회로창고 2),22.7,53.8
2026-06-07T18:00:00Z,A-(401호 회로창고 1),22.7,54.2
2026-06-07T18:00:00Z,B-(401호 회로창고 2),22.5,54.4
2026-06-07T19:00:00Z,A-(401호 회로창고 1),22.5,55.9
2026-06-07T19:00:00Z,B-(401호 회로창고 2),22.6,54.5
2026-06-07T20:00:00Z,A-(401호 회로창고 1),22.7,55.5
2026-06-07T20:00:00Z,B-(401호 회로창고 2),22.7,54.5
2026-06-07T21:00:00Z,A-(401호 회로창고 1),22.4,54.8
2026-06-07T21:00:00Z,B-(401호 회로창고 2),22.5,54.8
2026-06-07T22:00:00Z,A-(401호 회로창고 1),22.7,55.6
2026-06-07T22:00:00Z,B-(401호 회로창고 2),22.6,54.8
2026-06-08T00:00:00Z,A-(401호 회로창고 1),22.7,56.4
2026-06-08T00:00:00Z,B-(401호 회로창고 2),22.8,55.1
2026-06-08T00:00:00Z,C-(402호 수입검사),24.1,53.6
2026-06-08T00:00:00Z,D-(406호 기구창고),24.9,45.6
2026-06-08T00:00:00Z,E-(408호 OQC),22.0,58.0
2026-06-08T00:00:00Z,F-(807호 생산 Line),21.6,51.1
2026-06-08T00:00:00Z,G-(401호 기구창고),23.8,58.5
2026-06-08T01:00:00Z,A-(401호 회로창고 1),22.3,51.9
2026-06-08T01:00:00Z,B-(401호 회로창고 2),22.8,51.3
2026-06-08T01:00:00Z,C-(402호 수입검사),24.0,54.7
2026-06-08T01:00:00Z,D-(406호 기구창고),24.8,44.9
2026-06-08T01:00:00Z,E-(408호 OQC),21.7,56.5
2026-06-08T01:00:00Z,F-(807호 생산 Line),21.4,51.0
2026-06-08T01:00:00Z,G-(401호 기구창고),23.9,58.5
2026-06-08T02:00:00Z,A-(401호 회로창고 1),22.2,56.2
2026-06-08T02:00:00Z,B-(401호 회로창고 2),22.6,50.7
2026-06-08T02:00:00Z,C-(402호 수입검사),23.9,55.1
2026-06-08T02:00:00Z,D-(406호 기구창고),24.8,44.7
2026-06-08T02:00:00Z,E-(408호 OQC),21.7,55.4
2026-06-08T02:00:00Z,F-(807호 생산 Line),21.2,51.1
2026-06-08T02:00:00Z,G-(401호 기구창고),23.9,58.5
2026-06-08T03:00:00Z,A-(401호 회로창고 1),22.2,58.6
2026-06-08T03:00:00Z,B-(401호 회로창고 2),22.7,50.3
2026-06-08T03:00:00Z,C-(402호 수입검사),23.9,54.5
2026-06-08T03:00:00Z,D-(406호 기구창고),24.7,44.4
2026-06-08T03:00:00Z,E-(408호 OQC),21.8,55.9
2026-06-08T03:00:00Z,F-(807호 생산 Line),21.1,51.4
2026-06-08T03:00:00Z,G-(401호 기구창고),24.0,58.1
2026-06-08T04:00:00Z,A-(401호 회로창고 1),22.2,52.7
2026-06-08T04:00:00Z,B-(401호 회로창고 2),22.8,51.5
2026-06-08T04:00:00Z,C-(402호 수입검사),24.3,53.6
2026-06-08T04:00:00Z,D-(406호 기구창고),24.7,43.6
2026-06-08T04:00:00Z,E-(408호 OQC),21.7,54.6
2026-06-08T04:00:00Z,F-(807호 생산 Line),21.2,51.0
2026-06-08T04:00:00Z,G-(401호 기구창고),24.1,57.8
2026-06-08T05:00:00Z,A-(401호 회로창고 1),22.2,52.8
2026-06-08T05:00:00Z,B-(401호 회로창고 2),22.8,53.2
2026-06-08T05:00:00Z,C-(402호 수입검사),23.9,52.8
2026-06-08T05:00:00Z,D-(406호 기구창고),24.7,45.0
2026-06-08T05:00:00Z,E-(408호 OQC),21.8,56.0
2026-06-08T05:00:00Z,F-(807호 생산 Line),21.4,49.3
2026-06-08T05:00:00Z,G-(401호 기구창고),24.2,57.2
2026-06-08T06:00:00Z,A-(401호 회로창고 1),22.2,58.5
2026-06-08T06:00:00Z,B-(401호 회로창고 2),22.7,49.7
2026-06-08T06:00:00Z,C-(402호 수입검사),23.9,52.7
2026-06-08T06:00:00Z,D-(406호 기구창고),24.6,44.5
2026-06-08T06:00:00Z,E-(408호 OQC),21.8,54.7
2026-06-08T06:00:00Z,F-(807호 생산 Line),21.1,49.0
2026-06-08T06:00:00Z,G-(401호 기구창고),24.2,56.8
2026-06-08T07:00:00Z,A-(401호 회로창고 1),22.3,53.0
2026-06-08T07:00:00Z,B-(401호 회로창고 2),22.9,51.6
2026-06-08T07:00:00Z,C-(402호 수입검사),23.8,50.9
2026-06-08T07:00:00Z,D-(406호 기구창고),24.4,43.9
2026-06-08T07:00:00Z,E-(408호 OQC),21.8,54.3
2026-06-08T07:00:00Z,F-(807호 생산 Line),21.2,48.6
2026-06-08T07:00:00Z,G-(401호 기구창고),24.2,56.1
2026-06-08T08:00:00Z,A-(401호 회로창고 1),22.3,55.3
2026-06-08T08:00:00Z,B-(401호 회로창고 2),22.7,49.9
2026-06-08T08:00:00Z,C-(402호 수입검사),23.8,51.0
2026-06-08T08:00:00Z,D-(406호 기구창고),24.5,43.8
2026-06-08T08:00:00Z,E-(408호 OQC),22.6,53.1
2026-06-08T08:00:00Z,F-(807호 생산 Line),21.1,48.8
2026-06-08T08:00:00Z,G-(401호 기구창고),24.2,55.6
2026-06-08T09:00:00Z,A-(401호 회로창고 1),22.3,51.8
2026-06-08T09:00:00Z,B-(401호 회로창고 2),22.4,51.3
2026-06-08T10:00:00Z,A-(401호 회로창고 1),22.4,54.0
2026-06-08T10:00:00Z,B-(401호 회로창고 2),22.4,53.7
2026-06-08T11:00:00Z,A-(401호 회로창고 1),22.4,54.5
2026-06-08T11:00:00Z,B-(401호 회로창고 2),22.3,53.9
2026-06-08T12:00:00Z,A-(401호 회로창고 1),22.2,51.3
2026-06-08T12:00:00Z,B-(401호 회로창고 2),22.2,51.8
2026-06-08T13:00:00Z,A-(401호 회로창고 1),22.2,51.5
2026-06-08T13:00:00Z,B-(401호 회로창고 2),22.2,51.7
2026-06-08T14:00:00Z,A-(401호 회로창고 1),22.4,57.1
2026-06-08T14:00:00Z,B-(401호 회로창고 2),22.2,56.2
2026-06-08T15:00:00Z,A-(401호 회로창고 1),22.2,52.0
2026-06-08T15:00:00Z,B-(401호 회로창고 2),22.2,52.5
2026-06-08T16:00:00Z,A-(401호 회로창고 1),22.3,52.3
2026-06-08T16:00:00Z,B-(401호 회로창고 2),22.1,53.0
2026-06-08T17:00:00Z,A-(401호 회로창고 1),22.3,57.4
2026-06-08T17:00:00Z,B-(401호 회로창고 2),22.1,56.7
2026-06-08T18:00:00Z,A-(401호 회로창고 1),22.4,54.7
2026-06-08T18:00:00Z,B-(401호 회로창고 2),22.1,52.8
2026-06-08T19:00:00Z,A-(401호 회로창고 1),22.3,57.6
2026-06-08T19:00:00Z,B-(401호 회로창고 2),22.1,55.4
2026-06-08T20:00:00Z,A-(401호 회로창고 1),22.4,54.8
2026-06-08T20:00:00Z,B-(401호 회로창고 2),22.1,56.7
2026-06-08T21:00:00Z,A-(401호 회로창고 1),22.3,52.5
2026-06-08T21:00:00Z,B-(401호 회로창고 2),22.0,53.4
2026-06-08T22:00:00Z,A-(401호 회로창고 1),22.2,51.3
2026-06-08T22:00:00Z,B-(401호 회로창고 2),22.0,52.2
2026-06-08T23:00:00Z,A-(401호 회로창고 1),22.3,56.6
2026-06-08T23:00:00Z,B-(401호 회로창고 2),22.0,55.6
2026-06-09T00:00:00Z,A-(401호 회로창고 1),22.3,52.7
2026-06-09T00:00:00Z,B-(401호 회로창고 2),22.1,53.7
2026-06-09T00:00:00Z,C-(402호 수입검사),24.0,52.1
2026-06-09T00:00:00Z,D-(406호 기구창고),26.0,44.4
2026-06-09T00:00:00Z,E-(408호 OQC),22.4,55.1
2026-06-09T00:00:00Z,F-(807호 생산 Line),21.4,48.3
2026-06-09T00:00:00Z,G-(401호 기구창고),23.7,56.8
2026-06-09T01:00:00Z,A-(401호 회로창고 1),22.4,52.8
2026-06-09T01:00:00Z,B-(401호 회로창고 2),22.4,54.7
2026-06-09T01:00:00Z,C-(402호 수입검사),23.8,51.8
2026-06-09T01:00:00Z,D-(406호 기구창고),26.0,43.7
2026-06-09T01:00:00Z,E-(408호 OQC),22.1,57.1
2026-06-09T01:00:00Z,F-(807호 생산 Line),21.1,49.2
2026-06-09T01:00:00Z,G-(401호 기구창고),23.8,56.6
2026-06-09T02:00:00Z,A-(401호 회로창고 1),22.4,57.5
2026-06-09T02:00:00Z,B-(401호 회로창고 2),22.5,50.9
2026-06-09T02:00:00Z,C-(402호 수입검사),23.6,50.8
2026-06-09T02:00:00Z,D-(406호 기구창고),24.0,47.7
2026-06-09T02:00:00Z,E-(408호 OQC),21.9,53.8
2026-06-09T02:00:00Z,F-(807호 생산 Line),21.1,49.2
2026-06-09T02:00:00Z,G-(401호 기구창고),24.0,55.9
2026-06-09T03:00:00Z,A-(401호 회로창고 1),22.3,54.3
2026-06-09T03:00:00Z,B-(401호 회로창고 2),22.6,53.5
2026-06-09T03:00:00Z,C-(402호 수입검사),23.7,49.4
2026-06-09T03:00:00Z,D-(406호 기구창고),24.0,46.7
2026-06-09T03:00:00Z,E-(408호 OQC),21.8,52.5
2026-06-09T03:00:00Z,F-(807호 생산 Line),21.0,48.8
2026-06-09T03:00:00Z,G-(401호 기구창고),24.0,55.6
2026-06-09T04:00:00Z,A-(401호 회로창고 1),22.0,52.5
2026-06-09T04:00:00Z,B-(401호 회로창고 2),22.7,54.7
2026-06-09T04:00:00Z,C-(402호 수입검사),25.2,43.2
2026-06-09T04:00:00Z,D-(406호 기구창고),23.1,47.4
2026-06-09T04:00:00Z,E-(408호 OQC),21.9,51.5
2026-06-09T04:00:00Z,F-(807호 생산 Line),21.2,46.9
2026-06-09T04:00:00Z,G-(401호 기구창고),24.0,54.7
2026-06-09T05:00:00Z,A-(401호 회로창고 1),22.2,56.3
2026-06-09T05:00:00Z,B-(401호 회로창고 2),22.6,49.8
2026-06-09T05:00:00Z,C-(402호 수입검사),24.2,44.9
2026-06-09T05:00:00Z,D-(406호 기구창고),22.7,47.6
2026-06-09T05:00:00Z,E-(408호 OQC),22.0,51.0
2026-06-09T05:00:00Z,F-(807호 생산 Line),21.1,48.1
2026-06-09T05:00:00Z,G-(401호 기구창고),24.2,53.9
2026-06-09T06:00:00Z,A-(401호 회로창고 1),22.2,52.8
2026-06-09T06:00:00Z,B-(401호 회로창고 2),22.7,51.5
2026-06-09T06:00:00Z,C-(402호 수입검사),23.9,46.3
2026-06-09T06:00:00Z,D-(406호 기구창고),22.8,47.1
2026-06-09T06:00:00Z,E-(408호 OQC),22.0,51.7
2026-06-09T06:00:00Z,F-(807호 생산 Line),21.1,48.6
2026-06-09T06:00:00Z,G-(401호 기구창고),24.3,53.4
2026-06-09T07:00:00Z,A-(401호 회로창고 1),22.1,53.0
2026-06-09T07:00:00Z,B-(401호 회로창고 2),22.7,51.5
2026-06-09T07:00:00Z,C-(402호 수입검사),23.8,46.2
2026-06-09T07:00:00Z,D-(406호 기구창고),23.3,45.8
2026-06-09T07:00:00Z,E-(408호 OQC),21.9,51.1
2026-06-09T07:00:00Z,F-(807호 생산 Line),21.1,48.5
2026-06-09T07:00:00Z,G-(401호 기구창고),24.3,53.6
2026-06-09T08:00:00Z,A-(401호 회로창고 1),22.2,54.7
2026-06-09T08:00:00Z,B-(401호 회로창고 2),22.7,50.1
2026-06-09T08:00:00Z,C-(402호 수입검사),24.0,45.9
2026-06-09T08:00:00Z,D-(406호 기구창고),23.8,45.0
2026-06-09T08:00:00Z,E-(408호 OQC),21.9,50.5
2026-06-09T08:00:00Z,F-(807호 생산 Line),21.1,48.6
2026-06-09T08:00:00Z,G-(401호 기구창고),24.3,53.2
2026-06-09T09:00:00Z,A-(401호 회로창고 1),22.1,58.4
2026-06-09T09:00:00Z,B-(401호 회로창고 2),22.6,50.5
2026-06-09T10:00:00Z,A-(401호 회로창고 1),22.1,53.5
2026-06-09T10:00:00Z,B-(401호 회로창고 2),22.5,52.6
2026-06-09T11:00:00Z,A-(401호 회로창고 1),22.1,58.0
2026-06-09T11:00:00Z,B-(401호 회로창고 2),22.5,55.5
2026-06-09T12:00:00Z,A-(401호 회로창고 1),22.1,53.1
2026-06-09T12:00:00Z,B-(401호 회로창고 2),22.4,52.8
2026-06-09T13:00:00Z,A-(401호 회로창고 1),22.4,56.9
2026-06-09T13:00:00Z,B-(401호 회로창고 2),22.6,54.2
2026-06-09T14:00:00Z,A-(401호 회로창고 1),22.8,54.8
2026-06-09T14:00:00Z,B-(401호 회로창고 2),22.7,53.7
2026-06-09T15:00:00Z,A-(401호 회로창고 1),23.0,54.2
2026-06-09T15:00:00Z,B-(401호 회로창고 2),22.9,53.5
2026-06-09T16:00:00Z,A-(401호 회로창고 1),23.1,52.6
2026-06-09T16:00:00Z,B-(401호 회로창고 2),22.9,53.1
2026-06-09T17:00:00Z,A-(401호 회로창고 1),22.7,54.5
2026-06-09T17:00:00Z,B-(401호 회로창고 2),22.8,53.4
2026-06-09T18:00:00Z,A-(401호 회로창고 1),22.9,54.1
2026-06-09T18:00:00Z,B-(401호 회로창고 2),22.8,53.2
2026-06-09T19:00:00Z,A-(401호 회로창고 1),22.9,53.9
2026-06-09T19:00:00Z,B-(401호 회로창고 2),22.8,53.3
2026-06-09T20:00:00Z,A-(401호 회로창고 1),23.0,53.8
2026-06-09T20:00:00Z,B-(401호 회로창고 2),22.8,53.3
2026-06-09T21:00:00Z,A-(401호 회로창고 1),22.7,54.3
2026-06-09T21:00:00Z,B-(401호 회로창고 2),22.7,53.3
2026-06-09T22:00:00Z,A-(401호 회로창고 1),22.9,54.0
2026-06-09T22:00:00Z,B-(401호 회로창고 2),22.8,53.5
2026-06-09T23:00:00Z,A-(401호 회로창고 1),22.7,54.4
2026-06-09T23:00:00Z,B-(401호 회로창고 2),22.7,53.4
2026-06-10T00:00:00Z,A-(401호 회로창고 1),22.7,55.3
2026-06-10T00:00:00Z,B-(401호 회로창고 2),22.9,53.6
2026-06-10T00:00:00Z,C-(402호 수입검사),23.9,56.4
2026-06-10T00:00:00Z,D-(406호 기구창고),25.4,43.7
2026-06-10T00:00:00Z,E-(408호 OQC),22.0,55.8
2026-06-10T00:00:00Z,F-(807호 생산 Line),21.3,48.1
2026-06-10T00:00:00Z,G-(401호 기구창고),23.9,56.8
2026-06-10T01:00:00Z,A-(401호 회로창고 1),22.7,55.5
2026-06-10T01:00:00Z,B-(401호 회로창고 2),23.1,53.6
2026-06-10T01:00:00Z,C-(402호 수입검사),23.7,56.6
2026-06-10T01:00:00Z,D-(406호 기구창고),25.1,43.7
2026-06-10T01:00:00Z,E-(408호 OQC),21.8,57.1
2026-06-10T01:00:00Z,F-(807호 생산 Line),21.3,48.0
2026-06-10T01:00:00Z,G-(401호 기구창고),24.1,59.8
2026-06-10T02:00:00Z,A-(401호 회로창고 1),22.4,54.3
2026-06-10T02:00:00Z,B-(401호 회로창고 2),23.0,53.8
2026-06-10T02:00:00Z,C-(402호 수입검사),23.7,57.8
2026-06-10T02:00:00Z,D-(406호 기구창고),24.8,43.8
2026-06-10T02:00:00Z,E-(408호 OQC),21.7,56.0
2026-06-10T02:00:00Z,F-(807호 생산 Line),21.2,48.0
2026-06-10T02:00:00Z,G-(401호 기구창고),24.1,57.6
2026-06-10T03:00:00Z,A-(401호 회로창고 1),22.0,53.1
2026-06-10T03:00:00Z,B-(401호 회로창고 2),23.0,53.4
2026-06-10T03:00:00Z,C-(402호 수입검사),23.7,56.3
2026-06-10T03:00:00Z,D-(406호 기구창고),24.5,43.4
2026-06-10T03:00:00Z,E-(408호 OQC),21.8,54.5
2026-06-10T03:00:00Z,F-(807호 생산 Line),21.2,49.1
2026-06-10T03:00:00Z,G-(401호 기구창고),24.1,57.4
2026-06-10T04:00:00Z,A-(401호 회로창고 1),22.0,55.2
2026-06-10T04:00:00Z,B-(401호 회로창고 2),22.8,50.0
2026-06-10T04:00:00Z,C-(402호 수입검사),23.4,52.5
2026-06-10T04:00:00Z,D-(406호 기구창고),24.4,42.8
2026-06-10T04:00:00Z,E-(408호 OQC),21.9,55.4
2026-06-10T04:00:00Z,F-(807호 생산 Line),21.3,48.5
2026-06-10T04:00:00Z,G-(401호 기구창고),24.1,56.6
2026-06-10T05:00:00Z,A-(401호 회로창고 1),22.0,53.2
2026-06-10T05:00:00Z,B-(401호 회로창고 2),22.9,50.7
2026-06-10T05:00:00Z,C-(402호 수입검사),23.4,52.8
2026-06-10T05:00:00Z,D-(406호 기구창고),24.3,43.5
2026-06-10T05:00:00Z,E-(408호 OQC),22.2,55.4
2026-06-10T05:00:00Z,F-(807호 생산 Line),21.2,49.0
2026-06-10T05:00:00Z,G-(401호 기구창고),24.2,55.3
2026-06-10T06:00:00Z,A-(401호 회로창고 1),22.0,52.4
2026-06-10T06:00:00Z,C-(402호 수입검사),23.4,50.8
2026-06-10T06:00:00Z,D-(406호 기구창고),24.2,43.4
2026-06-10T06:00:00Z,E-(408호 OQC),21.6,55.3
2026-06-10T06:00:00Z,F-(807호 생산 Line),21.1,49.1
2026-06-10T06:00:00Z,G-(401호 기구창고),24.3,54.0
2026-06-10T07:00:00Z,A-(401호 회로창고 1),22.3,54.7
2026-06-10T07:00:00Z,B-(401호 회로창고 2),22.8,52.3
2026-06-10T07:00:00Z,C-(402호 수입검사),23.4,48.9
2026-06-10T07:00:00Z,D-(406호 기구창고),24.3,45.5
2026-06-10T07:00:00Z,E-(408호 OQC),21.5,54.1
2026-06-10T07:00:00Z,F-(807호 생산 Line),21.0,49.2
2026-06-10T07:00:00Z,G-(401호 기구창고),24.2,53.5
2026-06-10T08:00:00Z,A-(401호 회로창고 1),22.1,52.5
2026-06-10T08:00:00Z,B-(401호 회로창고 2),22.8,50.5
2026-06-10T08:00:00Z,C-(402호 수입검사),23.6,50.3
2026-06-10T08:00:00Z,D-(406호 기구창고),24.1,44.3
2026-06-10T08:00:00Z,E-(408호 OQC),21.6,51.8
2026-06-10T08:00:00Z,F-(807호 생산 Line),21.1,49.9
2026-06-10T08:00:00Z,G-(401호 기구창고),24.2,53.7
2026-06-10T09:00:00Z,A-(401호 회로창고 1),22.1,54.6
2026-06-10T09:00:00Z,B-(401호 회로창고 2),22.6,55.0
2026-06-10T10:00:00Z,A-(401호 회로창고 1),22.1,56.9
2026-06-10T10:00:00Z,B-(401호 회로창고 2),22.4,50.7
2026-06-10T11:00:00Z,A-(401호 회로창고 1),21.9,52.9
2026-06-10T11:00:00Z,B-(401호 회로창고 2),22.3,51.9
2026-06-10T12:00:00Z,A-(401호 회로창고 1),22.2,58.9
2026-06-10T12:00:00Z,B-(401호 회로창고 2),22.3,55.7
2026-06-10T13:00:00Z,A-(401호 회로창고 1),22.0,53.8
2026-06-10T13:00:00Z,B-(401호 회로창고 2),22.2,53.2
2026-06-10T14:00:00Z,A-(401호 회로창고 1),22.1,57.9
2026-06-10T14:00:00Z,B-(401호 회로창고 2),22.2,55.0
2026-06-10T15:00:00Z,A-(401호 회로창고 1),22.0,56.3
2026-06-10T15:00:00Z,B-(401호 회로창고 2),22.1,52.4
2026-06-10T16:00:00Z,A-(401호 회로창고 1),21.9,53.4
2026-06-10T16:00:00Z,B-(401호 회로창고 2),22.1,53.2
2026-06-10T17:00:00Z,A-(401호 회로창고 1),22.0,52.5
2026-06-10T17:00:00Z,B-(401호 회로창고 2),22.1,52.3
2026-06-10T18:00:00Z,A-(401호 회로창고 1),22.0,56.2
2026-06-10T18:00:00Z,B-(401호 회로창고 2),22.1,55.8
2026-06-10T19:00:00Z,A-(401호 회로창고 1),22.2,58.0
2026-06-10T19:00:00Z,B-(401호 회로창고 2),22.1,56.6
2026-06-10T20:00:00Z,A-(401호 회로창고 1),22.2,55.4
2026-06-10T20:00:00Z,B-(401호 회로창고 2),22.1,55.7
2026-06-10T21:00:00Z,A-(401호 회로창고 1),22.1,54.8
2026-06-10T21:00:00Z,B-(401호 회로창고 2),22.1,54.5
2026-06-10T22:00:00Z,A-(401호 회로창고 1),22.1,54.2
2026-06-10T22:00:00Z,B-(401호 회로창고 2),22.1,54.2
2026-06-10T23:00:00Z,A-(401호 회로창고 1),22.0,53.5
2026-06-10T23:00:00Z,B-(401호 회로창고 2),22.0,53.2
2026-06-11T00:00:00Z,A-(401호 회로창고 1),21.9,55.5
2026-06-11T00:00:00Z,B-(401호 회로창고 2),22.3,56.2
2026-06-11T00:00:00Z,C-(402호 수입검사),23.8,53.4
2026-06-11T00:00:00Z,D-(406호 기구창고),25.3,44.2
2026-06-11T00:00:00Z,E-(408호 OQC),21.8,54.6
2026-06-11T00:00:00Z,F-(807호 생산 Line),21.3,47.8
2026-06-11T00:00:00Z,G-(401호 기구창고),23.7,56.8
2026-06-11T01:00:00Z,A-(401호 회로창고 1),22.0,53.8
2026-06-11T01:00:00Z,B-(401호 회로창고 2),22.4,52.8
2026-06-11T01:00:00Z,C-(402호 수입검사),23.7,52.3
2026-06-11T01:00:00Z,D-(406호 기구창고),25.3,44.1
2026-06-11T01:00:00Z,E-(408호 OQC),21.6,56.3
2026-06-11T01:00:00Z,F-(807호 생산 Line),21.2,48.1
2026-06-11T01:00:00Z,G-(401호 기구창고),23.9,56.3
2026-06-11T02:00:00Z,A-(401호 회로창고 1),22.1,53.6
2026-06-11T02:00:00Z,B-(401호 회로창고 2),22.6,52.3
2026-06-11T02:00:00Z,C-(402호 수입검사),23.7,52.9
2026-06-11T02:00:00Z,D-(406호 기구창고),24.9,43.8
2026-06-11T02:00:00Z,E-(408호 OQC),21.7,53.9
2026-06-11T02:00:00Z,F-(807호 생산 Line),21.3,48.3
2026-06-11T02:00:00Z,G-(401호 기구창고),24.0,56.4
2026-06-11T03:00:00Z,A-(401호 회로창고 1),22.1,57.7
2026-06-11T03:00:00Z,B-(401호 회로창고 2),22.6,50.3
2026-06-11T03:00:00Z,C-(402호 수입검사),23.5,53.2
2026-06-11T03:00:00Z,D-(406호 기구창고),24.7,44.3
2026-06-11T03:00:00Z,E-(408호 OQC),21.6,52.9
2026-06-11T03:00:00Z,F-(807호 생산 Line),21.2,48.9
2026-06-11T03:00:00Z,G-(401호 기구창고),24.0,56.1
2026-06-11T04:00:00Z,A-(401호 회로창고 1),22.2,54.8
2026-06-11T04:00:00Z,B-(401호 회로창고 2),22.7,53.0
2026-06-11T04:00:00Z,C-(402호 수입검사),23.8,51.8
2026-06-11T04:00:00Z,D-(406호 기구창고),24.5,43.5
2026-06-11T04:00:00Z,E-(408호 OQC),21.6,54.8
2026-06-11T04:00:00Z,F-(807호 생산 Line),21.3,47.6
2026-06-11T04:00:00Z,G-(401호 기구창고),24.1,55.8
2026-06-11T05:00:00Z,A-(401호 회로창고 1),22.0,55.1
2026-06-11T05:00:00Z,B-(401호 회로창고 2),22.7,50.9
2026-06-11T05:00:00Z,C-(402호 수입검사),23.6,53.3
2026-06-11T05:00:00Z,D-(406호 기구창고),24.3,44.3
2026-06-11T05:00:00Z,E-(408호 OQC),21.4,53.7
2026-06-11T05:00:00Z,F-(807호 생산 Line),21.2,48.6
2026-06-11T05:00:00Z,G-(401호 기구창고),24.1,56.0
2026-06-11T06:00:00Z,A-(401호 회로창고 1),22.1,57.8
2026-06-11T06:00:00Z,B-(401호 회로창고 2),22.7,50.7
2026-06-11T06:00:00Z,C-(402호 수입검사),23.2,52.9
2026-06-11T06:00:00Z,D-(406호 기구창고),24.3,44.6
2026-06-11T06:00:00Z,E-(408호 OQC),21.4,53.0
2026-06-11T06:00:00Z,F-(807호 생산 Line),21.1,48.7
2026-06-11T06:00:00Z,G-(401호 기구창고),24.2,55.7
2026-06-11T07:00:00Z,A-(401호 회로창고 1),22.0,53.9
2026-06-11T07:00:00Z,B-(401호 회로창고 2),22.8,51.9
2026-06-11T07:00:00Z,C-(402호 수입검사),23.5,52.9
2026-06-11T07:00:00Z,D-(406호 기구창고),24.2,44.3
2026-06-11T07:00:00Z,E-(408호 OQC),21.4,54.0
2026-06-11T07:00:00Z,F-(807호 생산 Line),21.2,48.9
2026-06-11T07:00:00Z,G-(401호 기구창고),24.3,55.0
2026-06-11T08:00:00Z,A-(401호 회로창고 1),21.9,52.0
2026-06-11T08:00:00Z,B-(401호 회로창고 2),22.8,53.2
2026-06-11T08:00:00Z,C-(402호 수입검사),23.5,50.9
2026-06-11T08:00:00Z,D-(406호 기구창고),24.0,44.9
2026-06-11T08:00:00Z,E-(408호 OQC),21.4,52.5
2026-06-11T08:00:00Z,F-(807호 생산 Line),21.2,48.8
2026-06-11T08:00:00Z,G-(401호 기구창고),24.3,54.9
2026-06-11T09:00:00Z,A-(401호 회로창고 1),21.9,52.9
2026-06-11T09:00:00Z,B-(401호 회로창고 2),22.5,54.7
2026-06-11T10:00:00Z,A-(401호 회로창고 1),22.1,57.7
2026-06-11T10:00:00Z,B-(401호 회로창고 2),22.4,56.1
2026-06-11T11:00:00Z,A-(401호 회로창고 1),21.9,57.7
2026-06-11T11:00:00Z,B-(401호 회로창고 2),22.3,55.5
2026-06-11T12:00:00Z,A-(401호 회로창고 1),22.0,55.0
2026-06-11T12:00:00Z,B-(401호 회로창고 2),22.3,54.5
2026-06-11T13:00:00Z,A-(401호 회로창고 1),22.1,54.7
2026-06-11T13:00:00Z,B-(401호 회로창고 2),22.3,54.5
2026-06-11T14:00:00Z,A-(401호 회로창고 1),22.0,59.0
2026-06-11T14:00:00Z,B-(401호 회로창고 2),22.2,56.5
2026-06-11T15:00:00Z,A-(401호 회로창고 1),22.0,54.1
2026-06-11T15:00:00Z,B-(401호 회로창고 2),22.2,54.0
2026-06-11T16:00:00Z,A-(401호 회로창고 1),21.9,55.6
2026-06-11T16:00:00Z,B-(401호 회로창고 2),22.2,56.7
2026-06-11T17:00:00Z,A-(401호 회로창고 1),22.0,54.3
2026-06-11T17:00:00Z,B-(401호 회로창고 2),22.1,54.3
2026-06-11T18:00:00Z,A-(401호 회로창고 1),21.9,53.3
2026-06-11T18:00:00Z,B-(401호 회로창고 2),22.1,52.7
2026-06-11T19:00:00Z,A-(401호 회로창고 1),21.9,55.2
2026-06-11T19:00:00Z,B-(401호 회로창고 2),22.0,55.3
2026-06-11T20:00:00Z,A-(401호 회로창고 1),22.0,58.6
2026-06-11T20:00:00Z,B-(401호 회로창고 2),22.1,56.9
2026-06-11T21:00:00Z,A-(401호 회로창고 1),22.1,59.0
2026-06-11T21:00:00Z,B-(401호 회로창고 2),22.1,57.5
2026-06-11T22:00:00Z,A-(401호 회로창고 1),22.0,54.5
2026-06-11T22:00:00Z,B-(401호 회로창고 2),22.1,54.7
2026-06-11T23:00:00Z,A-(401호 회로창고 1),21.9,55.6
2026-06-11T23:00:00Z,B-(401호 회로창고 2),22.1,53.3
2026-06-12T00:00:00Z,A-(401호 회로창고 1),21.9,52.8
2026-06-12T00:00:00Z,B-(401호 회로창고 2),22.3,52.2
2026-06-12T00:00:00Z,C-(402호 수입검사),23.7,54.2
2026-06-12T00:00:00Z,D-(406호 기구창고),25.3,44.8
2026-06-12T00:00:00Z,E-(408호 OQC),21.8,60.8
2026-06-12T00:00:00Z,F-(807호 생산 Line),21.3,48.0
2026-06-12T00:00:00Z,G-(401호 기구창고),23.7,57.0
2026-06-12T01:00:00Z,A-(401호 회로창고 1),22.1,54.7
2026-06-12T01:00:00Z,B-(401호 회로창고 2),22.4,53.9
2026-06-12T01:00:00Z,C-(402호 수입검사),23.7,53.7
2026-06-12T01:00:00Z,D-(406호 기구창고),25.1,44.6
2026-06-12T01:00:00Z,E-(408호 OQC),21.7,58.7
2026-06-12T01:00:00Z,F-(807호 생산 Line),21.2,49.4
2026-06-12T01:00:00Z,G-(401호 기구창고),23.8,56.8
2026-06-12T02:00:00Z,A-(401호 회로창고 1),22.1,58.8
2026-06-12T02:00:00Z,B-(401호 회로창고 2),22.5,50.9
2026-06-12T02:00:00Z,C-(402호 수입검사),23.5,53.8
2026-06-12T02:00:00Z,D-(406호 기구창고),24.7,44.5
2026-06-12T02:00:00Z,E-(408호 OQC),21.6,56.9
2026-06-12T02:00:00Z,F-(807호 생산 Line),21.2,49.2
2026-06-12T02:00:00Z,G-(401호 기구창고),23.9,56.7
2026-06-12T03:00:00Z,A-(401호 회로창고 1),22.0,53.7
2026-06-12T03:00:00Z,B-(401호 회로창고 2),22.6,51.8
2026-06-12T03:00:00Z,C-(402호 수입검사),23.5,54.8
2026-06-12T03:00:00Z,D-(406호 기구창고),24.6,45.3
2026-06-12T03:00:00Z,E-(408호 OQC),21.7,56.5
2026-06-12T03:00:00Z,F-(807호 생산 Line),21.2,49.3
2026-06-12T03:00:00Z,G-(401호 기구창고),24.0,56.5
2026-06-12T04:00:00Z,A-(401호 회로창고 1),21.9,53.7
2026-06-12T04:00:00Z,B-(401호 회로창고 2),22.7,54.5
2026-06-12T04:00:00Z,C-(402호 수입검사),23.7,52.3
2026-06-12T04:00:00Z,D-(406호 기구창고),24.7,46.3
2026-06-12T04:00:00Z,E-(408호 OQC),21.8,55.3
2026-06-12T04:00:00Z,F-(807호 생산 Line),21.3,47.8
2026-06-12T04:00:00Z,G-(401호 기구창고),24.1,56.2
2026-06-12T05:00:00Z,A-(401호 회로창고 1),22.1,56.1
2026-06-12T05:00:00Z,B-(401호 회로창고 2),22.7,50.2
2026-06-12T05:00:00Z,C-(402호 수입검사),23.6,52.3
2026-06-12T05:00:00Z,D-(406호 기구창고),24.2,45.8
2026-06-12T05:00:00Z,E-(408호 OQC),21.6,57.4
2026-06-12T05:00:00Z,F-(807호 생산 Line),21.2,48.7
2026-06-12T05:00:00Z,G-(401호 기구창고),22.5,54.9
2026-06-12T06:00:00Z,A-(401호 회로창고 1),22.0,56.6
2026-06-12T06:00:00Z,B-(401호 회로창고 2),22.7,51.0
2026-06-12T06:00:00Z,C-(402호 수입검사),23.4,51.3
2026-06-12T06:00:00Z,D-(406호 기구창고),23.9,45.5
2026-06-12T06:00:00Z,E-(408호 OQC),21.6,54.7
2026-06-12T06:00:00Z,F-(807호 생산 Line),21.2,48.9
2026-06-12T06:00:00Z,G-(401호 기구창고),22.2,55.5
2026-06-12T07:00:00Z,A-(401호 회로창고 1),22.0,52.1
2026-06-12T07:00:00Z,B-(401호 회로창고 2),22.8,52.6
2026-06-12T07:00:00Z,C-(402호 수입검사),23.3,51.8
2026-06-12T07:00:00Z,D-(406호 기구창고),23.7,45.7
2026-06-12T07:00:00Z,E-(408호 OQC),21.8,59.1
2026-06-12T07:00:00Z,F-(807호 생산 Line),21.2,48.7
2026-06-12T07:00:00Z,G-(401호 기구창고),21.9,60.9
2026-06-12T08:00:00Z,A-(401호 회로창고 1),22.1,54.7
2026-06-12T08:00:00Z,B-(401호 회로창고 2),22.7,51.5
2026-06-12T08:00:00Z,C-(402호 수입검사),24.1,50.0
2026-06-12T08:00:00Z,D-(406호 기구창고),23.8,46.4
2026-06-12T08:00:00Z,E-(408호 OQC),22.0,58.8
2026-06-12T08:00:00Z,F-(807호 생산 Line),21.2,49.1
2026-06-12T08:00:00Z,G-(401호 기구창고),21.6,61.5
2026-06-12T09:00:00Z,A-(401호 회로창고 1),22.0,55.8
2026-06-12T09:00:00Z,B-(401호 회로창고 2),22.4,51.1
2026-06-12T10:00:00Z,A-(401호 회로창고 1),22.1,54.0
2026-06-12T10:00:00Z,B-(401호 회로창고 2),22.4,54.8
2026-06-12T11:00:00Z,A-(401호 회로창고 1),22.0,52.3
2026-06-12T11:00:00Z,B-(401호 회로창고 2),22.3,51.8
2026-06-12T12:00:00Z,A-(401호 회로창고 1),22.0,56.2
2026-06-12T12:00:00Z,B-(401호 회로창고 2),22.2,53.6
2026-06-12T13:00:00Z,A-(401호 회로창고 1),22.5,56.8
2026-06-12T13:00:00Z,B-(401호 회로창고 2),22.6,54.8
2026-06-12T14:00:00Z,A-(401호 회로창고 1),22.9,54.8
2026-06-12T14:00:00Z,B-(401호 회로창고 2),22.7,54.5
2026-06-12T15:00:00Z,A-(401호 회로창고 1),23.0,54.5
2026-06-12T15:00:00Z,B-(401호 회로창고 2),22.8,54.2
2026-06-12T16:00:00Z,A-(401호 회로창고 1),22.9,54.5
2026-06-12T16:00:00Z,B-(401호 회로창고 2),22.8,53.9
2026-06-12T17:00:00Z,A-(401호 회로창고 1),22.9,54.5
2026-06-12T17:00:00Z,B-(401호 회로창고 2),22.7,53.9
2026-06-12T18:00:00Z,A-(401호 회로창고 1),22.9,54.2
2026-06-12T18:00:00Z,B-(401호 회로창고 2),22.7,53.7
2026-06-12T19:00:00Z,A-(401호 회로창고 1),22.9,54.0
2026-06-12T19:00:00Z,B-(401호 회로창고 2),22.7,53.6
2026-06-12T20:00:00Z,A-(401호 회로창고 1),23.0,53.6
2026-06-12T20:00:00Z,B-(401호 회로창고 2),22.7,53.4
2026-06-12T21:00:00Z,A-(401호 회로창고 1),23.0,52.8
2026-06-12T21:00:00Z,B-(401호 회로창고 2),22.7,53.2
2026-06-12T22:00:00Z,A-(401호 회로창고 1),22.8,53.7
2026-06-12T22:00:00Z,B-(401호 회로창고 2),22.6,53.4
2026-06-12T23:00:00Z,A-(401호 회로창고 1),22.9,53.4
2026-06-12T23:00:00Z,B-(401호 회로창고 2),22.7,53.1
2026-06-13T00:00:00Z,A-(401호 회로창고 1),23.0,52.4
2026-06-13T00:00:00Z,B-(401호 회로창고 2),22.8,52.8
2026-06-13T01:00:00Z,A-(401호 회로창고 1),22.8,53.2
2026-06-13T01:00:00Z,B-(401호 회로창고 2),22.8,52.4
2026-06-13T02:00:00Z,A-(401호 회로창고 1),23.0,52.8
2026-06-13T02:00:00Z,B-(401호 회로창고 2),22.9,52.1
2026-06-13T03:00:00Z,A-(401호 회로창고 1),22.8,53.0
2026-06-13T03:00:00Z,B-(401호 회로창고 2),22.9,51.8
2026-06-13T04:00:00Z,A-(401호 회로창고 1),22.9,52.7
2026-06-13T04:00:00Z,B-(401호 회로창고 2),23.0,51.0
2026-06-13T05:00:00Z,A-(401호 회로창고 1),23.0,52.6
2026-06-13T05:00:00Z,B-(401호 회로창고 2),23.1,51.4
2026-06-13T06:00:00Z,A-(401호 회로창고 1),22.9,52.6
2026-06-13T06:00:00Z,B-(401호 회로창고 2),23.1,51.1
2026-06-13T07:00:00Z,A-(401호 회로창고 1),22.8,52.4
2026-06-13T07:00:00Z,B-(401호 회로창고 2),23.1,50.8
2026-06-13T08:00:00Z,A-(401호 회로창고 1),22.8,52.3
2026-06-13T08:00:00Z,B-(401호 회로창고 2),23.0,50.5
2026-06-13T09:00:00Z,A-(401호 회로창고 1),22.8,52.0
2026-06-13T09:00:00Z,B-(401호 회로창고 2),23.0,49.8
2026-06-13T10:00:00Z,A-(401호 회로창고 1),23.0,49.5
2026-06-13T10:00:00Z,B-(401호 회로창고 2),23.1,49.4
2026-06-13T11:00:00Z,A-(401호 회로창고 1),23.0,51.4
2026-06-13T11:00:00Z,B-(401호 회로창고 2),23.1,50.2
2026-06-13T12:00:00Z,A-(401호 회로창고 1),23.0,51.5
2026-06-13T12:00:00Z,B-(401호 회로창고 2),23.0,50.4
2026-06-13T13:00:00Z,A-(401호 회로창고 1),22.9,51.7
2026-06-13T13:00:00Z,B-(401호 회로창고 2),23.0,50.5
2026-06-13T14:00:00Z,A-(401호 회로창고 1),22.9,51.7
2026-06-13T14:00:00Z,B-(401호 회로창고 2),22.9,50.6
2026-06-13T15:00:00Z,A-(401호 회로창고 1),22.8,51.9
2026-06-13T15:00:00Z,B-(401호 회로창고 2),22.9,50.8
2026-06-13T16:00:00Z,A-(401호 회로창고 1),22.8,52.3
2026-06-13T16:00:00Z,B-(401호 회로창고 2),22.8,50.6
2026-06-13T17:00:00Z,A-(401호 회로창고 1),23.0,50.8
2026-06-13T17:00:00Z,B-(401호 회로창고 2),22.9,50.7
2026-06-13T18:00:00Z,A-(401호 회로창고 1),22.9,52.1
2026-06-13T18:00:00Z,B-(401호 회로창고 2),22.9,51.1
2026-06-13T19:00:00Z,A-(401호 회로창고 1),22.9,52.4
2026-06-13T19:00:00Z,B-(401호 회로창고 2),22.9,51.5
2026-06-13T20:00:00Z,A-(401호 회로창고 1),22.9,52.6
2026-06-13T20:00:00Z,B-(401호 회로창고 2),22.9,51.8
2026-06-13T21:00:00Z,A-(401호 회로창고 1),22.9,52.9
2026-06-13T21:00:00Z,B-(401호 회로창고 2),22.9,51.9
2026-06-13T22:00:00Z,A-(401호 회로창고 1),22.8,53.1
2026-06-13T22:00:00Z,B-(401호 회로창고 2),22.8,52.2
2026-06-13T23:00:00Z,A-(401호 회로창고 1),22.8,53.5
2026-06-13T23:00:00Z,B-(401호 회로창고 2),22.8,52.4
2026-06-14T00:00:00Z,A-(401호 회로창고 1),22.8,54.1
2026-06-14T00:00:00Z,B-(401호 회로창고 2),22.9,52.8
2026-06-14T01:00:00Z,A-(401호 회로창고 1),22.8,55.1
2026-06-14T01:00:00Z,B-(401호 회로창고 2),22.9,53.0
2026-06-14T02:00:00Z,A-(401호 회로창고 1),22.8,55.3
2026-06-14T02:00:00Z,B-(401호 회로창고 2),23.0,53.3
2026-06-14T03:00:00Z,A-(401호 회로창고 1),22.8,55.5
2026-06-14T03:00:00Z,B-(401호 회로창고 2),23.1,53.5
2026-06-14T04:00:00Z,A-(401호 회로창고 1),22.8,55.9
2026-06-14T04:00:00Z,B-(401호 회로창고 2),23.1,53.7
2026-06-14T05:00:00Z,A-(401호 회로창고 1),22.9,53.0
2026-06-14T05:00:00Z,B-(401호 회로창고 2),23.2,52.2
2026-06-14T06:00:00Z,A-(401호 회로창고 1),22.2,54.3
2026-06-14T06:00:00Z,B-(401호 회로창고 2),22.7,50.7
2026-06-14T07:00:00Z,A-(401호 회로창고 1),22.2,58.4
2026-06-14T07:00:00Z,B-(401호 회로창고 2),22.6,50.5
2026-06-14T08:00:00Z,A-(401호 회로창고 1),22.2,53.6
2026-06-14T08:00:00Z,B-(401호 회로창고 2),22.6,52.1
2026-06-14T09:00:00Z,A-(401호 회로창고 1),22.1,53.0
2026-06-14T09:00:00Z,B-(401호 회로창고 2),22.5,54.3
2026-06-14T10:00:00Z,A-(401호 회로창고 1),22.2,55.8
2026-06-14T10:00:00Z,B-(401호 회로창고 2),22.4,50.9
2026-06-14T11:00:00Z,A-(401호 회로창고 1),22.1,57.0
2026-06-14T11:00:00Z,B-(401호 회로창고 2),22.4,51.5
2026-06-14T12:00:00Z,A-(401호 회로창고 1),22.2,54.2
2026-06-14T12:00:00Z,B-(401호 회로창고 2),22.4,53.5
2026-06-14T13:00:00Z,A-(401호 회로창고 1),22.1,53.0
2026-06-14T13:00:00Z,B-(401호 회로창고 2),22.3,52.3
2026-06-14T14:00:00Z,A-(401호 회로창고 1),22.2,58.0
2026-06-14T14:00:00Z,B-(401호 회로창고 2),22.4,56.1
2026-06-14T15:00:00Z,A-(401호 회로창고 1),22.0,55.6
2026-06-14T15:00:00Z,B-(401호 회로창고 2),22.3,52.2
2026-06-14T16:00:00Z,A-(401호 회로창고 1),22.0,51.4
2026-06-14T16:00:00Z,B-(401호 회로창고 2),22.2,51.4
2026-06-14T17:00:00Z,A-(401호 회로창고 1),22.1,53.5
2026-06-14T17:00:00Z,B-(401호 회로창고 2),22.3,53.3
2026-06-14T18:00:00Z,A-(401호 회로창고 1),22.2,57.5
2026-06-14T18:00:00Z,B-(401호 회로창고 2),22.3,56.0
2026-06-14T19:00:00Z,A-(401호 회로창고 1),22.1,57.3
2026-06-14T19:00:00Z,B-(401호 회로창고 2),22.2,51.6
2026-06-14T20:00:00Z,A-(401호 회로창고 1),22.1,54.8
2026-06-14T20:00:00Z,B-(401호 회로창고 2),22.2,54.6
2026-06-14T21:00:00Z,A-(401호 회로창고 1),22.1,53.6
2026-06-14T21:00:00Z,B-(401호 회로창고 2),22.2,53.7
2026-06-14T22:00:00Z,A-(401호 회로창고 1),22.1,59.2
2026-06-14T22:00:00Z,B-(401호 회로창고 2),22.1,51.0
2026-06-14T23:00:00Z,A-(401호 회로창고 1),22.1,52.7
2026-06-14T23:00:00Z,B-(401호 회로창고 2),22.2,53.1
2026-06-15T00:00:00Z,A-(401호 회로창고 1),22.1,52.6
2026-06-15T00:00:00Z,B-(401호 회로창고 2),22.4,51.8
2026-06-15T00:00:00Z,C-(402호 수입검사),24.8,54.4
2026-06-15T00:00:00Z,D-(406호 기구창고),26.6,47.5
2026-06-15T00:00:00Z,E-(408호 OQC),22.4,56.9
2026-06-15T00:00:00Z,F-(807호 생산 Line),21.4,50.4
2026-06-15T00:00:00Z,G-(401호 기구창고),23.8,60.2
2026-06-15T01:00:00Z,A-(401호 회로창고 1),22.3,56.8
2026-06-15T01:00:00Z,B-(401호 회로창고 2),22.5,50.6
2026-06-15T01:00:00Z,C-(402호 수입검사),25.1,53.8
2026-06-15T01:00:00Z,D-(406호 기구창고),26.3,46.1
2026-06-15T01:00:00Z,E-(408호 OQC),22.2,59.2
2026-06-15T01:00:00Z,F-(807호 생산 Line),21.4,51.5
2026-06-15T01:00:00Z,G-(401호 기구창고),24.0,60.8
2026-06-15T02:00:00Z,A-(401호 회로창고 1),22.2,56.7
2026-06-15T02:00:00Z,B-(401호 회로창고 2),22.6,51.2
2026-06-15T02:00:00Z,C-(402호 수입검사),25.2,53.5
2026-06-15T02:00:00Z,D-(406호 기구창고),25.9,45.1
2026-06-15T02:00:00Z,E-(408호 OQC),22.0,60.3
2026-06-15T02:00:00Z,F-(807호 생산 Line),21.5,51.5
2026-06-15T02:00:00Z,G-(401호 기구창고),24.1,59.7
2026-06-15T03:00:00Z,A-(401호 회로창고 1),22.2,54.7
2026-06-15T03:00:00Z,B-(401호 회로창고 2),22.7,52.6
2026-06-15T03:00:00Z,C-(402호 수입검사),25.4,53.1
2026-06-15T03:00:00Z,D-(406호 기구창고),25.4,44.9
2026-06-15T03:00:00Z,E-(408호 OQC),22.1,60.0
2026-06-15T03:00:00Z,F-(807호 생산 Line),21.5,51.1
2026-06-15T03:00:00Z,G-(401호 기구창고),24.2,59.1
2026-06-15T04:00:00Z,A-(401호 회로창고 1),22.1,54.1
2026-06-15T04:00:00Z,B-(401호 회로창고 2),22.8,51.3
2026-06-15T04:00:00Z,C-(402호 수입검사),25.6,52.7
2026-06-15T04:00:00Z,D-(406호 기구창고),25.1,44.2
2026-06-15T04:00:00Z,E-(408호 OQC),22.2,61.6
2026-06-15T04:00:00Z,F-(807호 생산 Line),21.4,50.5
2026-06-15T04:00:00Z,G-(401호 기구창고),24.2,58.2
2026-06-15T05:00:00Z,A-(401호 회로창고 1),22.1,52.8
2026-06-15T05:00:00Z,B-(401호 회로창고 2),22.8,50.3
2026-06-15T05:00:00Z,C-(402호 수입검사),25.7,52.2
2026-06-15T05:00:00Z,D-(406호 기구창고),24.7,44.2
2026-06-15T05:00:00Z,E-(408호 OQC),22.2,61.4
2026-06-15T05:00:00Z,F-(807호 생산 Line),21.3,51.3
2026-06-15T05:00:00Z,G-(401호 기구창고),24.4,57.8
2026-06-15T06:00:00Z,A-(401호 회로창고 1),22.1,56.6
2026-06-15T06:00:00Z,B-(401호 회로창고 2),22.9,51.6
2026-06-15T06:00:00Z,C-(402호 수입검사),25.8,51.6
2026-06-15T06:00:00Z,D-(406호 기구창고),24.5,44.7
2026-06-15T06:00:00Z,E-(408호 OQC),22.3,60.0
2026-06-15T06:00:00Z,F-(807호 생산 Line),21.3,51.2
2026-06-15T06:00:00Z,G-(401호 기구창고),24.6,56.9
2026-06-15T07:00:00Z,A-(401호 회로창고 1),22.0,53.2
2026-06-15T07:00:00Z,B-(401호 회로창고 2),22.9,50.5
2026-06-15T07:00:00Z,C-(402호 수입검사),25.8,51.3
2026-06-15T07:00:00Z,D-(406호 기구창고),24.4,44.1
2026-06-15T07:00:00Z,E-(408호 OQC),22.2,54.4
2026-06-15T07:00:00Z,F-(807호 생산 Line),21.3,50.9
2026-06-15T07:00:00Z,G-(401호 기구창고),24.5,55.9
2026-06-15T08:00:00Z,A-(401호 회로창고 1),22.3,56.1
2026-06-15T08:00:00Z,B-(401호 회로창고 2),22.8,49.9
2026-06-15T08:00:00Z,C-(402호 수입검사),25.9,51.0
2026-06-15T08:00:00Z,D-(406호 기구창고),24.6,46.1
2026-06-15T08:00:00Z,E-(408호 OQC),22.3,54.1
2026-06-15T08:00:00Z,F-(807호 생산 Line),21.4,50.7
2026-06-15T08:00:00Z,G-(401호 기구창고),24.5,55.8
2026-06-15T09:00:00Z,A-(401호 회로창고 1),22.1,52.4
2026-06-15T09:00:00Z,B-(401호 회로창고 2),22.7,50.8
2026-06-15T10:00:00Z,A-(401호 회로창고 1),22.0,52.8
2026-06-15T10:00:00Z,B-(401호 회로창고 2),22.6,53.6
2026-06-15T11:00:00Z,A-(401호 회로창고 1),22.1,58.7
2026-06-15T11:00:00Z,B-(401호 회로창고 2),22.4,50.3
2026-06-15T12:00:00Z,A-(401호 회로창고 1),22.1,53.3
2026-06-15T12:00:00Z,B-(401호 회로창고 2),22.5,52.3
2026-06-15T13:00:00Z,A-(401호 회로창고 1),22.1,53.6
2026-06-15T13:00:00Z,B-(401호 회로창고 2),22.4,53.7
2026-06-15T14:00:00Z,A-(401호 회로창고 1),22.1,59.4
2026-06-15T14:00:00Z,B-(401호 회로창고 2),22.3,50.4
2026-06-15T15:00:00Z,A-(401호 회로창고 1),22.1,54.3
2026-06-15T15:00:00Z,B-(401호 회로창고 2),22.4,53.4
2026-06-15T16:00:00Z,A-(401호 회로창고 1),22.1,54.7
2026-06-15T16:00:00Z,B-(401호 회로창고 2),22.4,53.3
2026-06-15T17:00:00Z,A-(401호 회로창고 1),22.0,57.7
2026-06-15T17:00:00Z,B-(401호 회로창고 2),22.3,51.3
2026-06-15T18:00:00Z,A-(401호 회로창고 1),21.9,52.1
2026-06-15T18:00:00Z,B-(401호 회로창고 2),22.4,54.2
2026-06-15T19:00:00Z,A-(401호 회로창고 1),22.0,56.8
2026-06-15T19:00:00Z,B-(401호 회로창고 2),22.3,54.0
2026-06-15T20:00:00Z,A-(401호 회로창고 1),22.0,52.6
2026-06-15T20:00:00Z,B-(401호 회로창고 2),22.3,52.2
2026-06-15T21:00:00Z,A-(401호 회로창고 1),22.0,51.9
2026-06-15T21:00:00Z,B-(401호 회로창고 2),22.2,51.7
2026-06-15T22:00:00Z,A-(401호 회로창고 1),22.1,58.6
2026-06-15T22:00:00Z,B-(401호 회로창고 2),22.3,56.2
2026-06-15T23:00:00Z,A-(401호 회로창고 1),22.0,53.0
2026-06-15T23:00:00Z,B-(401호 회로창고 2),22.3,52.3
2026-06-16T00:00:00Z,A-(401호 회로창고 1),22.0,58.4
2026-06-16T00:00:00Z,B-(401호 회로창고 2),22.3,53.4
2026-06-16T00:00:00Z,C-(402호 수입검사),24.0,59.0
2026-06-16T00:00:00Z,D-(406호 기구창고),26.2,45.6
2026-06-16T00:00:00Z,E-(408호 OQC),22.5,58.1
2026-06-16T00:00:00Z,F-(807호 생산 Line),21.3,51.5
2026-06-16T00:00:00Z,G-(401호 기구창고),24.1,59.3
2026-06-16T01:00:00Z,A-(401호 회로창고 1),22.1,53.4
2026-06-16T01:00:00Z,B-(401호 회로창고 2),22.4,52.2
2026-06-16T01:00:00Z,C-(402호 수입검사),23.6,59.6
2026-06-16T01:00:00Z,D-(406호 기구창고),26.1,45.8
2026-06-16T01:00:00Z,E-(408호 OQC),22.1,58.9
2026-06-16T01:00:00Z,F-(807호 생산 Line),21.3,52.2
2026-06-16T01:00:00Z,G-(401호 기구창고),24.5,62.4
2026-06-16T02:00:00Z,A-(401호 회로창고 1),21.8,53.9
2026-06-16T02:00:00Z,B-(401호 회로창고 2),22.6,51.6
2026-06-16T02:00:00Z,C-(402호 수입검사),23.6,59.3
2026-06-16T02:00:00Z,D-(406호 기구창고),26.0,46.4
2026-06-16T02:00:00Z,E-(408호 OQC),21.9,57.9
2026-06-16T02:00:00Z,F-(807호 생산 Line),21.4,52.7
2026-06-16T02:00:00Z,G-(401호 기구창고),24.4,59.8
2026-06-16T03:00:00Z,A-(401호 회로창고 1),21.8,60.0
2026-06-16T03:00:00Z,B-(401호 회로창고 2),22.5,49.7
2026-06-16T03:00:00Z,C-(402호 수입검사),23.5,57.9
2026-06-16T03:00:00Z,D-(406호 기구창고),25.5,45.4
2026-06-16T03:00:00Z,E-(408호 OQC),22.0,60.2
2026-06-16T03:00:00Z,F-(807호 생산 Line),21.5,52.8
2026-06-16T03:00:00Z,G-(401호 기구창고),24.5,59.3
2026-06-16T04:00:00Z,A-(401호 회로창고 1),21.8,60.4
2026-06-16T04:00:00Z,B-(401호 회로창고 2),22.7,54.9
2026-06-16T04:00:00Z,C-(402호 수입검사),24.6,56.2
2026-06-16T04:00:00Z,D-(406호 기구창고),25.1,44.4
2026-06-16T04:00:00Z,E-(408호 OQC),21.8,59.0
2026-06-16T04:00:00Z,F-(807호 생산 Line),21.5,52.2
2026-06-16T04:00:00Z,G-(401호 기구창고),24.5,58.7
2026-06-16T05:00:00Z,A-(401호 회로창고 1),21.7,56.7
2026-06-16T05:00:00Z,B-(401호 회로창고 2),22.7,53.7
2026-06-16T05:00:00Z,C-(402호 수입검사),24.0,56.5
2026-06-16T05:00:00Z,D-(406호 기구창고),24.7,44.4
2026-06-16T05:00:00Z,E-(408호 OQC),22.2,59.8
2026-06-16T05:00:00Z,F-(807호 생산 Line),21.5,52.8
2026-06-16T05:00:00Z,G-(401호 기구창고),24.6,58.4
2026-06-16T06:00:00Z,A-(401호 회로창고 1),21.3,54.3
2026-06-16T06:00:00Z,B-(401호 회로창고 2),22.6,50.5
2026-06-16T06:00:00Z,C-(402호 수입검사),23.6,57.0
2026-06-16T06:00:00Z,D-(406호 기구창고),24.8,45.7
2026-06-16T06:00:00Z,E-(408호 OQC),21.8,57.9
2026-06-16T06:00:00Z,F-(807호 생산 Line),21.5,52.5
2026-06-16T06:00:00Z,G-(401호 기구창고),24.8,56.6
2026-06-16T07:00:00Z,A-(401호 회로창고 1),21.2,55.3
2026-06-16T07:00:00Z,B-(401호 회로창고 2),22.5,49.8
2026-06-16T07:00:00Z,C-(402호 수입검사),23.4,55.3
2026-06-16T07:00:00Z,D-(406호 기구창고),24.4,45.7
2026-06-16T07:00:00Z,E-(408호 OQC),21.8,55.5
2026-06-16T07:00:00Z,F-(807호 생산 Line),21.5,51.3
2026-06-16T07:00:00Z,G-(401호 기구창고),23.3,52.1
2026-06-16T08:00:00Z,A-(401호 회로창고 1),21.5,61.8
2026-06-16T08:00:00Z,B-(401호 회로창고 2),22.6,55.3
2026-06-16T08:00:00Z,C-(402호 수입검사),24.4,53.3
2026-06-16T08:00:00Z,D-(406호 기구창고),24.5,45.0
2026-06-16T08:00:00Z,E-(408호 OQC),22.0,55.2
2026-06-16T08:00:00Z,F-(807호 생산 Line),21.5,51.6
2026-06-16T08:00:00Z,G-(401호 기구창고),22.0,57.9
2026-06-16T09:00:00Z,A-(401호 회로창고 1),21.5,61.7
2026-06-16T09:00:00Z,B-(401호 회로창고 2),22.5,54.9
2026-06-16T10:00:00Z,A-(401호 회로창고 1),21.3,55.0
2026-06-16T10:00:00Z,B-(401호 회로창고 2),22.3,52.1
2026-06-16T11:00:00Z,A-(401호 회로창고 1),21.1,55.1
2026-06-16T11:00:00Z,B-(401호 회로창고 2),22.1,50.8
2026-06-16T12:00:00Z,A-(401호 회로창고 1),21.5,59.9
2026-06-16T12:00:00Z,B-(401호 회로창고 2),22.2,54.8
2026-06-16T13:00:00Z,A-(401호 회로창고 1),21.2,54.8
2026-06-16T13:00:00Z,B-(401호 회로창고 2),22.0,51.2
2026-06-16T14:00:00Z,A-(401호 회로창고 1),21.4,61.2
2026-06-16T14:00:00Z,B-(401호 회로창고 2),22.1,55.1
2026-06-16T15:00:00Z,A-(401호 회로창고 1),21.5,57.3
2026-06-16T15:00:00Z,B-(401호 회로창고 2),22.1,53.0
2026-06-16T16:00:00Z,A-(401호 회로창고 1),21.3,60.9
2026-06-16T16:00:00Z,B-(401호 회로창고 2),22.0,56.2
2026-06-16T17:00:00Z,A-(401호 회로창고 1),21.2,54.9
2026-06-16T17:00:00Z,B-(401호 회로창고 2),22.0,53.0
2026-06-16T18:00:00Z,A-(401호 회로창고 1),21.2,59.0
2026-06-16T18:00:00Z,B-(401호 회로창고 2),22.0,51.8
2026-06-16T19:00:00Z,A-(401호 회로창고 1),21.5,61.1
2026-06-16T19:00:00Z,B-(401호 회로창고 2),22.1,55.0
2026-06-16T20:00:00Z,A-(401호 회로창고 1),21.0,55.9
2026-06-16T20:00:00Z,B-(401호 회로창고 2),22.0,52.8
2026-06-16T21:00:00Z,A-(401호 회로창고 1),21.4,61.5
2026-06-16T21:00:00Z,B-(401호 회로창고 2),22.0,57.3
2026-06-16T22:00:00Z,A-(401호 회로창고 1),21.0,53.9
2026-06-16T22:00:00Z,B-(401호 회로창고 2),22.0,53.5
2026-06-16T23:00:00Z,A-(401호 회로창고 1),21.1,58.5
2026-06-16T23:00:00Z,B-(401호 회로창고 2),22.0,57.0
2026-06-17T00:00:00Z,A-(401호 회로창고 1),21.6,58.6
2026-06-17T00:00:00Z,B-(401호 회로창고 2),22.3,53.6
2026-06-17T00:00:00Z,C-(402호 수입검사),24.1,57.9
2026-06-17T00:00:00Z,D-(406호 기구창고),25.9,46.8
2026-06-17T00:00:00Z,E-(408호 OQC),22.2,56.6
2026-06-17T00:00:00Z,F-(807호 생산 Line),22.7,50.6
2026-06-17T00:00:00Z,G-(401호 기구창고),24.2,60.2
2026-06-17T01:00:00Z,A-(401호 회로창고 1),21.1,53.9
2026-06-17T01:00:00Z,B-(401호 회로창고 2),22.3,53.0
2026-06-17T01:00:00Z,C-(402호 수입검사),23.8,59.6
2026-06-17T01:00:00Z,D-(406호 기구창고),25.5,47.3
2026-06-17T01:00:00Z,E-(408호 OQC),21.9,58.1
2026-06-17T01:00:00Z,F-(807호 생산 Line),22.2,52.1
2026-06-17T01:00:00Z,G-(401호 기구창고),24.3,59.2
2026-06-17T02:00:00Z,A-(401호 회로창고 1),21.3,59.5
2026-06-17T02:00:00Z,B-(401호 회로창고 2),22.4,50.7
2026-06-17T02:00:00Z,C-(402호 수입검사),23.8,60.3
2026-06-17T02:00:00Z,D-(406호 기구창고),25.1,45.9
2026-06-17T02:00:00Z,E-(408호 OQC),21.8,59.4
2026-06-17T02:00:00Z,F-(807호 생산 Line),22.0,52.6
2026-06-17T02:00:00Z,G-(401호 기구창고),24.5,59.9
2026-06-17T03:00:00Z,A-(401호 회로창고 1),21.6,61.7
2026-06-17T03:00:00Z,B-(401호 회로창고 2),22.5,56.0
2026-06-17T03:00:00Z,C-(402호 수입검사),23.5,61.5
2026-06-17T03:00:00Z,D-(406호 기구창고),25.1,45.7
2026-06-17T03:00:00Z,E-(408호 OQC),21.9,60.1
2026-06-17T03:00:00Z,F-(807호 생산 Line),21.9,52.3
2026-06-17T03:00:00Z,G-(401호 기구창고),24.6,59.1
2026-06-17T04:00:00Z,A-(401호 회로창고 1),21.6,57.3
2026-06-17T04:00:00Z,B-(401호 회로창고 2),22.6,53.6
2026-06-17T04:00:00Z,C-(402호 수입검사),24.8,55.2
2026-06-17T04:00:00Z,D-(406호 기구창고),24.8,45.4
2026-06-17T04:00:00Z,E-(408호 OQC),22.5,62.4
2026-06-17T04:00:00Z,F-(807호 생산 Line),21.8,51.1
2026-06-17T04:00:00Z,G-(401호 기구창고),24.7,59.1
2026-06-17T05:00:00Z,A-(401호 회로창고 1),21.5,55.9
2026-06-17T05:00:00Z,B-(401호 회로창고 2),22.5,52.4
2026-06-17T05:00:00Z,C-(402호 수입검사),23.9,55.7
2026-06-17T05:00:00Z,D-(406호 기구창고),24.6,45.9
2026-06-17T05:00:00Z,E-(408호 OQC),22.3,59.0
2026-06-17T05:00:00Z,F-(807호 생산 Line),21.7,52.2
2026-06-17T05:00:00Z,G-(401호 기구창고),24.8,58.7
2026-06-17T06:00:00Z,A-(401호 회로창고 1),21.3,54.8
2026-06-17T06:00:00Z,B-(401호 회로창고 2),22.5,51.0
2026-06-17T06:00:00Z,C-(402호 수입검사),24.0,53.0
2026-06-17T06:00:00Z,D-(406호 기구창고),24.4,44.9
2026-06-17T06:00:00Z,E-(408호 OQC),22.1,59.9
2026-06-17T06:00:00Z,F-(807호 생산 Line),21.7,52.4
2026-06-17T06:00:00Z,G-(401호 기구창고),24.9,58.3
2026-06-17T07:00:00Z,A-(401호 회로창고 1),21.3,53.8
2026-06-17T07:00:00Z,B-(401호 회로창고 2),22.5,50.0
2026-06-17T07:00:00Z,C-(402호 수입검사),23.5,59.7
2026-06-17T07:00:00Z,D-(406호 기구창고),24.3,44.9
2026-06-17T07:00:00Z,E-(408호 OQC),22.0,57.0
2026-06-17T07:00:00Z,F-(807호 생산 Line),21.6,52.1
2026-06-17T07:00:00Z,G-(401호 기구창고),24.9,57.9
2026-06-17T08:00:00Z,A-(401호 회로창고 1),21.5,54.2
2026-06-17T08:00:00Z,B-(401호 회로창고 2),22.6,50.9
2026-06-17T08:00:00Z,C-(402호 수입검사),23.8,59.5
2026-06-17T08:00:00Z,D-(406호 기구창고),24.5,45.3
2026-06-17T08:00:00Z,E-(408호 OQC),21.9,56.7
2026-06-17T08:00:00Z,F-(807호 생산 Line),21.6,52.1
2026-06-17T08:00:00Z,G-(401호 기구창고),24.9,57.7
2026-06-17T09:00:00Z,A-(401호 회로창고 1),21.4,53.4
2026-06-17T09:00:00Z,B-(401호 회로창고 2),22.5,50.3
2026-06-17T10:00:00Z,A-(401호 회로창고 1),21.5,58.6
2026-06-17T10:00:00Z,B-(401호 회로창고 2),22.5,52.8
2026-06-17T11:00:00Z,A-(401호 회로창고 1),21.5,60.6
2026-06-17T11:00:00Z,B-(401호 회로창고 2),22.6,55.3
2026-06-17T12:00:00Z,A-(401호 회로창고 1),21.6,54.5
2026-06-17T12:00:00Z,B-(401호 회로창고 2),22.7,53.0
2026-06-17T13:00:00Z,A-(401호 회로창고 1),21.4,57.1
2026-06-17T13:00:00Z,B-(401호 회로창고 2),22.5,49.9
2026-06-17T14:00:00Z,A-(401호 회로창고 1),21.8,60.8
2026-06-17T14:00:00Z,B-(401호 회로창고 2),22.6,53.6
2026-06-17T15:00:00Z,A-(401호 회로창고 1),21.5,54.3
2026-06-17T15:00:00Z,B-(401호 회로창고 2),22.6,51.9
2026-06-17T16:00:00Z,A-(401호 회로창고 1),21.5,57.1
2026-06-17T16:00:00Z,B-(401호 회로창고 2),22.5,55.6
2026-06-17T17:00:00Z,A-(401호 회로창고 1),21.6,54.8
2026-06-17T17:00:00Z,B-(401호 회로창고 2),22.6,52.0
2026-06-17T18:00:00Z,A-(401호 회로창고 1),21.4,53.4
2026-06-17T18:00:00Z,B-(401호 회로창고 2),22.5,50.7
2026-06-17T19:00:00Z,A-(401호 회로창고 1),21.7,59.5
2026-06-17T19:00:00Z,B-(401호 회로창고 2),22.6,56.2
2026-06-17T20:00:00Z,A-(401호 회로창고 1),21.5,54.5
2026-06-17T20:00:00Z,B-(401호 회로창고 2),22.6,54.0
2026-06-17T21:00:00Z,A-(401호 회로창고 1),21.6,58.8
2026-06-17T21:00:00Z,B-(401호 회로창고 2),22.4,50.7
2026-06-17T22:00:00Z,A-(401호 회로창고 1),21.9,61.3
2026-06-17T22:00:00Z,B-(401호 회로창고 2),22.6,54.6
2026-06-17T23:00:00Z,A-(401호 회로창고 1),21.6,54.4
2026-06-17T23:00:00Z,B-(401호 회로창고 2),22.5,52.3
2026-06-18T00:00:00Z,A-(401호 회로창고 1),21.5,58.3
2026-06-18T00:00:00Z,B-(401호 회로창고 2),22.5,51.0
2026-06-18T00:00:00Z,C-(402호 수입검사),24.0,60.6
2026-06-18T00:00:00Z,D-(406호 기구창고),25.7,46.2
2026-06-18T00:00:00Z,E-(408호 OQC),22.2,57.9
2026-06-18T00:00:00Z,F-(807호 생산 Line),21.8,57.4
2026-06-18T00:00:00Z,G-(401호 기구창고),24.5,60.5
2026-06-18T01:00:00Z,A-(401호 회로창고 1),21.7,61.6
2026-06-18T01:00:00Z,B-(401호 회로창고 2),22.5,51.8
2026-06-18T01:00:00Z,C-(402호 수입검사),23.9,63.1
2026-06-18T01:00:00Z,D-(406호 기구창고),25.8,45.9
2026-06-18T01:00:00Z,E-(408호 OQC),21.9,59.6
2026-06-18T01:00:00Z,F-(807호 생산 Line),23.5,57.6
2026-06-18T01:00:00Z,G-(401호 기구창고),24.6,59.5
2026-06-18T02:00:00Z,A-(401호 회로창고 1),21.6,58.0
2026-06-18T02:00:00Z,B-(401호 회로창고 2),22.5,54.0
2026-06-18T02:00:00Z,C-(402호 수입검사),23.7,62.7
2026-06-18T02:00:00Z,D-(406호 기구창고),25.3,45.5
2026-06-18T02:00:00Z,E-(408호 OQC),21.9,61.4
2026-06-18T02:00:00Z,F-(807호 생산 Line),24.2,54.3
2026-06-18T02:00:00Z,G-(401호 기구창고),24.8,61.6
2026-06-18T03:00:00Z,A-(401호 회로창고 1),21.2,57.6
2026-06-18T03:00:00Z,B-(401호 회로창고 2),22.5,50.6
2026-06-18T03:00:00Z,C-(402호 수입검사),23.6,61.5
2026-06-18T03:00:00Z,D-(406호 기구창고),24.8,45.7
2026-06-18T03:00:00Z,E-(408호 OQC),22.0,58.9
2026-06-18T03:00:00Z,F-(807호 생산 Line),23.0,52.7
2026-06-18T03:00:00Z,G-(401호 기구창고),24.9,60.2
2026-06-18T04:00:00Z,A-(401호 회로창고 1),21.6,54.4
2026-06-18T04:00:00Z,B-(401호 회로창고 2),22.6,50.1
2026-06-18T04:00:00Z,C-(402호 수입검사),23.5,61.9
2026-06-18T04:00:00Z,D-(406호 기구창고),24.4,44.9
2026-06-18T04:00:00Z,E-(408호 OQC),22.4,62.9
2026-06-18T04:00:00Z,F-(807호 생산 Line),22.3,52.0
2026-06-18T04:00:00Z,G-(401호 기구창고),24.8,59.5
2026-06-18T05:00:00Z,A-(401호 회로창고 1),21.7,54.6
2026-06-18T05:00:00Z,B-(401호 회로창고 2),22.6,51.4
2026-06-18T05:00:00Z,C-(402호 수입검사),23.4,61.7
2026-06-18T05:00:00Z,D-(406호 기구창고),24.2,47.5
2026-06-18T05:00:00Z,E-(408호 OQC),22.8,67.5
2026-06-18T05:00:00Z,F-(807호 생산 Line),22.0,53.6
2026-06-18T05:00:00Z,G-(401호 기구창고),25.0,60.5
2026-06-18T06:00:00Z,A-(401호 회로창고 1),21.7,53.3
2026-06-18T06:00:00Z,B-(401호 회로창고 2),22.7,50.4
2026-06-18T06:00:00Z,C-(402호 수입검사),23.4,61.8
2026-06-18T06:00:00Z,D-(406호 기구창고),24.4,48.4
2026-06-18T06:00:00Z,E-(408호 OQC),21.9,62.4
2026-06-18T06:00:00Z,F-(807호 생산 Line),22.0,54.1
2026-06-18T06:00:00Z,G-(401호 기구창고),25.2,61.2
2026-06-18T07:00:00Z,A-(401호 회로창고 1),21.6,55.6
2026-06-18T07:00:00Z,B-(401호 회로창고 2),22.6,49.8
2026-06-18T07:00:00Z,C-(402호 수입검사),23.6,65.7
2026-06-18T07:00:00Z,D-(406호 기구창고),24.4,49.0
2026-06-18T07:00:00Z,E-(408호 OQC),21.7,58.5
2026-06-18T07:00:00Z,F-(807호 생산 Line),21.9,54.1
2026-06-18T07:00:00Z,G-(401호 기구창고),25.1,61.0
2026-06-18T08:00:00Z,A-(401호 회로창고 1),21.8,60.6
2026-06-18T08:00:00Z,B-(401호 회로창고 2),22.7,51.0
2026-06-18T08:00:00Z,C-(402호 수입검사),24.6,63.1
2026-06-18T08:00:00Z,D-(406호 기구창고),24.3,49.0
2026-06-18T08:00:00Z,E-(408호 OQC),22.5,57.9
2026-06-18T08:00:00Z,F-(807호 생산 Line),21.8,54.3
2026-06-18T08:00:00Z,G-(401호 기구창고),25.2,61.1
2026-06-18T09:00:00Z,A-(401호 회로창고 1),21.7,54.6
2026-06-18T09:00:00Z,B-(401호 회로창고 2),22.7,52.4
2026-06-18T10:00:00Z,A-(401호 회로창고 1),21.5,53.5
2026-06-18T10:00:00Z,B-(401호 회로창고 2),22.4,51.0
2026-06-18T11:00:00Z,A-(401호 회로창고 1),21.6,60.6
2026-06-18T11:00:00Z,B-(401호 회로창고 2),22.3,52.2
2026-06-18T12:00:00Z,A-(401호 회로창고 1),21.5,54.3
2026-06-18T12:00:00Z,B-(401호 회로창고 2),22.3,52.4
2026-06-18T13:00:00Z,A-(401호 회로창고 1),21.6,60.0
2026-06-18T13:00:00Z,B-(401호 회로창고 2),22.2,51.8
2026-06-18T14:00:00Z,A-(401호 회로창고 1),21.5,53.7
2026-06-18T14:00:00Z,B-(401호 회로창고 2),22.2,51.9
2026-06-18T15:00:00Z,A-(401호 회로창고 1),21.5,54.8
2026-06-18T15:00:00Z,B-(401호 회로창고 2),22.1,53.1
2026-06-18T16:00:00Z,A-(401호 회로창고 1),21.7,61.2
2026-06-18T16:00:00Z,B-(401호 회로창고 2),22.1,51.2
2026-06-18T17:00:00Z,A-(401호 회로창고 1),21.5,53.9
2026-06-18T17:00:00Z,B-(401호 회로창고 2),22.2,54.6
2026-06-18T18:00:00Z,A-(401호 회로창고 1),21.7,61.6
2026-06-18T18:00:00Z,B-(401호 회로창고 2),22.1,55.1
2026-06-18T19:00:00Z,A-(401호 회로창고 1),21.5,53.3
2026-06-18T19:00:00Z,B-(401호 회로창고 2),22.1,54.2
2026-06-18T20:00:00Z,A-(401호 회로창고 1),21.5,55.2
2026-06-18T20:00:00Z,B-(401호 회로창고 2),22.1,56.1
2026-06-18T21:00:00Z,A-(401호 회로창고 1),21.5,53.2
2026-06-18T21:00:00Z,B-(401호 회로창고 2),22.1,54.2
2026-06-18T22:00:00Z,A-(401호 회로창고 1),21.6,59.4
2026-06-18T22:00:00Z,B-(401호 회로창고 2),22.1,55.8
2026-06-18T23:00:00Z,A-(401호 회로창고 1),21.6,54.4
2026-06-18T23:00:00Z,B-(401호 회로창고 2),22.1,53.3
2026-06-19T00:00:00Z,A-(401호 회로창고 1),21.9,52.4
2026-06-19T00:00:00Z,B-(401호 회로창고 2),22.3,51.5
2026-06-19T00:00:00Z,C-(402호 수입검사),23.9,64.2
2026-06-19T00:00:00Z,D-(406호 기구창고),25.2,48.9
2026-06-19T00:00:00Z,E-(408호 OQC),22.0,62.1
2026-06-19T00:00:00Z,F-(807호 생산 Line),23.2,53.0
2026-06-19T00:00:00Z,G-(401호 기구창고),24.8,63.6
2026-06-19T01:00:00Z,A-(401호 회로창고 1),22.1,57.0
2026-06-19T01:00:00Z,B-(401호 회로창고 2),22.6,50.3
2026-06-19T01:00:00Z,C-(402호 수입검사),23.8,65.3
2026-06-19T01:00:00Z,D-(406호 기구창고),25.5,49.7
2026-06-19T01:00:00Z,E-(408호 OQC),21.9,63.0
2026-06-19T01:00:00Z,F-(807호 생산 Line),22.7,54.0
2026-06-19T01:00:00Z,G-(401호 기구창고),25.0,64.5
2026-06-19T02:00:00Z,A-(401호 회로창고 1),22.3,54.0
2026-06-19T02:00:00Z,B-(401호 회로창고 2),22.7,53.4
2026-06-19T02:00:00Z,C-(402호 수입검사),23.7,62.4
2026-06-19T02:00:00Z,D-(406호 기구창고),25.2,48.2
2026-06-19T02:00:00Z,E-(408호 OQC),21.9,62.5
2026-06-19T02:00:00Z,F-(807호 생산 Line),22.5,54.6
2026-06-19T02:00:00Z,G-(401호 기구창고),25.1,65.3
2026-06-19T03:00:00Z,A-(401호 회로창고 1),22.2,54.2
2026-06-19T03:00:00Z,B-(401호 회로창고 2),22.8,51.8
2026-06-19T03:00:00Z,C-(402호 수입검사),23.5,60.8
2026-06-19T03:00:00Z,D-(406호 기구창고),25.2,51.1
2026-06-19T03:00:00Z,E-(408호 OQC),21.9,62.6
2026-06-19T03:00:00Z,F-(807호 생산 Line),22.4,55.3
2026-06-19T03:00:00Z,G-(401호 기구창고),25.2,63.8
2026-06-19T04:00:00Z,A-(401호 회로창고 1),22.1,53.0
2026-06-19T04:00:00Z,B-(401호 회로창고 2),22.8,50.5
2026-06-19T04:00:00Z,C-(402호 수입검사),23.4,64.5
2026-06-19T04:00:00Z,D-(406호 기구창고),24.6,48.8
2026-06-19T04:00:00Z,E-(408호 OQC),21.8,61.5
2026-06-19T04:00:00Z,F-(807호 생산 Line),22.3,54.4
2026-06-19T04:00:00Z,G-(401호 기구창고),25.3,63.5
2026-06-19T05:00:00Z,A-(401호 회로창고 1),22.2,59.1
2026-06-19T05:00:00Z,B-(401호 회로창고 2),22.8,54.0
2026-06-19T05:00:00Z,C-(402호 수입검사),23.4,61.8
2026-06-19T05:00:00Z,D-(406호 기구창고),24.7,51.7
2026-06-19T05:00:00Z,E-(408호 OQC),22.0,64.2
2026-06-19T05:00:00Z,F-(807호 생산 Line),22.2,54.9
2026-06-19T05:00:00Z,G-(401호 기구창고),25.3,62.5
2026-06-19T06:00:00Z,A-(401호 회로창고 1),22.2,53.5
2026-06-19T06:00:00Z,B-(401호 회로창고 2),22.9,49.6
2026-06-19T06:00:00Z,C-(402호 수입검사),23.3,64.1
2026-06-19T06:00:00Z,D-(406호 기구창고),24.7,53.2
2026-06-19T06:00:00Z,E-(408호 OQC),21.8,62.6
2026-06-19T06:00:00Z,F-(807호 생산 Line),22.3,54.9
2026-06-19T06:00:00Z,G-(401호 기구창고),25.5,62.5
2026-06-19T07:00:00Z,A-(401호 회로창고 1),22.2,54.3
2026-06-19T07:00:00Z,B-(401호 회로창고 2),22.9,51.3
2026-06-19T07:00:00Z,C-(402호 수입검사),23.7,68.0
2026-06-19T07:00:00Z,D-(406호 기구창고),23.9,52.4
2026-06-19T07:00:00Z,E-(408호 OQC),21.7,62.2
2026-06-19T07:00:00Z,F-(807호 생산 Line),22.1,55.6
2026-06-19T07:00:00Z,G-(401호 기구창고),25.5,62.9
2026-06-19T08:00:00Z,A-(401호 회로창고 1),22.1,55.7
2026-06-19T08:00:00Z,B-(401호 회로창고 2),22.8,49.9
2026-06-19T08:00:00Z,C-(402호 수입검사),23.7,67.5
2026-06-19T08:00:00Z,D-(406호 기구창고),23.8,52.3
2026-06-19T08:00:00Z,E-(408호 OQC),22.1,61.8
2026-06-19T08:00:00Z,F-(807호 생산 Line),22.1,55.8
2026-06-19T08:00:00Z,G-(401호 기구창고),25.3,62.9
2026-06-19T09:00:00Z,A-(401호 회로창고 1),22.0,52.8
2026-06-19T09:00:00Z,B-(401호 회로창고 2),22.7,50.8
2026-06-19T10:00:00Z,A-(401호 회로창고 1),22.0,52.9
2026-06-19T10:00:00Z,B-(401호 회로창고 2),22.6,53.4
2026-06-19T11:00:00Z,A-(401호 회로창고 1),22.1,54.8
2026-06-19T11:00:00Z,B-(401호 회로창고 2),22.4,50.3
2026-06-19T12:00:00Z,A-(401호 회로창고 1),22.1,58.7
2026-06-19T12:00:00Z,B-(401호 회로창고 2),22.4,50.9
2026-06-19T13:00:00Z,A-(401호 회로창고 1),22.1,53.6
2026-06-19T13:00:00Z,B-(401호 회로창고 2),22.5,52.3
2026-06-19T14:00:00Z,A-(401호 회로창고 1),22.1,53.7
2026-06-19T14:00:00Z,B-(401호 회로창고 2),22.4,53.5
2026-06-19T15:00:00Z,A-(401호 회로창고 1),22.1,58.5
2026-06-19T15:00:00Z,B-(401호 회로창고 2),22.4,51.0
2026-06-19T16:00:00Z,A-(401호 회로창고 1),22.0,53.1
2026-06-19T16:00:00Z,B-(401호 회로창고 2),22.4,51.8
2026-06-19T17:00:00Z,A-(401호 회로창고 1),21.9,52.6
2026-06-19T17:00:00Z,B-(401호 회로창고 2),22.4,54.1
2026-06-19T18:00:00Z,A-(401호 회로창고 1),21.9,55.6
2026-06-19T18:00:00Z,B-(401호 회로창고 2),22.3,52.7
2026-06-19T19:00:00Z,A-(401호 회로창고 1),22.0,57.9
2026-06-19T19:00:00Z,B-(401호 회로창고 2),22.3,51.6
2026-06-19T20:00:00Z,A-(401호 회로창고 1),22.1,53.7
2026-06-19T20:00:00Z,B-(401호 회로창고 2),22.3,53.1
2026-06-19T21:00:00Z,A-(401호 회로창고 1),22.0,53.2
2026-06-19T21:00:00Z,B-(401호 회로창고 2),22.3,52.7
2026-06-19T22:00:00Z,A-(401호 회로창고 1),22.2,56.8
2026-06-19T22:00:00Z,B-(401호 회로창고 2),22.3,55.4
2026-06-19T23:00:00Z,A-(401호 회로창고 1),22.0,55.4
2026-06-19T23:00:00Z,B-(401호 회로창고 2),22.3,51.9
2026-06-20T00:00:00Z,A-(401호 회로창고 1),21.9,52.1
2026-06-20T00:00:00Z,B-(401호 회로창고 2),22.3,55.0
2026-06-20T01:00:00Z,A-(401호 회로창고 1),22.0,57.2
2026-06-20T01:00:00Z,B-(401호 회로창고 2),22.3,51.8
2026-06-20T02:00:00Z,A-(401호 회로창고 1),22.0,57.9
2026-06-20T02:00:00Z,B-(401호 회로창고 2),22.3,51.5
2026-06-20T03:00:00Z,A-(401호 회로창고 1),22.1,54.3
2026-06-20T03:00:00Z,B-(401호 회로창고 2),22.3,53.4
2026-06-20T04:00:00Z,A-(401호 회로창고 1),22.0,53.0
2026-06-20T04:00:00Z,B-(401호 회로창고 2),22.3,53.9
2026-06-20T05:00:00Z,A-(401호 회로창고 1),22.1,57.9
2026-06-20T05:00:00Z,B-(401호 회로창고 2),22.4,55.4
2026-06-20T06:00:00Z,A-(401호 회로창고 1),22.0,57.5
2026-06-20T06:00:00Z,B-(401호 회로창고 2),22.3,51.9
2026-06-20T07:00:00Z,A-(401호 회로창고 1),22.1,54.8
2026-06-20T07:00:00Z,B-(401호 회로창고 2),22.3,53.8
2026-06-20T08:00:00Z,A-(401호 회로창고 1),22.0,52.9
2026-06-20T08:00:00Z,B-(401호 회로창고 2),22.3,53.5
2026-06-20T09:00:00Z,A-(401호 회로창고 1),22.1,56.9
2026-06-20T09:00:00Z,B-(401호 회로창고 2),22.4,55.3
2026-06-20T10:00:00Z,A-(401호 회로창고 1),22.0,58.0
2026-06-20T10:00:00Z,B-(401호 회로창고 2),22.3,51.5
2026-06-20T11:00:00Z,A-(401호 회로창고 1),22.1,54.6
2026-06-20T11:00:00Z,B-(401호 회로창고 2),22.3,53.8
2026-06-20T12:00:00Z,A-(401호 회로창고 1),22.0,52.8
2026-06-20T12:00:00Z,B-(401호 회로창고 2),22.2,52.7
2026-06-20T13:00:00Z,A-(401호 회로창고 1),22.1,55.8
2026-06-20T13:00:00Z,B-(401호 회로창고 2),22.2,51.6
2026-06-20T14:00:00Z,A-(401호 회로창고 1),22.1,59.4
2026-06-20T14:00:00Z,B-(401호 회로창고 2),22.2,52.1
2026-06-20T15:00:00Z,A-(401호 회로창고 1),22.0,53.0
2026-06-20T15:00:00Z,B-(401호 회로창고 2),22.2,53.2
2026-06-20T16:00:00Z,A-(401호 회로창고 1),22.0,52.6
2026-06-20T16:00:00Z,B-(401호 회로창고 2),22.2,52.4
2026-06-20T17:00:00Z,A-(401호 회로창고 1),21.9,55.3
2026-06-20T17:00:00Z,B-(401호 회로창고 2),22.2,55.1
2026-06-20T18:00:00Z,A-(401호 회로창고 1),22.0,58.3
2026-06-20T18:00:00Z,B-(401호 회로창고 2),22.2,55.6
2026-06-20T19:00:00Z,A-(401호 회로창고 1),22.0,53.4
2026-06-20T19:00:00Z,B-(401호 회로창고 2),22.2,53.7
2026-06-20T20:00:00Z,A-(401호 회로창고 1),21.9,52.3
2026-06-20T20:00:00Z,B-(401호 회로창고 2),22.1,52.5
2026-06-20T21:00:00Z,A-(401호 회로창고 1),22.1,54.8
2026-06-20T21:00:00Z,B-(401호 회로창고 2),22.1,54.3
2026-06-20T22:00:00Z,A-(401호 회로창고 1),22.0,58.4
2026-06-20T22:00:00Z,B-(401호 회로창고 2),22.1,51.8
2026-06-20T23:00:00Z,A-(401호 회로창고 1),22.0,54.5
2026-06-20T23:00:00Z,B-(401호 회로창고 2),22.2,54.3
2026-06-21T00:00:00Z,A-(401호 회로창고 1),22.1,54.1
2026-06-21T00:00:00Z,B-(401호 회로창고 2),22.2,54.9
2026-06-21T01:00:00Z,A-(401호 회로창고 1),22.1,59.4
2026-06-21T01:00:00Z,B-(401호 회로창고 2),22.3,55.3
2026-06-21T02:00:00Z,A-(401호 회로창고 1),22.0,53.5
2026-06-21T02:00:00Z,B-(401호 회로창고 2),22.3,53.2
2026-06-21T03:00:00Z,A-(401호 회로창고 1),22.0,53.4
2026-06-21T03:00:00Z,B-(401호 회로창고 2),22.3,53.9
2026-06-21T04:00:00Z,A-(401호 회로창고 1),22.1,58.0
2026-06-21T04:00:00Z,B-(401호 회로창고 2),22.3,51.1
2026-06-21T05:00:00Z,A-(401호 회로창고 1),22.0,52.9
2026-06-21T05:00:00Z,B-(401호 회로창고 2),22.4,52.1
2026-06-21T06:00:00Z,A-(401호 회로창고 1),22.0,53.1
2026-06-21T06:00:00Z,B-(401호 회로창고 2),22.4,54.1
2026-06-21T07:00:00Z,A-(401호 회로창고 1),22.1,59.1
2026-06-21T07:00:00Z,B-(401호 회로창고 2),22.3,50.5
2026-06-21T08:00:00Z,A-(401호 회로창고 1),22.0,53.1
2026-06-21T08:00:00Z,B-(401호 회로창고 2),22.4,52.1
2026-06-21T09:00:00Z,A-(401호 회로창고 1),22.0,52.9
2026-06-21T09:00:00Z,B-(401호 회로창고 2),22.4,53.8
2026-06-21T10:00:00Z,A-(401호 회로창고 1),22.1,57.1
2026-06-21T10:00:00Z,B-(401호 회로창고 2),22.3,51.0
2026-06-21T11:00:00Z,A-(401호 회로창고 1),22.0,55.4
2026-06-21T11:00:00Z,B-(401호 회로창고 2),22.3,51.8
2026-06-21T12:00:00Z,A-(401호 회로창고 1),21.9,52.3
2026-06-21T12:00:00Z,B-(401호 회로창고 2),22.3,54.5
2026-06-21T13:00:00Z,A-(401호 회로창고 1),22.1,54.8
2026-06-21T13:00:00Z,B-(401호 회로창고 2),22.3,53.3
2026-06-21T14:00:00Z,A-(401호 회로창고 1),22.0,57.8
2026-06-21T14:00:00Z,B-(401호 회로창고 2),22.2,51.6
2026-06-21T15:00:00Z,A-(401호 회로창고 1),22.0,53.9
2026-06-21T15:00:00Z,B-(401호 회로창고 2),22.3,53.5
2026-06-21T16:00:00Z,A-(401호 회로창고 1),22.0,53.5
2026-06-21T16:00:00Z,B-(401호 회로창고 2),22.2,54.6
2026-06-21T17:00:00Z,A-(401호 회로창고 1),22.1,56.3
2026-06-21T17:00:00Z,B-(401호 회로창고 2),22.2,51.2
2026-06-21T18:00:00Z,A-(401호 회로창고 1),22.0,57.3
2026-06-21T18:00:00Z,B-(401호 회로창고 2),22.2,52.1
2026-06-21T19:00:00Z,A-(401호 회로창고 1),22.1,54.6
2026-06-21T19:00:00Z,B-(401호 회로창고 2),22.2,54.2
2026-06-21T20:00:00Z,A-(401호 회로창고 1),22.0,53.4
2026-06-21T20:00:00Z,B-(401호 회로창고 2),22.2,54.2
2026-06-21T21:00:00Z,A-(401호 회로창고 1),22.1,58.4
2026-06-21T21:00:00Z,B-(401호 회로창고 2),22.2,55.8
2026-06-21T22:00:00Z,A-(401호 회로창고 1),21.9,55.1
2026-06-21T22:00:00Z,B-(401호 회로창고 2),22.2,52.3
2026-06-21T23:00:00Z,A-(401호 회로창고 1),21.9,52.4
2026-06-21T23:00:00Z,B-(401호 회로창고 2),22.2,52.6
2026-06-22T00:00:00Z,A-(401호 회로창고 1),22.2,55.8
2026-06-22T00:00:00Z,B-(401호 회로창고 2),22.2,51.7
2026-06-22T00:00:00Z,C-(402호 수입검사),23.9,62.5
2026-06-22T00:00:00Z,D-(406호 기구창고),22.2,52.3
2026-06-22T00:00:00Z,E-(408호 OQC),21.5,58.4
2026-06-22T00:00:00Z,F-(807호 생산 Line),21.8,51.2
2026-06-22T00:00:00Z,G-(401호 기구창고),24.4,64.1
2026-06-22T01:00:00Z,A-(401호 회로창고 1),22.1,53.0
2026-06-22T01:00:00Z,B-(401호 회로창고 2),22.4,52.1
2026-06-22T01:00:00Z,C-(402호 수입검사),24.0,67.1
2026-06-22T01:00:00Z,D-(406호 기구창고),22.1,52.6
2026-06-22T01:00:00Z,E-(408호 OQC),21.9,63.1
2026-06-22T01:00:00Z,F-(807호 생산 Line),21.8,52.6
2026-06-22T01:00:00Z,G-(401호 기구창고),24.5,63.8
2026-06-22T02:00:00Z,A-(401호 회로창고 1),22.3,53.9
2026-06-22T02:00:00Z,B-(401호 회로창고 2),22.5,53.5
2026-06-22T02:00:00Z,C-(402호 수입검사),24.0,67.4
2026-06-22T02:00:00Z,D-(406호 기구창고),22.0,55.6
2026-06-22T02:00:00Z,E-(408호 OQC),22.1,65.6
2026-06-22T02:00:00Z,F-(807호 생산 Line),21.8,52.3
2026-06-22T02:00:00Z,G-(401호 기구창고),24.6,64.2
2026-06-22T03:00:00Z,A-(401호 회로창고 1),22.4,59.2
2026-06-22T03:00:00Z,B-(401호 회로창고 2),22.6,50.5
2026-06-22T03:00:00Z,C-(402호 수입검사),23.8,65.9
2026-06-22T03:00:00Z,D-(406호 기구창고),22.7,55.4
2026-06-22T03:00:00Z,E-(408호 OQC),22.4,67.9
2026-06-22T03:00:00Z,F-(807호 생산 Line),21.8,52.9
2026-06-22T03:00:00Z,G-(401호 기구창고),24.7,64.1
2026-06-22T04:00:00Z,A-(401호 회로창고 1),22.1,53.4
2026-06-22T04:00:00Z,B-(401호 회로창고 2),22.7,51.9
2026-06-22T04:00:00Z,C-(402호 수입검사),23.7,66.5
2026-06-22T04:00:00Z,D-(406호 기구창고),22.2,52.9
2026-06-22T04:00:00Z,E-(408호 OQC),22.5,65.9
2026-06-22T04:00:00Z,F-(807호 생산 Line),21.7,51.6
2026-06-22T04:00:00Z,G-(401호 기구창고),24.7,64.3
2026-06-22T05:00:00Z,A-(401호 회로창고 1),22.2,58.0
2026-06-22T05:00:00Z,B-(401호 회로창고 2),22.7,50.0
2026-06-22T05:00:00Z,C-(402호 수입검사),23.6,66.6
2026-06-22T05:00:00Z,D-(406호 기구창고),22.1,56.6
2026-06-22T05:00:00Z,E-(408호 OQC),22.6,68.6
2026-06-22T05:00:00Z,F-(807호 생산 Line),21.6,52.1
2026-06-22T05:00:00Z,G-(401호 기구창고),24.8,63.9
2026-06-22T06:00:00Z,A-(401호 회로창고 1),22.1,52.8
2026-06-22T06:00:00Z,B-(401호 회로창고 2),22.8,50.6
2026-06-22T06:00:00Z,C-(402호 수입검사),23.7,66.9
2026-06-22T06:00:00Z,D-(406호 기구창고),22.4,56.1
2026-06-22T06:00:00Z,E-(408호 OQC),22.5,68.9
2026-06-22T06:00:00Z,F-(807호 생산 Line),21.6,52.0
2026-06-22T06:00:00Z,G-(401호 기구창고),24.9,63.9
2026-06-22T07:00:00Z,A-(401호 회로창고 1),22.3,58.6
2026-06-22T07:00:00Z,B-(401호 회로창고 2),22.8,52.0
2026-06-22T07:00:00Z,C-(402호 수입검사),23.5,64.5
2026-06-22T07:00:00Z,D-(406호 기구창고),22.6,58.3
2026-06-22T07:00:00Z,E-(408호 OQC),22.4,68.1
2026-06-22T07:00:00Z,F-(807호 생산 Line),21.6,52.4
2026-06-22T07:00:00Z,G-(401호 기구창고),24.9,63.6
2026-06-22T08:00:00Z,A-(401호 회로창고 1),22.0,52.2
2026-06-22T08:00:00Z,B-(401호 회로창고 2),22.7,50.3
2026-06-22T08:00:00Z,C-(402호 수입검사),23.8,66.8
2026-06-22T08:00:00Z,D-(406호 기구창고),22.5,57.5
2026-06-22T08:00:00Z,E-(408호 OQC),22.6,68.8
2026-06-22T08:00:00Z,F-(807호 생산 Line),21.5,52.4
2026-06-22T08:00:00Z,G-(401호 기구창고),25.0,63.3
2026-06-22T09:00:00Z,A-(401호 회로창고 1),22.0,52.6
2026-06-22T09:00:00Z,B-(401호 회로창고 2),22.6,53.5
2026-06-22T10:00:00Z,A-(401호 회로창고 1),22.1,54.7
2026-06-22T10:00:00Z,B-(401호 회로창고 2),22.4,51.1
2026-06-22T11:00:00Z,A-(401호 회로창고 1),22.1,60.0
2026-06-22T11:00:00Z,B-(401호 회로창고 2),22.4,50.9
2026-06-22T12:00:00Z,A-(401호 회로창고 1),22.0,52.7
2026-06-22T12:00:00Z,B-(401호 회로창고 2),22.4,52.1
2026-06-22T13:00:00Z,A-(401호 회로창고 1),22.0,52.4
2026-06-22T13:00:00Z,B-(401호 회로창고 2),22.4,54.3
2026-06-22T14:00:00Z,A-(401호 회로창고 1),22.1,54.3
2026-06-22T14:00:00Z,B-(401호 회로창고 2),22.3,53.5
2026-06-22T15:00:00Z,A-(401호 회로창고 1),22.1,60.0
2026-06-22T15:00:00Z,B-(401호 회로창고 2),22.3,51.3
2026-06-22T16:00:00Z,A-(401호 회로창고 1),22.0,53.2
2026-06-22T16:00:00Z,B-(401호 회로창고 2),22.3,52.9
2026-06-22T17:00:00Z,A-(401호 회로창고 1),22.0,52.1
2026-06-22T17:00:00Z,B-(401호 회로창고 2),22.3,54.7
2026-06-22T18:00:00Z,A-(401호 회로창고 1),22.1,53.4
2026-06-22T18:00:00Z,B-(401호 회로창고 2),22.2,53.4
2026-06-22T19:00:00Z,A-(401호 회로창고 1),22.1,59.7
2026-06-22T19:00:00Z,B-(401호 회로창고 2),22.3,55.3
2026-06-22T20:00:00Z,A-(401호 회로창고 1),22.0,53.0
2026-06-22T20:00:00Z,B-(401호 회로창고 2),22.2,53.0
2026-06-22T21:00:00Z,A-(401호 회로창고 1),22.0,52.5
2026-06-22T21:00:00Z,B-(401호 회로창고 2),22.2,52.6
2026-06-22T22:00:00Z,A-(401호 회로창고 1),22.1,56.1
2026-06-22T22:00:00Z,B-(401호 회로창고 2),22.3,55.3
2026-06-22T23:00:00Z,A-(401호 회로창고 1),22.0,57.8
2026-06-22T23:00:00Z,B-(401호 회로창고 2),22.2,52.1
2026-06-23T00:00:00Z,A-(401호 회로창고 1),22.1,54.5
2026-06-23T00:00:00Z,B-(401호 회로창고 2),22.4,53.6
2026-06-23T00:00:00Z,C-(402호 수입검사),24.1,66.0
2026-06-23T00:00:00Z,D-(406호 기구창고),24.9,51.8
2026-06-23T00:00:00Z,E-(408호 OQC),22.5,62.1
2026-06-23T00:00:00Z,F-(807호 생산 Line),21.5,52.4
2026-06-23T00:00:00Z,G-(401호 기구창고),24.5,64.9
2026-06-23T01:00:00Z,A-(401호 회로창고 1),22.2,54.2
2026-06-23T01:00:00Z,B-(401호 회로창고 2),22.6,51.9
2026-06-23T01:00:00Z,C-(402호 수입검사),23.8,64.1
2026-06-23T01:00:00Z,D-(406호 기구창고),24.6,52.1
2026-06-23T01:00:00Z,E-(408호 OQC),22.1,60.8
2026-06-23T01:00:00Z,F-(807호 생산 Line),21.5,52.9
2026-06-23T01:00:00Z,G-(401호 기구창고),22.1,59.4
2026-06-23T02:00:00Z,A-(401호 회로창고 1),22.1,58.7
2026-06-23T02:00:00Z,B-(401호 회로창고 2),22.7,50.1
2026-06-23T02:00:00Z,C-(402호 수입검사),23.8,64.5
2026-06-23T02:00:00Z,D-(406호 기구창고),23.8,53.7
2026-06-23T02:00:00Z,E-(408호 OQC),22.0,60.3
2026-06-23T02:00:00Z,F-(807호 생산 Line),21.4,53.0
2026-06-23T02:00:00Z,G-(401호 기구창고),22.0,67.2
2026-06-23T03:00:00Z,A-(401호 회로창고 1),22.2,54.2
2026-06-23T03:00:00Z,B-(401호 회로창고 2),22.7,52.1
2026-06-23T03:00:00Z,C-(402호 수입검사),23.7,60.5
2026-06-23T03:00:00Z,D-(406호 기구창고),22.4,54.6
2026-06-23T03:00:00Z,E-(408호 OQC),22.1,59.5
2026-06-23T03:00:00Z,F-(807호 생산 Line),21.4,52.4
2026-06-23T03:00:00Z,G-(401호 기구창고),21.9,66.8
2026-06-23T04:00:00Z,A-(401호 회로창고 1),22.2,55.0
2026-06-23T04:00:00Z,B-(401호 회로창고 2),22.7,50.7
2026-06-23T04:00:00Z,C-(402호 수입검사),23.3,61.1
2026-06-23T04:00:00Z,D-(406호 기구창고),21.7,55.0
2026-06-23T04:00:00Z,E-(408호 OQC),21.9,58.0
2026-06-23T04:00:00Z,F-(807호 생산 Line),21.3,51.2
2026-06-23T04:00:00Z,G-(401호 기구창고),22.3,64.4
2026-06-23T05:00:00Z,A-(401호 회로창고 1),22.1,53.1
2026-06-23T05:00:00Z,B-(401호 회로창고 2),22.8,51.0
2026-06-23T05:00:00Z,C-(402호 수입검사),23.5,59.7
2026-06-23T05:00:00Z,D-(406호 기구창고),21.7,55.7
2026-06-23T05:00:00Z,E-(408호 OQC),21.8,58.4
2026-06-23T05:00:00Z,F-(807호 생산 Line),21.1,51.7
2026-06-23T05:00:00Z,G-(401호 기구창고),22.0,66.2
2026-06-23T06:00:00Z,A-(401호 회로창고 1),22.3,57.3
2026-06-23T06:00:00Z,B-(401호 회로창고 2),22.7,52.8
2026-06-23T06:00:00Z,C-(402호 수입검사),23.4,58.7
2026-06-23T06:00:00Z,D-(406호 기구창고),21.4,53.8
2026-06-23T06:00:00Z,E-(408호 OQC),21.5,56.5
2026-06-23T06:00:00Z,F-(807호 생산 Line),21.3,52.1
2026-06-23T06:00:00Z,G-(401호 기구창고),24.3,55.7
2026-06-23T07:00:00Z,A-(401호 회로창고 1),22.1,55.0
2026-06-23T07:00:00Z,B-(401호 회로창고 2),22.7,54.0
2026-06-23T07:00:00Z,C-(402호 수입검사),23.4,57.1
2026-06-23T07:00:00Z,D-(406호 기구창고),21.3,53.1
2026-06-23T07:00:00Z,E-(408호 OQC),21.6,56.3
2026-06-23T07:00:00Z,F-(807호 생산 Line),21.3,52.3
2026-06-23T07:00:00Z,G-(401호 기구창고),22.5,62.7
2026-06-23T08:00:00Z,A-(401호 회로창고 1),22.1,54.7
2026-06-23T08:00:00Z,B-(401호 회로창고 2),22.6,52.7
2026-06-23T08:00:00Z,C-(402호 수입검사),23.7,55.5
2026-06-23T08:00:00Z,D-(406호 기구창고),21.5,52.0
2026-06-23T08:00:00Z,E-(408호 OQC),22.0,55.4
2026-06-23T08:00:00Z,F-(807호 생산 Line),21.4,51.3
2026-06-23T08:00:00Z,G-(401호 기구창고),21.9,62.9
2026-06-23T09:00:00Z,A-(401호 회로창고 1),21.8,53.2
2026-06-23T09:00:00Z,B-(401호 회로창고 2),22.3,51.3
2026-06-23T10:00:00Z,A-(401호 회로창고 1),22.0,57.0
2026-06-23T10:00:00Z,B-(401호 회로창고 2),22.2,50.8
2026-06-23T11:00:00Z,A-(401호 회로창고 1),22.0,53.7
2026-06-23T11:00:00Z,B-(401호 회로창고 2),22.3,53.0
2026-06-23T12:00:00Z,A-(401호 회로창고 1),21.9,52.7
2026-06-23T12:00:00Z,B-(401호 회로창고 2),22.2,51.7
2026-06-23T13:00:00Z,A-(401호 회로창고 1),22.0,57.6
2026-06-23T13:00:00Z,B-(401호 회로창고 2),22.2,56.4
2026-06-23T14:00:00Z,A-(401호 회로창고 1),21.9,53.6
2026-06-23T14:00:00Z,B-(401호 회로창고 2),22.2,53.2
2026-06-23T15:00:00Z,A-(401호 회로창고 1),22.0,58.0
2026-06-23T15:00:00Z,B-(401호 회로창고 2),22.0,50.8
2026-06-23T16:00:00Z,A-(401호 회로창고 1),21.9,53.4
2026-06-23T16:00:00Z,B-(401호 회로창고 2),22.1,53.0
2026-06-23T17:00:00Z,A-(401호 회로창고 1),21.8,55.3
2026-06-23T17:00:00Z,B-(401호 회로창고 2),22.0,51.6
2026-06-23T18:00:00Z,A-(401호 회로창고 1),22.0,54.7
2026-06-23T18:00:00Z,B-(401호 회로창고 2),22.1,54.8
2026-06-23T19:00:00Z,A-(401호 회로창고 1),21.8,52.7
2026-06-23T19:00:00Z,B-(401호 회로창고 2),22.0,52.4
2026-06-23T20:00:00Z,A-(401호 회로창고 1),22.0,59.0
2026-06-23T20:00:00Z,B-(401호 회로창고 2),22.0,57.1
2026-06-23T21:00:00Z,A-(401호 회로창고 1),21.8,52.5
2026-06-23T21:00:00Z,B-(401호 회로창고 2),21.9,51.9
2026-06-23T22:00:00Z,A-(401호 회로창고 1),22.0,59.4
2026-06-23T22:00:00Z,B-(401호 회로창고 2),22.0,57.8
2026-06-23T23:00:00Z,A-(401호 회로창고 1),21.8,52.7
2026-06-23T23:00:00Z,B-(401호 회로창고 2),21.9,52.6
2026-06-24T00:00:00Z,A-(401호 회로창고 1),22.1,54.7
2026-06-24T00:00:00Z,B-(401호 회로창고 2),22.3,54.7
2026-06-24T00:00:00Z,C-(402호 수입검사),24.1,55.4
2026-06-24T00:00:00Z,D-(406호 기구창고),23.6,50.1
2026-06-24T00:00:00Z,E-(408호 OQC),21.9,56.1
2026-06-24T00:00:00Z,F-(807호 생산 Line),21.5,48.7
2026-06-24T00:00:00Z,G-(401호 기구창고),22.7,60.3
2026-06-24T01:00:00Z,A-(401호 회로창고 1),21.8,52.8
2026-06-24T01:00:00Z,B-(401호 회로창고 2),22.4,51.6
2026-06-24T01:00:00Z,C-(402호 수입검사),23.8,55.5
2026-06-24T01:00:00Z,D-(406호 기구창고),23.3,50.2
2026-06-24T01:00:00Z,E-(408호 OQC),21.8,57.1
2026-06-24T01:00:00Z,F-(807호 생산 Line),21.2,49.3
2026-06-24T01:00:00Z,G-(401호 기구창고),22.7,60.6
2026-06-24T02:00:00Z,A-(401호 회로창고 1),22.0,58.4
2026-06-24T02:00:00Z,B-(401호 회로창고 2),22.5,54.6
2026-06-24T02:00:00Z,C-(402호 수입검사),23.8,54.0
2026-06-24T02:00:00Z,D-(406호 기구창고),23.1,49.7
2026-06-24T02:00:00Z,E-(408호 OQC),21.8,55.4
2026-06-24T02:00:00Z,F-(807호 생산 Line),21.2,50.0
2026-06-24T02:00:00Z,G-(401호 기구창고),23.1,60.3
2026-06-24T03:00:00Z,A-(401호 회로창고 1),21.9,52.4
2026-06-24T03:00:00Z,B-(401호 회로창고 2),22.5,51.0
2026-06-24T03:00:00Z,C-(402호 수입검사),23.7,55.1
2026-06-24T03:00:00Z,D-(406호 기구창고),22.4,51.0
2026-06-24T03:00:00Z,E-(408호 OQC),21.8,55.6
2026-06-24T03:00:00Z,F-(807호 생산 Line),21.1,50.1
2026-06-24T03:00:00Z,G-(401호 기구창고),23.3,59.6
2026-06-24T04:00:00Z,A-(401호 회로창고 1),22.0,59.7
2026-06-24T04:00:00Z,B-(401호 회로창고 2),22.6,52.9
2026-06-24T04:00:00Z,C-(402호 수입검사),23.7,55.7
2026-06-24T04:00:00Z,D-(406호 기구창고),22.3,51.0
2026-06-24T04:00:00Z,E-(408호 OQC),21.9,57.5
2026-06-24T04:00:00Z,F-(807호 생산 Line),21.2,48.9
2026-06-24T04:00:00Z,G-(401호 기구창고),23.5,59.3
2026-06-24T05:00:00Z,A-(401호 회로창고 1),22.0,53.4
2026-06-24T05:00:00Z,B-(401호 회로창고 2),22.5,52.0
2026-06-24T05:00:00Z,C-(402호 수입검사),23.6,55.6
2026-06-24T05:00:00Z,D-(406호 기구창고),22.7,50.7
2026-06-24T05:00:00Z,E-(408호 OQC),21.8,56.7
2026-06-24T05:00:00Z,F-(807호 생산 Line),21.1,50.2
2026-06-24T05:00:00Z,G-(401호 기구창고),23.6,59.3
2026-06-24T06:00:00Z,A-(401호 회로창고 1),22.1,56.4
2026-06-24T06:00:00Z,B-(401호 회로창고 2),22.5,50.4
2026-06-24T06:00:00Z,C-(402호 수입검사),23.5,57.6
2026-06-24T06:00:00Z,D-(406호 기구창고),23.0,50.3
2026-06-24T06:00:00Z,E-(408호 OQC),21.7,55.0
2026-06-24T06:00:00Z,F-(807호 생산 Line),21.1,51.1
2026-06-24T06:00:00Z,G-(401호 기구창고),24.0,52.4
2026-06-24T07:00:00Z,A-(401호 회로창고 1),22.0,52.7
2026-06-24T07:00:00Z,B-(401호 회로창고 2),22.6,51.1
2026-06-24T07:00:00Z,C-(402호 수입검사),23.7,57.8
2026-06-24T07:00:00Z,D-(406호 기구창고),23.0,51.0
2026-06-24T07:00:00Z,E-(408호 OQC),21.6,57.2
2026-06-24T07:00:00Z,F-(807호 생산 Line),21.2,51.2
2026-06-24T07:00:00Z,G-(401호 기구창고),21.7,53.3
2026-06-24T08:00:00Z,A-(401호 회로창고 1),21.9,52.5
2026-06-24T08:00:00Z,B-(401호 회로창고 2),22.7,54.5
2026-06-24T08:00:00Z,C-(402호 수입검사),23.8,58.1
2026-06-24T08:00:00Z,D-(406호 기구창고),23.4,51.5
2026-06-24T08:00:00Z,E-(408호 OQC),21.8,56.1
2026-06-24T08:00:00Z,F-(807호 생산 Line),21.1,51.9
2026-06-24T08:00:00Z,G-(401호 기구창고),22.3,53.1
2026-06-24T09:00:00Z,A-(401호 회로창고 1),22.1,57.2
2026-06-24T09:00:00Z,B-(401호 회로창고 2),22.4,55.2
2026-06-24T10:00:00Z,A-(401호 회로창고 1),21.9,53.3
2026-06-24T10:00:00Z,B-(401호 회로창고 2),22.3,52.1
2026-06-24T11:00:00Z,A-(401호 회로창고 1),22.0,53.4
2026-06-24T11:00:00Z,B-(401호 회로창고 2),22.3,53.2
2026-06-24T13:00:00Z,A-(401호 회로창고 1),22.0,53.6
2026-06-24T13:00:00Z,B-(401호 회로창고 2),22.3,53.1
2026-06-24T14:00:00Z,A-(401호 회로창고 1),21.9,53.1
2026-06-24T14:00:00Z,B-(401호 회로창고 2),22.2,54.8
2026-06-24T15:00:00Z,A-(401호 회로창고 1),22.1,58.5
2026-06-24T15:00:00Z,B-(401호 회로창고 2),22.2,56.4
2026-06-24T16:00:00Z,A-(401호 회로창고 1),21.9,55.9
2026-06-24T16:00:00Z,B-(401호 회로창고 2),22.2,52.5
2026-06-24T17:00:00Z,A-(401호 회로창고 1),21.9,52.2
2026-06-24T17:00:00Z,B-(401호 회로창고 2),22.1,51.9
2026-06-24T18:00:00Z,A-(401호 회로창고 1),21.9,57.4
2026-06-24T18:00:00Z,B-(401호 회로창고 2),22.1,53.8
2026-06-24T19:00:00Z,A-(401호 회로창고 1),22.0,59.0
2026-06-24T19:00:00Z,B-(401호 회로창고 2),22.1,51.3
2026-06-24T20:00:00Z,A-(401호 회로창고 1),22.0,54.0
2026-06-24T20:00:00Z,B-(401호 회로창고 2),22.2,53.6
2026-06-24T21:00:00Z,A-(401호 회로창고 1),21.9,53.1
2026-06-24T21:00:00Z,B-(401호 회로창고 2),22.1,53.0
2026-06-24T22:00:00Z,A-(401호 회로창고 1),22.1,58.4
2026-06-24T22:00:00Z,B-(401호 회로창고 2),22.1,55.9
2026-06-24T23:00:00Z,A-(401호 회로창고 1),21.9,55.6
2026-06-24T23:00:00Z,B-(401호 회로창고 2),22.1,52.0
2026-06-25T00:00:00Z,A-(401호 회로창고 1),22.1,55.0
2026-06-25T00:00:00Z,B-(401호 회로창고 2),22.3,54.5
2026-06-25T00:00:00Z,C-(402호 수입검사),23.9,56.6
2026-06-25T00:00:00Z,D-(406호 기구창고),23.3,51.7
2026-06-25T00:00:00Z,E-(408호 OQC),21.8,59.6
2026-06-25T00:00:00Z,F-(807호 생산 Line),22.0,48.7
2026-06-25T00:00:00Z,G-(401호 기구창고),23.2,58.7
2026-06-25T01:00:00Z,A-(401호 회로창고 1),21.9,52.6
2026-06-25T01:00:00Z,B-(401호 회로창고 2),22.5,53.8
2026-06-25T01:00:00Z,C-(402호 수입검사),23.9,58.6
2026-06-25T01:00:00Z,D-(406호 기구창고),22.8,51.9
2026-06-25T01:00:00Z,E-(408호 OQC),21.8,60.5
2026-06-25T01:00:00Z,F-(807호 생산 Line),21.3,49.4
2026-06-25T01:00:00Z,G-(401호 기구창고),20.7,56.5
2026-06-25T02:00:00Z,A-(401호 회로창고 1),22.0,53.2
2026-06-25T02:00:00Z,B-(401호 회로창고 2),22.6,52.5
2026-06-25T02:00:00Z,C-(402호 수입검사),23.9,59.3
2026-06-25T02:00:00Z,D-(406호 기구창고),22.7,54.1
2026-06-25T02:00:00Z,F-(807호 생산 Line),21.2,49.4
2026-06-25T02:00:00Z,G-(401호 기구창고),19.7,58.1
2026-06-25T03:00:00Z,A-(401호 회로창고 1),22.1,55.9
2026-06-25T03:00:00Z,B-(401호 회로창고 2),22.6,50.2
2026-06-25T03:00:00Z,C-(402호 수입검사),23.8,63.7
2026-06-25T03:00:00Z,D-(406호 기구창고),22.6,53.8
2026-06-25T03:00:00Z,F-(807호 생산 Line),21.3,48.6
2026-06-25T03:00:00Z,G-(401호 기구창고),19.3,58.2
2026-06-25T04:00:00Z,A-(401호 회로창고 1),22.0,59.8
2026-06-25T04:00:00Z,B-(401호 회로창고 2),22.5,50.1
2026-06-25T04:00:00Z,C-(402호 수입검사),25.8,58.5
2026-06-25T04:00:00Z,D-(406호 기구창고),22.5,51.9
2026-06-25T04:00:00Z,F-(807호 생산 Line),21.3,47.8
2026-06-25T04:00:00Z,G-(401호 기구창고),19.1,59.5
2026-06-25T05:00:00Z,A-(401호 회로창고 1),22.0,53.0
2026-06-25T05:00:00Z,B-(401호 회로창고 2),22.6,51.4
2026-06-25T05:00:00Z,C-(402호 수입검사),24.6,61.6
2026-06-25T05:00:00Z,D-(406호 기구창고),22.5,51.8
2026-06-25T05:00:00Z,F-(807호 생산 Line),21.4,49.2
2026-06-25T05:00:00Z,G-(401호 기구창고),18.9,59.0
2026-06-25T06:00:00Z,A-(401호 회로창고 1),22.0,51.8
2026-06-25T06:00:00Z,B-(401호 회로창고 2),22.8,53.2
2026-06-25T06:00:00Z,C-(402호 수입검사),23.8,59.1
2026-06-25T06:00:00Z,D-(406호 기구창고),22.6,54.2
2026-06-25T06:00:00Z,F-(807호 생산 Line),21.4,51.8
2026-06-25T06:00:00Z,G-(401호 기구창고),18.8,59.0
2026-06-25T07:00:00Z,A-(401호 회로창고 1),22.0,55.8
2026-06-25T07:00:00Z,B-(401호 회로창고 2),22.6,52.0
2026-06-25T07:00:00Z,C-(402호 수입검사),23.4,60.3
2026-06-25T07:00:00Z,D-(406호 기구창고),22.6,55.6
2026-06-25T07:00:00Z,E-(408호 OQC),21.6,64.2
2026-06-25T07:00:00Z,F-(807호 생산 Line),21.3,52.6
2026-06-25T07:00:00Z,G-(401호 기구창고),19.5,63.5
2026-06-25T08:00:00Z,A-(401호 회로창고 1),22.1,52.6
2026-06-25T08:00:00Z,B-(401호 회로창고 2),22.6,51.4
2026-06-25T08:00:00Z,C-(402호 수입검사),23.3,60.4
2026-06-25T08:00:00Z,D-(406호 기구창고),22.6,56.2
2026-06-25T08:00:00Z,E-(408호 OQC),21.9,60.3
2026-06-25T08:00:00Z,F-(807호 생산 Line),21.3,51.3
2026-06-25T08:00:00Z,G-(401호 기구창고),19.1,61.5
2026-06-25T09:00:00Z,A-(401호 회로창고 1),22.0,52.1
2026-06-25T09:00:00Z,B-(401호 회로창고 2),22.7,54.5
2026-06-25T10:00:00Z,A-(401호 회로창고 1),22.3,58.3
2026-06-25T10:00:00Z,B-(401호 회로창고 2),22.6,55.3
2026-06-25T11:00:00Z,A-(401호 회로창고 1),22.1,52.6
2026-06-25T11:00:00Z,B-(401호 회로창고 2),22.5,52.1
2026-06-25T12:00:00Z,A-(401호 회로창고 1),22.2,54.1
2026-06-25T12:00:00Z,B-(401호 회로창고 2),22.3,54.9
2026-06-25T13:00:00Z,A-(401호 회로창고 1),22.0,55.3
2026-06-25T13:00:00Z,B-(401호 회로창고 2),22.1,51.4
2026-06-25T14:00:00Z,A-(401호 회로창고 1),21.9,51.6
2026-06-25T14:00:00Z,B-(401호 회로창고 2),22.1,51.6
2026-06-25T15:00:00Z,A-(401호 회로창고 1),22.0,55.7
2026-06-25T15:00:00Z,B-(401호 회로창고 2),22.2,56.0
2026-06-25T16:00:00Z,A-(401호 회로창고 1),22.0,52.4
2026-06-25T16:00:00Z,B-(401호 회로창고 2),22.1,52.8
2026-06-25T17:00:00Z,A-(401호 회로창고 1),22.0,52.2
2026-06-25T17:00:00Z,B-(401호 회로창고 2),22.0,52.5
2026-06-25T18:00:00Z,A-(401호 회로창고 1),22.2,55.9
2026-06-25T18:00:00Z,B-(401호 회로창고 2),22.1,56.1
2026-06-25T19:00:00Z,A-(401호 회로창고 1),22.0,57.0
2026-06-25T19:00:00Z,B-(401호 회로창고 2),22.0,55.6
2026-06-25T20:00:00Z,A-(401호 회로창고 1),22.1,54.3
2026-06-25T20:00:00Z,B-(401호 회로창고 2),21.9,51.8
2026-06-25T21:00:00Z,A-(401호 회로창고 1),22.1,54.5
2026-06-25T21:00:00Z,B-(401호 회로창고 2),21.9,55.1
2026-06-25T22:00:00Z,A-(401호 회로창고 1),21.9,52.2
2026-06-25T22:00:00Z,B-(401호 회로창고 2),21.9,52.6
2026-06-25T23:00:00Z,A-(401호 회로창고 1),21.9,51.8
2026-06-25T23:00:00Z,B-(401호 회로창고 2),21.9,52.4
2026-06-26T00:00:00Z,A-(401호 회로창고 1),22.2,58.7
2026-06-26T00:00:00Z,B-(401호 회로창고 2),22.3,56.3
2026-06-26T00:00:00Z,C-(402호 수입검사),23.0,62.8
2026-06-26T00:00:00Z,D-(406호 기구창고),23.9,52.1
2026-06-26T00:00:00Z,E-(408호 OQC),21.9,62.0
2026-06-26T00:00:00Z,F-(807호 생산 Line),21.5,49.3
2026-06-26T00:00:00Z,G-(401호 기구창고),20.0,59.6
2026-06-26T01:00:00Z,A-(401호 회로창고 1),22.0,52.7
2026-06-26T01:00:00Z,B-(401호 회로창고 2),22.3,52.6
2026-06-26T01:00:00Z,C-(402호 수입검사),22.8,62.7
2026-06-26T01:00:00Z,D-(406호 기구창고),23.3,53.7
2026-06-26T01:00:00Z,E-(408호 OQC),21.7,61.4
2026-06-26T01:00:00Z,F-(807호 생산 Line),21.3,51.4
2026-06-26T01:00:00Z,G-(401호 기구창고),19.5,59.4
2026-06-26T02:00:00Z,A-(401호 회로창고 1),22.1,53.6
2026-06-26T02:00:00Z,B-(401호 회로창고 2),22.5,52.9
2026-06-26T02:00:00Z,C-(402호 수입검사),22.8,61.6
2026-06-26T02:00:00Z,D-(406호 기구창고),23.1,54.0
2026-06-26T02:00:00Z,E-(408호 OQC),21.7,59.0
2026-06-26T02:00:00Z,F-(807호 생산 Line),21.3,51.2
2026-06-26T02:00:00Z,G-(401호 기구창고),19.0,60.2
2026-06-26T03:00:00Z,A-(401호 회로창고 1),22.1,56.7
2026-06-26T03:00:00Z,B-(401호 회로창고 2),22.5,50.5
2026-06-26T03:00:00Z,C-(402호 수입검사),22.9,61.1
2026-06-26T03:00:00Z,D-(406호 기구창고),22.8,57.6
2026-06-26T03:00:00Z,E-(408호 OQC),21.7,58.3
2026-06-26T03:00:00Z,F-(807호 생산 Line),21.3,50.9
2026-06-26T03:00:00Z,G-(401호 기구창고),18.8,59.7
2026-06-26T04:00:00Z,A-(401호 회로창고 1),22.0,52.3
2026-06-26T04:00:00Z,B-(401호 회로창고 2),22.7,54.5
2026-06-26T04:00:00Z,C-(402호 수입검사),22.8,58.7
2026-06-26T04:00:00Z,D-(406호 기구창고),22.4,53.0
2026-06-26T04:00:00Z,E-(408호 OQC),21.7,59.7
2026-06-26T04:00:00Z,F-(807호 생산 Line),21.4,50.1
2026-06-26T04:00:00Z,G-(401호 기구창고),18.6,59.3
2026-06-26T05:00:00Z,A-(401호 회로창고 1),22.1,57.4
2026-06-26T05:00:00Z,B-(401호 회로창고 2),22.5,50.9
2026-06-26T05:00:00Z,C-(402호 수입검사),22.8,58.3
2026-06-26T05:00:00Z,D-(406호 기구창고),21.8,53.2
2026-06-26T05:00:00Z,E-(408호 OQC),21.5,58.7
2026-06-26T05:00:00Z,F-(807호 생산 Line),21.3,51.1
2026-06-26T05:00:00Z,G-(401호 기구창고),18.5,59.2
2026-06-26T06:00:00Z,A-(401호 회로창고 1),22.2,55.0
2026-06-26T06:00:00Z,B-(401호 회로창고 2),22.7,52.5
2026-06-26T06:00:00Z,C-(402호 수입검사),22.8,60.1
2026-06-26T06:00:00Z,D-(406호 기구창고),22.0,54.4
2026-06-26T06:00:00Z,E-(408호 OQC),21.5,58.1
2026-06-26T06:00:00Z,F-(807호 생산 Line),21.3,51.3
2026-06-26T06:00:00Z,G-(401호 기구창고),18.7,64.1
2026-06-26T07:00:00Z,A-(401호 회로창고 1),22.0,52.2
2026-06-26T07:00:00Z,B-(401호 회로창고 2),22.7,50.6
2026-06-26T07:00:00Z,C-(402호 수입검사),22.8,59.5
2026-06-26T07:00:00Z,D-(406호 기구창고),22.2,53.8
2026-06-26T07:00:00Z,E-(408호 OQC),21.6,56.9
2026-06-26T07:00:00Z,F-(807호 생산 Line),21.3,52.5
2026-06-26T07:00:00Z,G-(401호 기구창고),18.5,60.0
2026-06-26T08:00:00Z,A-(401호 회로창고 1),22.2,58.1
2026-06-26T08:00:00Z,B-(401호 회로창고 2),22.7,53.9
2026-06-26T08:00:00Z,C-(402호 수입검사),23.5,58.9
2026-06-26T08:00:00Z,D-(406호 기구창고),22.0,54.4
2026-06-26T08:00:00Z,E-(408호 OQC),22.0,57.7
2026-06-26T08:00:00Z,F-(807호 생산 Line),21.3,53.0
2026-06-26T08:00:00Z,G-(401호 기구창고),19.7,62.5
2026-06-26T09:00:00Z,A-(401호 회로창고 1),22.9,51.0
2026-06-26T09:00:00Z,B-(401호 회로창고 2),23.1,53.5
2026-06-26T10:00:00Z,A-(401호 회로창고 1),22.5,50.7
2026-06-26T10:00:00Z,B-(401호 회로창고 2),23.1,53.6
2026-06-26T11:00:00Z,A-(401호 회로창고 1),22.6,56.5
2026-06-26T11:00:00Z,B-(401호 회로창고 2),23.2,53.2
2026-06-26T12:00:00Z,A-(401호 회로창고 1),22.9,54.8
2026-06-26T12:00:00Z,B-(401호 회로창고 2),22.9,53.9
2026-06-26T13:00:00Z,A-(401호 회로창고 1),22.8,55.1
2026-06-26T13:00:00Z,B-(401호 회로창고 2),22.9,53.7
2026-06-26T14:00:00Z,A-(401호 회로창고 1),22.8,55.3
2026-06-26T14:00:00Z,B-(401호 회로창고 2),22.9,54.0
2026-06-26T15:00:00Z,A-(401호 회로창고 1),22.8,55.3
2026-06-26T15:00:00Z,B-(401호 회로창고 2),22.9,54.0
2026-06-26T16:00:00Z,A-(401호 회로창고 1),22.9,55.2
2026-06-26T16:00:00Z,B-(401호 회로창고 2),22.9,54.2
2026-06-26T17:00:00Z,A-(401호 회로창고 1),23.0,55.1
2026-06-26T17:00:00Z,B-(401호 회로창고 2),22.8,52.7
2026-06-26T18:00:00Z,A-(401호 회로창고 1),22.7,55.6
2026-06-26T18:00:00Z,B-(401호 회로창고 2),22.7,54.6
2026-06-26T19:00:00Z,A-(401호 회로창고 1),22.9,55.4
2026-06-26T19:00:00Z,B-(401호 회로창고 2),22.8,54.7
2026-06-26T20:00:00Z,A-(401호 회로창고 1),23.0,55.1
2026-06-26T20:00:00Z,B-(401호 회로창고 2),22.8,54.7
2026-06-26T21:00:00Z,A-(401호 회로창고 1),22.8,56.0
2026-06-26T21:00:00Z,B-(401호 회로창고 2),22.7,53.8
2026-06-26T22:00:00Z,A-(401호 회로창고 1),22.5,57.8
2026-06-26T22:00:00Z,B-(401호 회로창고 2),22.5,55.9
2026-06-26T23:00:00Z,A-(401호 회로창고 1),22.1,53.2
2026-06-26T23:00:00Z,B-(401호 회로창고 2),22.5,52.9
2026-06-27T00:00:00Z,A-(401호 회로창고 1),22.1,59.8
2026-06-27T00:00:00Z,B-(401호 회로창고 2),22.3,51.4
2026-06-27T01:00:00Z,A-(401호 회로창고 1),22.0,53.9
2026-06-27T01:00:00Z,B-(401호 회로창고 2),22.3,52.8
2026-06-27T02:00:00Z,A-(401호 회로창고 1),22.0,54.1
2026-06-27T02:00:00Z,B-(401호 회로창고 2),22.3,54.1
2026-06-27T03:00:00Z,A-(401호 회로창고 1),22.0,57.0
2026-06-27T03:00:00Z,B-(401호 회로창고 2),22.3,51.4
2026-06-27T04:00:00Z,A-(401호 회로창고 1),21.9,53.3
2026-06-27T04:00:00Z,B-(401호 회로창고 2),22.4,53.7
2026-06-27T05:00:00Z,A-(401호 회로창고 1),22.1,59.2
2026-06-27T05:00:00Z,B-(401호 회로창고 2),22.4,50.7
2026-06-27T06:00:00Z,A-(401호 회로창고 1),22.0,54.0
2026-06-27T06:00:00Z,B-(401호 회로창고 2),22.4,52.6
2026-06-27T07:00:00Z,A-(401호 회로창고 1),22.0,55.9
2026-06-27T07:00:00Z,B-(401호 회로창고 2),22.4,51.3
2026-06-27T08:00:00Z,A-(401호 회로창고 1),21.9,53.5
2026-06-27T08:00:00Z,B-(401호 회로창고 2),22.4,51.8
2026-06-27T09:00:00Z,A-(401호 회로창고 1),22.0,54.2
2026-06-27T09:00:00Z,B-(401호 회로창고 2),22.3,53.0
2026-06-27T10:00:00Z,A-(401호 회로창고 1),22.0,56.8
2026-06-27T10:00:00Z,B-(401호 회로창고 2),22.3,51.4
2026-06-27T11:00:00Z,A-(401호 회로창고 1),22.1,54.9
2026-06-27T11:00:00Z,B-(401호 회로창고 2),22.3,53.3
2026-06-27T12:00:00Z,A-(401호 회로창고 1),22.0,56.5
2026-06-27T12:00:00Z,B-(401호 회로창고 2),22.2,51.1
2026-06-27T13:00:00Z,A-(401호 회로창고 1),22.0,55.5
2026-06-27T13:00:00Z,B-(401호 회로창고 2),22.2,51.3
2026-06-27T14:00:00Z,A-(401호 회로창고 1),21.9,52.7
2026-06-27T14:00:00Z,B-(401호 회로창고 2),22.2,52.1
2026-06-27T15:00:00Z,A-(401호 회로창고 1),22.1,58.1
2026-06-27T15:00:00Z,B-(401호 회로창고 2),22.3,56.0
2026-06-27T16:00:00Z,A-(401호 회로창고 1),21.9,53.2
2026-06-27T16:00:00Z,B-(401호 회로창고 2),22.2,52.5
2026-06-27T17:00:00Z,A-(401호 회로창고 1),21.9,52.7
2026-06-27T17:00:00Z,B-(401호 회로창고 2),22.2,52.1
2026-06-27T18:00:00Z,A-(401호 회로창고 1),21.9,55.6
2026-06-27T18:00:00Z,B-(401호 회로창고 2),22.2,55.7
2026-06-27T19:00:00Z,A-(401호 회로창고 1),22.0,57.0
2026-06-27T19:00:00Z,B-(401호 회로창고 2),22.1,51.8
2026-06-27T20:00:00Z,A-(401호 회로창고 1),21.9,52.2
2026-06-27T20:00:00Z,B-(401호 회로창고 2),22.2,54.7
2026-06-27T21:00:00Z,A-(401호 회로창고 1),22.0,53.8
2026-06-27T21:00:00Z,B-(401호 회로창고 2),22.1,54.8
2026-06-27T22:00:00Z,A-(401호 회로창고 1),22.0,58.9
2026-06-27T22:00:00Z,B-(401호 회로창고 2),22.1,51.5
2026-06-27T23:00:00Z,A-(401호 회로창고 1),22.0,54.3
2026-06-27T23:00:00Z,B-(401호 회로창고 2),22.2,53.8
2026-06-28T00:00:00Z,A-(401호 회로창고 1),22.0,54.6
2026-06-28T00:00:00Z,B-(401호 회로창고 2),22.1,54.8
2026-06-28T01:00:00Z,A-(401호 회로창고 1),21.9,52.9
2026-06-28T01:00:00Z,B-(401호 회로창고 2),22.2,52.1
2026-06-28T02:00:00Z,A-(401호 회로창고 1),21.9,53.4
2026-06-28T02:00:00Z,B-(401호 회로창고 2),22.3,54.4
2026-06-28T03:00:00Z,A-(401호 회로창고 1),22.0,58.4
2026-06-28T03:00:00Z,B-(401호 회로창고 2),22.2,50.9
2026-06-28T04:00:00Z,A-(401호 회로창고 1),21.9,53.9
2026-06-28T04:00:00Z,B-(401호 회로창고 2),22.4,53.6
2026-06-28T05:00:00Z,A-(401호 회로창고 1),21.9,52.3
2026-06-28T05:00:00Z,B-(401호 회로창고 2),22.4,50.6
2026-06-28T06:00:00Z,A-(401호 회로창고 1),22.0,54.5
2026-06-28T06:00:00Z,B-(401호 회로창고 2),22.4,54.2
2026-06-28T07:00:00Z,A-(401호 회로창고 1),21.9,53.3
2026-06-28T07:00:00Z,B-(401호 회로창고 2),22.4,51.5
2026-06-28T08:00:00Z,A-(401호 회로창고 1),21.9,57.2
2026-06-28T08:00:00Z,B-(401호 회로창고 2),22.4,50.5
2026-06-28T09:00:00Z,A-(401호 회로창고 1),22.0,53.8
2026-06-28T09:00:00Z,B-(401호 회로창고 2),22.4,53.0
2026-06-28T10:00:00Z,A-(401호 회로창고 1),22.0,56.5
2026-06-28T10:00:00Z,B-(401호 회로창고 2),22.3,51.3
2026-06-28T11:00:00Z,A-(401호 회로창고 1),22.1,54.7
2026-06-28T11:00:00Z,B-(401호 회로창고 2),22.4,53.2
2026-06-28T12:00:00Z,A-(401호 회로창고 1),22.0,57.9
2026-06-28T12:00:00Z,B-(401호 회로창고 2),22.3,52.0
2026-06-28T13:00:00Z,A-(401호 회로창고 1),22.0,58.1
2026-06-28T13:00:00Z,B-(401호 회로창고 2),22.2,51.0
2026-06-28T14:00:00Z,A-(401호 회로창고 1),22.0,54.1
2026-06-28T14:00:00Z,B-(401호 회로창고 2),22.3,53.2
2026-06-28T15:00:00Z,A-(401호 회로창고 1),22.0,54.1
2026-06-28T15:00:00Z,B-(401호 회로창고 2),22.3,54.3
2026-06-28T16:00:00Z,A-(401호 회로창고 1),22.0,59.3
2026-06-28T16:00:00Z,B-(401호 회로창고 2),22.2,51.2
2026-06-28T17:00:00Z,A-(401호 회로창고 1),22.0,53.6
2026-06-28T17:00:00Z,B-(401호 회로창고 2),22.2,53.1
2026-06-28T18:00:00Z,A-(401호 회로창고 1),21.9,53.2
2026-06-28T18:00:00Z,B-(401호 회로창고 2),22.2,52.1
2026-06-28T19:00:00Z,A-(401호 회로창고 1),22.1,57.2
2026-06-28T19:00:00Z,B-(401호 회로창고 2),22.2,56.2
2026-06-28T20:00:00Z,A-(401호 회로창고 1),21.9,52.9
2026-06-28T20:00:00Z,B-(401호 회로창고 2),22.2,52.4
2026-06-28T21:00:00Z,A-(401호 회로창고 1),21.9,52.8
2026-06-28T21:00:00Z,B-(401호 회로창고 2),22.1,52.1
2026-06-28T22:00:00Z,A-(401호 회로창고 1),22.1,57.8
2026-06-28T22:00:00Z,B-(401호 회로창고 2),22.2,56.5
2026-06-28T23:00:00Z,A-(401호 회로창고 1),21.9,53.5
2026-06-28T23:00:00Z,B-(401호 회로창고 2),22.2,52.9
2026-06-29T00:00:00Z,A-(401호 회로창고 1),22.0,53.3
2026-06-29T00:00:00Z,B-(401호 회로창고 2),22.4,53.4
2026-06-29T00:00:00Z,C-(402호 수입검사),23.4,57.4
2026-06-29T00:00:00Z,D-(406호 기구창고),25.7,51.1
2026-06-29T00:00:00Z,E-(408호 OQC),23.0,68.0
2026-06-29T00:00:00Z,F-(807호 생산 Line),21.6,52.0
2026-06-29T00:00:00Z,G-(401호 기구창고),23.7,65.2
2026-06-29T01:00:00Z,A-(401호 회로창고 1),22.0,55.3
2026-06-29T01:00:00Z,B-(401호 회로창고 2),22.6,50.4
2026-06-29T01:00:00Z,C-(402호 수입검사),23.1,60.0
2026-06-29T01:00:00Z,D-(406호 기구창고),25.3,52.2
2026-06-29T01:00:00Z,E-(408호 OQC),22.7,58.9
2026-06-29T01:00:00Z,F-(807호 생산 Line),21.4,53.3
2026-06-29T01:00:00Z,G-(401호 기구창고),24.8,72.8
2026-06-29T02:00:00Z,A-(401호 회로창고 1),22.1,58.0
2026-06-29T02:00:00Z,B-(401호 회로창고 2),22.6,50.4
2026-06-29T02:00:00Z,C-(402호 수입검사),22.9,60.2
2026-06-29T02:00:00Z,D-(406호 기구창고),24.9,53.4
2026-06-29T02:00:00Z,E-(408호 OQC),20.9,52.3
2026-06-29T02:00:00Z,F-(807호 생산 Line),21.4,53.7
2026-06-29T02:00:00Z,G-(401호 기구창고),23.0,65.6
2026-06-29T03:00:00Z,A-(401호 회로창고 1),22.1,54.4
2026-06-29T03:00:00Z,B-(401호 회로창고 2),22.7,52.5
2026-06-29T03:00:00Z,C-(402호 수입검사),22.7,58.6
2026-06-29T03:00:00Z,D-(406호 기구창고),24.4,54.2
2026-06-29T03:00:00Z,E-(408호 OQC),20.6,56.5
2026-06-29T03:00:00Z,F-(807호 생산 Line),21.4,54.0
2026-06-29T03:00:00Z,G-(401호 기구창고),20.9,60.6
2026-06-29T04:00:00Z,A-(401호 회로창고 1),22.0,52.2
2026-06-29T04:00:00Z,B-(401호 회로창고 2),22.7,49.6
2026-06-29T04:00:00Z,C-(402호 수입검사),25.2,52.4
2026-06-29T04:00:00Z,D-(406호 기구창고),23.6,52.6
2026-06-29T04:00:00Z,E-(408호 OQC),20.2,51.7
2026-06-29T04:00:00Z,F-(807호 생산 Line),21.4,54.1
2026-06-29T04:00:00Z,G-(401호 기구창고),20.0,60.6
2026-06-29T05:00:00Z,A-(401호 회로창고 1),22.1,55.0
2026-06-29T05:00:00Z,B-(401호 회로창고 2),22.8,51.4
2026-06-29T05:00:00Z,C-(402호 수입검사),23.8,56.8
2026-06-29T05:00:00Z,D-(406호 기구창고),23.8,54.4
2026-06-29T05:00:00Z,E-(408호 OQC),21.0,63.1
2026-06-29T05:00:00Z,F-(807호 생산 Line),21.4,54.1
2026-06-29T05:00:00Z,G-(401호 기구창고),19.7,60.0
2026-06-29T06:00:00Z,A-(401호 회로창고 1),22.0,53.5
2026-06-29T06:00:00Z,B-(401호 회로창고 2),22.8,50.7
2026-06-29T06:00:00Z,C-(402호 수입검사),23.2,59.0
2026-06-29T06:00:00Z,D-(406호 기구창고),23.5,55.9
2026-06-29T06:00:00Z,E-(408호 OQC),21.8,61.8
2026-06-29T06:00:00Z,F-(807호 생산 Line),21.3,54.2
2026-06-29T06:00:00Z,G-(401호 기구창고),19.6,59.0
2026-06-29T07:00:00Z,A-(401호 회로창고 1),22.1,57.3
2026-06-29T07:00:00Z,B-(401호 회로창고 2),22.8,50.0
2026-06-29T07:00:00Z,C-(402호 수입검사),23.0,59.3
2026-06-29T07:00:00Z,D-(406호 기구창고),23.7,56.9
2026-06-29T07:00:00Z,E-(408호 OQC),21.9,60.6
2026-06-29T07:00:00Z,F-(807호 생산 Line),21.5,55.6
2026-06-29T07:00:00Z,G-(401호 기구창고),19.4,59.5
2026-06-29T08:00:00Z,A-(401호 회로창고 1),22.1,54.2
2026-06-29T08:00:00Z,B-(401호 회로창고 2),22.9,51.6
2026-06-29T08:00:00Z,C-(402호 수입검사),22.9,61.5
2026-06-29T08:00:00Z,D-(406호 기구창고),23.9,54.6
2026-06-29T08:00:00Z,E-(408호 OQC),22.2,60.4
2026-06-29T08:00:00Z,F-(807호 생산 Line),21.6,57.3
2026-06-29T08:00:00Z,G-(401호 기구창고),19.3,60.1
2026-06-29T09:00:00Z,A-(401호 회로창고 1),22.0,52.9
2026-06-29T09:00:00Z,B-(401호 회로창고 2),22.8,50.3
2026-06-29T10:00:00Z,A-(401호 회로창고 1),22.2,56.5
2026-06-29T10:00:00Z,B-(401호 회로창고 2),22.8,49.9
2026-06-29T11:00:00Z,A-(401호 회로창고 1),22.0,53.2
2026-06-29T11:00:00Z,B-(401호 회로창고 2),22.8,50.5
2026-06-29T12:00:00Z,A-(401호 회로창고 1),22.1,53.1
2026-06-29T12:00:00Z,B-(401호 회로창고 2),22.8,53.9
2026-06-29T13:00:00Z,A-(401호 회로창고 1),22.2,56.1
2026-06-29T13:00:00Z,B-(401호 회로창고 2),22.7,49.8
2026-06-29T14:00:00Z,A-(401호 회로창고 1),22.0,55.2
2026-06-29T14:00:00Z,B-(401호 회로창고 2),22.5,51.1
2026-06-29T15:00:00Z,A-(401호 회로창고 1),21.9,52.6
2026-06-29T15:00:00Z,B-(401호 회로창고 2),22.4,53.5
2026-06-29T16:00:00Z,A-(401호 회로창고 1),21.9,55.1
2026-06-29T16:00:00Z,B-(401호 회로창고 2),22.3,50.7
2026-06-29T17:00:00Z,A-(401호 회로창고 1),21.9,55.1
2026-06-29T17:00:00Z,B-(401호 회로창고 2),22.3,51.4
2026-06-29T18:00:00Z,A-(401호 회로창고 1),21.9,52.7
2026-06-29T18:00:00Z,B-(401호 회로창고 2),22.3,53.8
2026-06-29T19:00:00Z,A-(401호 회로창고 1),22.0,55.1
2026-06-29T19:00:00Z,B-(401호 회로창고 2),22.2,50.9
2026-06-29T20:00:00Z,A-(401호 회로창고 1),21.9,52.1
2026-06-29T20:00:00Z,B-(401호 회로창고 2),22.3,51.7
2026-06-29T21:00:00Z,A-(401호 회로창고 1),21.9,52.9
2026-06-29T21:00:00Z,B-(401호 회로창고 2),22.3,52.0
2026-06-29T22:00:00Z,A-(401호 회로창고 1),22.1,56.5
2026-06-29T22:00:00Z,B-(401호 회로창고 2),22.3,55.4
2026-06-29T23:00:00Z,A-(401호 회로창고 1),21.9,52.9
2026-06-29T23:00:00Z,B-(401호 회로창고 2),22.3,52.3
2026-06-30T00:00:00Z,A-(401호 회로창고 1),22.0,53.1
2026-06-30T00:00:00Z,B-(401호 회로창고 2),22.3,54.1
2026-06-30T00:00:00Z,C-(402호 수입검사),23.2,62.0
2026-06-30T00:00:00Z,D-(406호 기구창고),24.0,52.0
2026-06-30T00:00:00Z,E-(408호 OQC),22.3,62.0
2026-06-30T00:00:00Z,F-(807호 생산 Line),21.6,51.9
2026-06-30T00:00:00Z,G-(401호 기구창고),23.4,63.3
2026-06-30T01:00:00Z,A-(401호 회로창고 1),22.2,57.7
2026-06-30T01:00:00Z,B-(401호 회로창고 2),22.6,50.1
2026-06-30T01:00:00Z,C-(402호 수입검사),23.1,58.3
2026-06-30T01:00:00Z,D-(406호 기구창고),24.1,50.9
2026-06-30T01:00:00Z,E-(408호 OQC),22.1,61.2
2026-06-30T01:00:00Z,F-(807호 생산 Line),21.3,53.3
2026-06-30T01:00:00Z,G-(401호 기구창고),23.7,63.8
2026-06-30T02:00:00Z,A-(401호 회로창고 1),22.1,53.2
2026-06-30T02:00:00Z,B-(401호 회로창고 2),22.7,51.1
2026-06-30T02:00:00Z,C-(402호 수입검사),23.0,61.0
2026-06-30T02:00:00Z,D-(406호 기구창고),23.7,51.0
2026-06-30T02:00:00Z,E-(408호 OQC),22.1,60.1
2026-06-30T02:00:00Z,F-(807호 생산 Line),21.4,53.6
2026-06-30T02:00:00Z,G-(401호 기구창고),23.8,63.0
2026-06-30T03:00:00Z,A-(401호 회로창고 1),22.2,54.6
2026-06-30T03:00:00Z,B-(401호 회로창고 2),22.8,50.1
2026-06-30T03:00:00Z,C-(402호 수입검사),22.9,61.3
2026-06-30T03:00:00Z,D-(406호 기구창고),23.1,51.8
2026-06-30T03:00:00Z,E-(408호 OQC),22.0,61.4
2026-06-30T03:00:00Z,F-(807호 생산 Line),21.5,52.7
2026-06-30T03:00:00Z,G-(401호 기구창고),24.0,62.7
2026-06-30T04:00:00Z,A-(401호 회로창고 1),22.1,52.9
2026-06-30T04:00:00Z,B-(401호 회로창고 2),22.8,50.4
2026-06-30T04:00:00Z,C-(402호 수입검사),23.3,59.2
2026-06-30T04:00:00Z,D-(406호 기구창고),22.8,51.9
2026-06-30T04:00:00Z,E-(408호 OQC),21.9,62.3
2026-06-30T04:00:00Z,F-(807호 생산 Line),21.3,53.5
2026-06-30T04:00:00Z,G-(401호 기구창고),24.1,62.2
2026-06-30T05:00:00Z,A-(401호 회로창고 1),22.2,56.6
2026-06-30T05:00:00Z,B-(401호 회로창고 2),22.8,49.4
2026-06-30T05:00:00Z,C-(402호 수입검사),23.1,60.0
2026-06-30T05:00:00Z,D-(406호 기구창고),22.3,53.3
2026-06-30T05:00:00Z,E-(408호 OQC),22.1,66.6
2026-06-30T05:00:00Z,F-(807호 생산 Line),21.5,54.0
2026-06-30T05:00:00Z,G-(401호 기구창고),24.2,62.8
2026-06-30T06:00:00Z,A-(401호 회로창고 1),22.1,53.7
2026-06-30T06:00:00Z,B-(401호 회로창고 2),22.9,51.1
2026-06-30T06:00:00Z,C-(402호 수입검사),23.0,62.1
2026-06-30T06:00:00Z,D-(406호 기구창고),22.1,53.8
2026-06-30T06:00:00Z,E-(408호 OQC),21.9,66.3
2026-06-30T06:00:00Z,F-(807호 생산 Line),21.7,53.2
2026-06-30T06:00:00Z,G-(401호 기구창고),24.3,62.3
2026-06-30T07:00:00Z,A-(401호 회로창고 1),22.1,52.4
2026-06-30T07:00:00Z,B-(401호 회로창고 2),22.8,49.6
2026-06-30T07:00:00Z,C-(402호 수입검사),22.7,59.2
2026-06-30T07:00:00Z,D-(406호 기구창고),21.9,53.3
2026-06-30T07:00:00Z,E-(408호 OQC),21.9,62.5
2026-06-30T07:00:00Z,F-(807호 생산 Line),21.5,54.0
2026-06-30T07:00:00Z,G-(401호 기구창고),24.3,62.1
2026-06-30T08:00:00Z,A-(401호 회로창고 1),22.2,54.4
2026-06-30T08:00:00Z,B-(401호 회로창고 2),22.9,53.3
2026-06-30T08:00:00Z,C-(402호 수입검사),23.1,62.4
2026-06-30T08:00:00Z,D-(406호 기구창고),21.8,53.2
2026-06-30T08:00:00Z,E-(408호 OQC),22.6,63.3
2026-06-30T08:00:00Z,F-(807호 생산 Line),21.4,53.4
2026-06-30T08:00:00Z,G-(401호 기구창고),24.3,62.4
2026-06-30T09:00:00Z,A-(401호 회로창고 1),22.1,53.1
2026-06-30T09:00:00Z,B-(401호 회로창고 2),22.7,50.7
2026-06-30T10:00:00Z,A-(401호 회로창고 1),22.1,54.7
2026-06-30T10:00:00Z,B-(401호 회로창고 2),22.5,50.0
2026-06-30T11:00:00Z,A-(401호 회로창고 1),22.0,52.7
2026-06-30T11:00:00Z,B-(401호 회로창고 2),22.5,51.1
2026-06-30T12:00:00Z,A-(401호 회로창고 1),22.0,52.5
2026-06-30T12:00:00Z,B-(401호 회로창고 2),22.4,53.8
2026-06-30T13:00:00Z,A-(401호 회로창고 1),22.2,56.8
2026-06-30T13:00:00Z,B-(401호 회로창고 2),22.3,50.3
2026-06-30T14:00:00Z,A-(401호 회로창고 1),22.0,53.2
2026-06-30T14:00:00Z,B-(401호 회로창고 2),22.4,51.9
2026-06-30T15:00:00Z,A-(401호 회로창고 1),22.0,53.1
2026-06-30T15:00:00Z,B-(401호 회로창고 2),22.4,53.5
2026-06-30T16:00:00Z,A-(401호 회로창고 1),22.2,57.1
2026-06-30T16:00:00Z,B-(401호 회로창고 2),22.3,50.8
2026-06-30T17:00:00Z,A-(401호 회로창고 1),22.0,56.0
2026-06-30T17:00:00Z,B-(401호 회로창고 2),22.3,51.6
2026-06-30T18:00:00Z,A-(401호 회로창고 1),22.0,52.4
2026-06-30T18:00:00Z,B-(401호 회로창고 2),22.4,54.4
2026-06-30T19:00:00Z,A-(401호 회로창고 1),22.2,56.6
2026-06-30T19:00:00Z,B-(401호 회로창고 2),22.3,55.3
2026-06-30T20:00:00Z,A-(401호 회로창고 1),21.9,52.9
2026-06-30T20:00:00Z,B-(401호 회로창고 2),22.3,51.7
2026-06-30T21:00:00Z,A-(401호 회로창고 1),22.0,52.7
2026-06-30T21:00:00Z,B-(401호 회로창고 2),22.3,52.0
2026-06-30T22:00:00Z,A-(401호 회로창고 1),22.1,57.2
2026-06-30T22:00:00Z,B-(401호 회로창고 2),22.2,50.8
2026-06-30T23:00:00Z,A-(401호 회로창고 1),22.0,52.7
2026-06-30T23:00:00Z,B-(401호 회로창고 2),22.3,51.9
2026-07-01T00:00:00Z,A-(401호 회로창고 1),22.0,53.5
2026-07-01T00:00:00Z,B-(401호 회로창고 2),22.3,54.3
2026-07-01T00:00:00Z,C-(402호 수입검사),23.3,62.2
2026-07-01T00:00:00Z,D-(406호 기구창고),22.9,55.3
2026-07-01T00:00:00Z,E-(408호 OQC),24.8,70.8
2026-07-01T00:00:00Z,F-(807호 생산 Line),21.6,52.6
2026-07-01T00:00:00Z,G-(401호 기구창고),24.0,66.6
2026-07-01T01:00:00Z,A-(401호 회로창고 1),22.1,53.4
2026-07-01T01:00:00Z,B-(401호 회로창고 2),22.6,51.7
2026-07-01T01:00:00Z,C-(402호 수입검사),23.1,59.9
2026-07-01T01:00:00Z,D-(406호 기구창고),22.8,55.2
2026-07-01T01:00:00Z,E-(408호 OQC),25.1,70.8
2026-07-01T01:00:00Z,F-(807호 생산 Line),21.4,55.4
2026-07-01T01:00:00Z,G-(401호 기구창고),24.6,75.6
2026-07-01T02:00:00Z,A-(401호 회로창고 1),22.1,51.0
2026-07-01T02:00:00Z,B-(401호 회로창고 2),22.6,49.4
2026-07-01T02:00:00Z,C-(402호 수입검사),23.2,59.4
2026-07-01T02:00:00Z,D-(406호 기구창고),22.6,54.5
2026-07-01T02:00:00Z,E-(408호 OQC),25.1,70.3
2026-07-01T02:00:00Z,F-(807호 생산 Line),21.4,54.7
2026-07-01T02:00:00Z,G-(401호 기구창고),24.8,66.2
2026-07-01T03:00:00Z,A-(401호 회로창고 1),22.0,55.6
2026-07-01T03:00:00Z,B-(401호 회로창고 2),22.7,49.7
2026-07-01T03:00:00Z,C-(402호 수입검사),23.0,61.5
2026-07-01T03:00:00Z,D-(406호 기구창고),22.5,54.1
2026-07-01T03:00:00Z,E-(408호 OQC),26.3,70.2
2026-07-01T03:00:00Z,F-(807호 생산 Line),21.4,54.2
2026-07-01T03:00:00Z,G-(401호 기구창고),21.2,61.6
2026-07-01T04:00:00Z,A-(401호 회로창고 1),22.2,57.8
2026-07-01T04:00:00Z,B-(401호 회로창고 2),22.8,52.8
2026-07-01T04:00:00Z,C-(402호 수입검사),23.7,64.6
2026-07-01T04:00:00Z,D-(406호 기구창고),22.4,53.8
2026-07-01T04:00:00Z,E-(408호 OQC),26.7,69.7
2026-07-01T04:00:00Z,F-(807호 생산 Line),21.3,56.0
2026-07-01T04:00:00Z,G-(401호 기구창고),23.3,70.0
2026-07-01T05:00:00Z,A-(401호 회로창고 1),22.1,55.2
2026-07-01T05:00:00Z,B-(401호 회로창고 2),22.9,49.0
2026-07-01T05:00:00Z,C-(402호 수입검사),23.4,63.8
2026-07-01T05:00:00Z,D-(406호 기구창고),22.4,54.6
2026-07-01T05:00:00Z,E-(408호 OQC),24.7,58.1
2026-07-01T05:00:00Z,F-(807호 생산 Line),21.3,55.5
2026-07-01T05:00:00Z,G-(401호 기구창고),21.5,59.0
2026-07-01T06:00:00Z,A-(401호 회로창고 1),22.2,54.1
2026-07-01T06:00:00Z,B-(401호 회로창고 2),22.9,50.6
2026-07-01T06:00:00Z,C-(402호 수입검사),23.4,61.3
2026-07-01T06:00:00Z,D-(406호 기구창고),22.2,54.2
2026-07-01T06:00:00Z,E-(408호 OQC),24.0,55.9
2026-07-01T06:00:00Z,F-(807호 생산 Line),21.3,54.9
2026-07-01T06:00:00Z,G-(401호 기구창고),21.0,59.6
2026-07-01T07:00:00Z,A-(401호 회로창고 1),22.1,52.5
2026-07-01T07:00:00Z,B-(401호 회로창고 2),22.9,50.2
2026-07-01T07:00:00Z,C-(402호 수입검사),23.2,65.9
2026-07-01T07:00:00Z,D-(406호 기구창고),22.8,57.1
2026-07-01T07:00:00Z,E-(408호 OQC),24.7,60.2
2026-07-01T07:00:00Z,F-(807호 생산 Line),21.3,54.6
2026-07-01T07:00:00Z,G-(401호 기구창고),20.8,57.4
2026-07-01T08:00:00Z,A-(401호 회로창고 1),22.0,51.7
2026-07-01T08:00:00Z,B-(401호 회로창고 2),22.8,49.6
2026-07-01T08:00:00Z,C-(402호 수입검사),24.0,62.4
2026-07-01T08:00:00Z,D-(406호 기구창고),23.0,53.9
2026-07-01T08:00:00Z,E-(408호 OQC),24.9,61.7
2026-07-01T08:00:00Z,F-(807호 생산 Line),21.4,54.8
2026-07-01T08:00:00Z,G-(401호 기구창고),20.5,57.7
2026-07-01T09:00:00Z,A-(401호 회로창고 1),22.0,56.9
2026-07-01T09:00:00Z,B-(401호 회로창고 2),22.6,50.7
2026-07-01T10:00:00Z,A-(401호 회로창고 1),22.0,57.6
2026-07-01T10:00:00Z,B-(401호 회로창고 2),22.5,50.9
2026-07-01T11:00:00Z,A-(401호 회로창고 1),22.1,54.0
2026-07-01T11:00:00Z,B-(401호 회로창고 2),22.5,52.5
2026-07-01T12:00:00Z,A-(401호 회로창고 1),22.0,52.8
2026-07-01T12:00:00Z,B-(401호 회로창고 2),22.4,53.5
2026-07-01T13:00:00Z,A-(401호 회로창고 1),22.2,57.2
2026-07-01T13:00:00Z,B-(401호 회로창고 2),22.3,50.6
2026-07-01T14:00:00Z,A-(401호 회로창고 1),22.0,57.4
2026-07-01T14:00:00Z,B-(401호 회로창고 2),22.4,51.5
2026-07-01T15:00:00Z,A-(401호 회로창고 1),22.1,54.7
2026-07-01T15:00:00Z,B-(401호 회로창고 2),22.4,53.5
2026-07-01T16:00:00Z,A-(401호 회로창고 1),22.1,53.7
2026-07-01T16:00:00Z,B-(401호 회로창고 2),22.3,53.4
2026-07-01T17:00:00Z,A-(401호 회로창고 1),22.1,59.9
2026-07-01T17:00:00Z,B-(401호 회로창고 2),22.3,50.9
2026-07-01T18:00:00Z,A-(401호 회로창고 1),22.0,53.1
2026-07-01T18:00:00Z,B-(401호 회로창고 2),22.3,52.7
2026-07-01T19:00:00Z,A-(401호 회로창고 1),21.9,52.0
2026-07-01T19:00:00Z,B-(401호 회로창고 2),22.4,54.7
2026-07-01T20:00:00Z,A-(401호 회로창고 1),22.1,53.8
2026-07-01T20:00:00Z,B-(401호 회로창고 2),22.3,52.8
2026-07-01T21:00:00Z,A-(401호 회로창고 1),22.1,60.0
2026-07-01T21:00:00Z,B-(401호 회로창고 2),22.3,50.9
2026-07-01T22:00:00Z,A-(401호 회로창고 1),22.0,53.0
2026-07-01T22:00:00Z,B-(401호 회로창고 2),22.3,52.5
2026-07-01T23:00:00Z,A-(401호 회로창고 1),22.0,53.1
2026-07-01T23:00:00Z,B-(401호 회로창고 2),22.3,53.8
2026-07-02T00:00:00Z,A-(401호 회로창고 1),22.3,57.1
2026-07-02T00:00:00Z,B-(401호 회로창고 2),22.4,51.1
2026-07-02T00:00:00Z,C-(402호 수입검사),24.2,67.3
2026-07-02T00:00:00Z,D-(406호 기구창고),21.9,58.2
2026-07-02T00:00:00Z,E-(408호 OQC),25.1,73.0
2026-07-02T00:00:00Z,F-(807호 생산 Line),21.5,54.1
2026-07-02T00:00:00Z,G-(401호 기구창고),23.9,65.6
2026-07-02T01:00:00Z,A-(401호 회로창고 1),22.1,52.3
2026-07-02T01:00:00Z,B-(401호 회로창고 2),22.6,51.4
2026-07-02T01:00:00Z,C-(402호 수입검사),23.9,66.2
2026-07-02T01:00:00Z,D-(406호 기구창고),21.7,58.0
2026-07-02T01:00:00Z,E-(408호 OQC),25.1,72.0
2026-07-02T01:00:00Z,F-(807호 생산 Line),21.3,55.0
2026-07-02T01:00:00Z,G-(401호 기구창고),22.4,59.0
2026-07-02T02:00:00Z,A-(401호 회로창고 1),22.0,52.3
2026-07-02T02:00:00Z,B-(401호 회로창고 2),22.7,53.9
2026-07-02T02:00:00Z,C-(402호 수입검사),23.8,65.5
2026-07-02T02:00:00Z,D-(406호 기구창고),22.1,56.4
2026-07-02T02:00:00Z,E-(408호 OQC),25.5,69.0
2026-07-02T02:00:00Z,F-(807호 생산 Line),21.2,54.7
2026-07-02T02:00:00Z,G-(401호 기구창고),20.6,59.1
2026-07-02T03:00:00Z,A-(401호 회로창고 1),22.2,56.6
2026-07-02T03:00:00Z,B-(401호 회로창고 2),22.7,51.0
2026-07-02T03:00:00Z,C-(402호 수입검사),23.7,64.1
2026-07-02T03:00:00Z,D-(406호 기구창고),22.9,57.4
2026-07-02T03:00:00Z,E-(408호 OQC),25.4,65.0
2026-07-02T03:00:00Z,F-(807호 생산 Line),21.1,54.8
2026-07-02T03:00:00Z,G-(401호 기구창고),20.3,58.8
2026-07-02T04:00:00Z,A-(401호 회로창고 1),21.9,57.3
2026-07-02T04:00:00Z,B-(401호 회로창고 2),22.8,50.6
2026-07-02T04:00:00Z,C-(402호 수입검사),23.5,63.8
2026-07-02T04:00:00Z,D-(406호 기구창고),22.8,53.7
2026-07-02T04:00:00Z,E-(408호 OQC),25.9,65.4
2026-07-02T04:00:00Z,F-(807호 생산 Line),21.3,53.3
2026-07-02T04:00:00Z,G-(401호 기구창고),19.8,59.3
2026-07-02T05:00:00Z,A-(401호 회로창고 1),22.0,52.4
2026-07-02T05:00:00Z,B-(401호 회로창고 2),22.9,52.3
2026-07-02T05:00:00Z,C-(402호 수입검사),23.6,66.3
2026-07-02T05:00:00Z,D-(406호 기구창고),23.5,55.4
2026-07-02T05:00:00Z,E-(408호 OQC),26.0,65.0
2026-07-02T05:00:00Z,F-(807호 생산 Line),21.1,54.7
2026-07-02T05:00:00Z,G-(401호 기구창고),19.7,58.9
2026-07-02T06:00:00Z,A-(401호 회로창고 1),22.1,54.3
2026-07-02T06:00:00Z,B-(401호 회로창고 2),22.9,49.6
2026-07-02T06:00:00Z,C-(402호 수입검사),23.7,65.5
2026-07-02T06:00:00Z,D-(406호 기구창고),23.8,55.4
2026-07-02T06:00:00Z,E-(408호 OQC),26.1,65.4
2026-07-02T06:00:00Z,F-(807호 생산 Line),21.1,54.7
2026-07-02T06:00:00Z,G-(401호 기구창고),19.6,59.0
2026-07-02T07:00:00Z,A-(401호 회로창고 1),22.2,58.8
2026-07-02T07:00:00Z,B-(401호 회로창고 2),22.9,49.7
2026-07-02T07:00:00Z,C-(402호 수입검사),23.7,65.6
2026-07-02T07:00:00Z,D-(406호 기구창고),23.6,57.2
2026-07-02T07:00:00Z,E-(408호 OQC),26.1,66.8
2026-07-02T07:00:00Z,F-(807호 생산 Line),21.2,55.7
2026-07-02T07:00:00Z,G-(401호 기구창고),20.3,59.7
2026-07-02T08:00:00Z,A-(401호 회로창고 1),22.1,53.5
2026-07-02T08:00:00Z,B-(401호 회로창고 2),22.8,51.4
2026-07-02T08:00:00Z,C-(402호 수입검사),23.9,67.0
2026-07-02T08:00:00Z,D-(406호 기구창고),23.7,58.5
2026-07-02T08:00:00Z,E-(408호 OQC),26.0,68.4
2026-07-02T08:00:00Z,F-(807호 생산 Line),21.3,55.3
2026-07-02T08:00:00Z,G-(401호 기구창고),19.6,66.7
2026-07-02T09:00:00Z,A-(401호 회로창고 1),22.0,52.1
2026-07-02T09:00:00Z,B-(401호 회로창고 2),22.8,53.8
2026-07-02T10:00:00Z,A-(401호 회로창고 1),22.0,52.5
2026-07-02T10:00:00Z,B-(401호 회로창고 2),22.8,51.9
2026-07-02T11:00:00Z,A-(401호 회로창고 1),22.2,57.4
2026-07-02T11:00:00Z,B-(401호 회로창고 2),22.5,49.9
2026-07-02T12:00:00Z,A-(401호 회로창고 1),22.0,55.2
2026-07-02T12:00:00Z,B-(401호 회로창고 2),22.4,51.8
2026-07-02T13:00:00Z,A-(401호 회로창고 1),22.0,52.2
2026-07-02T13:00:00Z,B-(401호 회로창고 2),22.3,51.6
2026-07-02T14:00:00Z,A-(401호 회로창고 1),22.1,54.1
2026-07-02T14:00:00Z,B-(401호 회로창고 2),22.3,53.6
2026-07-02T15:00:00Z,A-(401호 회로창고 1),22.1,59.3
2026-07-02T15:00:00Z,B-(401호 회로창고 2),22.3,51.0
2026-07-02T16:00:00Z,A-(401호 회로창고 1),22.0,53.1
2026-07-02T16:00:00Z,B-(401호 회로창고 2),22.3,52.6
2026-07-02T17:00:00Z,A-(401호 회로창고 1),21.9,52.1
2026-07-02T17:00:00Z,B-(401호 회로창고 2),22.3,54.7
2026-07-02T18:00:00Z,A-(401호 회로창고 1),22.1,54.5
2026-07-02T18:00:00Z,B-(401호 회로창고 2),22.2,53.7
2026-07-02T19:00:00Z,A-(401호 회로창고 1),22.1,60.0
2026-07-02T19:00:00Z,B-(401호 회로창고 2),22.2,51.2
2026-07-02T20:00:00Z,A-(401호 회로창고 1),22.0,53.2
2026-07-02T20:00:00Z,B-(401호 회로창고 2),22.2,52.9
2026-07-02T21:00:00Z,A-(401호 회로창고 1),21.9,52.8
2026-07-02T21:00:00Z,B-(401호 회로창고 2),22.2,52.4
2026-07-02T22:00:00Z,A-(401호 회로창고 1),22.1,57.4
2026-07-02T22:00:00Z,B-(401호 회로창고 2),22.3,55.9
2026-07-02T23:00:00Z,A-(401호 회로창고 1),21.9,52.8
2026-07-02T23:00:00Z,B-(401호 회로창고 2),22.2,52.4
2026-07-03T00:00:00Z,A-(401호 회로창고 1),22.1,53.1
2026-07-03T00:00:00Z,B-(401호 회로창고 2),22.4,54.7
2026-07-03T00:00:00Z,C-(402호 수입검사),23.6,64.5
2026-07-03T00:00:00Z,D-(406호 기구창고),22.9,60.9
2026-07-03T00:00:00Z,E-(408호 OQC),22.8,62.6
2026-07-03T00:00:00Z,F-(807호 생산 Line),21.4,54.3
2026-07-03T00:00:00Z,G-(401호 기구창고),22.7,67.0
2026-07-03T01:00:00Z,A-(401호 회로창고 1),22.2,55.4
2026-07-03T01:00:00Z,B-(401호 회로창고 2),22.5,50.5
2026-07-03T01:00:00Z,C-(402호 수입검사),23.4,63.3
2026-07-03T01:00:00Z,D-(406호 기구창고),23.4,64.5
2026-07-03T01:00:00Z,E-(408호 OQC),22.3,58.5
2026-07-03T01:00:00Z,F-(807호 생산 Line),21.3,55.0
2026-07-03T01:00:00Z,G-(401호 기구창고),20.3,63.2
2026-07-03T02:00:00Z,A-(401호 회로창고 1),22.0,56.6
2026-07-03T02:00:00Z,B-(401호 회로창고 2),22.6,50.7
2026-07-03T02:00:00Z,C-(402호 수입검사),23.2,62.3
2026-07-03T02:00:00Z,D-(406호 기구창고),23.8,61.3
2026-07-03T02:00:00Z,E-(408호 OQC),22.3,60.2
2026-07-03T02:00:00Z,F-(807호 생산 Line),21.1,54.6
2026-07-03T02:00:00Z,G-(401호 기구창고),19.7,62.8
2026-07-03T03:00:00Z,A-(401호 회로창고 1),22.1,54.3
2026-07-03T03:00:00Z,B-(401호 회로창고 2),22.8,52.1
2026-07-03T03:00:00Z,C-(402호 수입검사),23.0,63.8
2026-07-03T03:00:00Z,D-(406호 기구창고),23.2,61.7
2026-07-03T03:00:00Z,E-(408호 OQC),22.5,59.4
2026-07-03T03:00:00Z,F-(807호 생산 Line),21.1,55.3
2026-07-03T03:00:00Z,G-(401호 기구창고),19.6,63.0
2026-07-03T04:00:00Z,A-(401호 회로창고 1),22.1,58.7
2026-07-03T04:00:00Z,B-(401호 회로창고 2),22.7,50.7
2026-07-03T04:00:00Z,C-(402호 수입검사),22.9,63.9
2026-07-03T04:00:00Z,D-(406호 기구창고),21.8,59.2
2026-07-03T04:00:00Z,E-(408호 OQC),22.7,57.4
2026-07-03T04:00:00Z,F-(807호 생산 Line),21.2,54.5
2026-07-03T04:00:00Z,G-(401호 기구창고),19.4,61.9
2026-07-03T05:00:00Z,A-(401호 회로창고 1),21.9,53.4
2026-07-03T05:00:00Z,B-(401호 회로창고 2),22.8,50.6
2026-07-03T05:00:00Z,C-(402호 수입검사),23.0,63.2
2026-07-03T05:00:00Z,D-(406호 기구창고),22.4,57.3
2026-07-03T05:00:00Z,E-(408호 OQC),22.3,59.2
2026-07-03T05:00:00Z,F-(807호 생산 Line),21.2,55.4
2026-07-03T05:00:00Z,G-(401호 기구창고),20.6,80.7
2026-07-03T06:00:00Z,A-(401호 회로창고 1),22.1,53.6
2026-07-03T06:00:00Z,B-(401호 회로창고 2),22.8,50.2
2026-07-03T06:00:00Z,C-(402호 수입검사),22.9,63.3
2026-07-03T06:00:00Z,D-(406호 기구창고),22.3,55.0
2026-07-03T06:00:00Z,E-(408호 OQC),22.5,60.1
2026-07-03T06:00:00Z,F-(807호 생산 Line),21.3,55.7
2026-07-03T06:00:00Z,G-(401호 기구창고),24.4,74.8
2026-07-03T07:00:00Z,A-(401호 회로창고 1),22.1,57.7
2026-07-03T07:00:00Z,B-(401호 회로창고 2),22.8,49.7
2026-07-03T07:00:00Z,C-(402호 수입검사),23.1,64.7
2026-07-03T07:00:00Z,D-(406호 기구창고),22.3,53.9
2026-07-03T07:00:00Z,E-(408호 OQC),22.5,61.5
2026-07-03T07:00:00Z,F-(807호 생산 Line),21.3,55.7
2026-07-03T07:00:00Z,G-(401호 기구창고),20.3,70.2
2026-07-03T08:00:00Z,A-(401호 회로창고 1),22.1,54.7
2026-07-03T08:00:00Z,B-(401호 회로창고 2),22.8,51.8
2026-07-03T08:00:00Z,C-(402호 수입검사),23.7,67.6
2026-07-03T08:00:00Z,D-(406호 기구창고),22.7,56.1
2026-07-03T08:00:00Z,E-(408호 OQC),22.2,59.1
2026-07-03T08:00:00Z,F-(807호 생산 Line),21.4,55.4
2026-07-03T08:00:00Z,G-(401호 기구창고),20.1,70.1
2026-07-03T09:00:00Z,A-(401호 회로창고 1),21.9,55.3
2026-07-03T09:00:00Z,B-(401호 회로창고 2),22.6,50.6
2026-07-03T10:00:00Z,A-(401호 회로창고 1),21.8,52.9
2026-07-03T10:00:00Z,B-(401호 회로창고 2),22.4,50.9
2026-07-03T11:00:00Z,A-(401호 회로창고 1),21.8,53.1
2026-07-03T11:00:00Z,B-(401호 회로창고 2),22.4,53.9
2026-07-03T12:00:00Z,A-(401호 회로창고 1),22.1,58.5
2026-07-03T12:00:00Z,B-(401호 회로창고 2),22.3,50.8
2026-07-03T13:00:00Z,A-(401호 회로창고 1),21.8,53.7
2026-07-03T13:00:00Z,B-(401호 회로창고 2),22.3,51.9
2026-07-03T14:00:00Z,A-(401호 회로창고 1),21.8,53.5
2026-07-03T14:00:00Z,B-(401호 회로창고 2),22.2,52.0
2026-07-03T15:00:00Z,A-(401호 회로창고 1),22.1,57.1
2026-07-03T15:00:00Z,B-(401호 회로창고 2),22.2,50.8
2026-07-03T16:00:00Z,A-(401호 회로창고 1),21.9,56.5
2026-07-03T16:00:00Z,B-(401호 회로창고 2),22.2,51.7
2026-07-03T17:00:00Z,A-(401호 회로창고 1),21.9,54.1
2026-07-03T17:00:00Z,B-(401호 회로창고 2),22.2,53.2
2026-07-03T18:00:00Z,A-(401호 회로창고 1),21.8,52.7
2026-07-03T18:00:00Z,B-(401호 회로창고 2),22.2,51.9
2026-07-03T19:00:00Z,A-(401호 회로창고 1),21.8,53.8
2026-07-03T19:00:00Z,B-(401호 회로창고 2),22.2,54.6
2026-07-03T20:00:00Z,A-(401호 회로창고 1),22.1,58.2
2026-07-03T20:00:00Z,B-(401호 회로창고 2),22.2,55.2
2026-07-03T21:00:00Z,A-(401호 회로창고 1),21.8,55.1
2026-07-03T21:00:00Z,B-(401호 회로창고 2),22.1,52.1
2026-07-03T22:00:00Z,A-(401호 회로창고 1),21.7,53.0
2026-07-03T22:00:00Z,B-(401호 회로창고 2),22.2,54.7
2026-07-03T23:00:00Z,A-(401호 회로창고 1),22.0,54.7
2026-07-03T23:00:00Z,B-(401호 회로창고 2),22.1,53.2
2026-07-04T00:00:00Z,A-(401호 회로창고 1),21.9,56.2
2026-07-04T00:00:00Z,B-(401호 회로창고 2),22.1,51.3
2026-07-04T01:00:00Z,A-(401호 회로창고 1),21.8,53.4
2026-07-04T01:00:00Z,B-(401호 회로창고 2),22.3,54.5
2026-07-04T02:00:00Z,A-(401호 회로창고 1),22.1,59.3
2026-07-04T02:00:00Z,B-(401호 회로창고 2),22.3,50.9
2026-07-04T03:00:00Z,A-(401호 회로창고 1),21.9,54.3
2026-07-04T03:00:00Z,B-(401호 회로창고 2),22.4,52.3
2026-07-04T04:00:00Z,A-(401호 회로창고 1),22.1,58.2
2026-07-04T04:00:00Z,B-(401호 회로창고 2),22.3,50.6
2026-07-04T05:00:00Z,A-(401호 회로창고 1),21.8,53.8
2026-07-04T05:00:00Z,B-(401호 회로창고 2),22.3,51.8
2026-07-04T06:00:00Z,A-(401호 회로창고 1),22.0,54.3
2026-07-04T06:00:00Z,B-(401호 회로창고 2),22.3,53.2
2026-07-04T07:00:00Z,A-(401호 회로창고 1),21.9,52.9
2026-07-04T07:00:00Z,B-(401호 회로창고 2),22.3,51.0
2026-07-04T08:00:00Z,A-(401호 회로창고 1),21.8,53.6
2026-07-04T08:00:00Z,B-(401호 회로창고 2),22.4,53.6
2026-07-04T09:00:00Z,A-(401호 회로창고 1),21.9,56.4
2026-07-04T09:00:00Z,B-(401호 회로창고 2),22.3,50.9
2026-07-04T10:00:00Z,A-(401호 회로창고 1),21.8,53.3
2026-07-04T10:00:00Z,B-(401호 회로창고 2),22.4,53.7
2026-07-04T11:00:00Z,A-(401호 회로창고 1),22.1,59.9
2026-07-04T11:00:00Z,B-(401호 회로창고 2),22.3,50.8
2026-07-04T12:00:00Z,A-(401호 회로창고 1),22.0,54.6
2026-07-04T12:00:00Z,B-(401호 회로창고 2),22.4,53.3
2026-07-04T13:00:00Z,A-(401호 회로창고 1),22.1,56.5
2026-07-04T13:00:00Z,B-(401호 회로창고 2),22.2,50.9
2026-07-04T14:00:00Z,A-(401호 회로창고 1),21.9,55.9
2026-07-04T14:00:00Z,B-(401호 회로창고 2),22.2,52.0
2026-07-04T15:00:00Z,A-(401호 회로창고 1),22.0,55.0
2026-07-04T15:00:00Z,B-(401호 회로창고 2),22.3,53.6
2026-07-04T16:00:00Z,A-(401호 회로창고 1),22.0,58.3
2026-07-04T16:00:00Z,B-(401호 회로창고 2),22.2,53.8
2026-07-04T17:00:00Z,A-(401호 회로창고 1),22.0,58.2
2026-07-04T17:00:00Z,B-(401호 회로창고 2),22.2,51.6
2026-07-04T18:00:00Z,A-(401호 회로창고 1),22.0,54.6
2026-07-04T18:00:00Z,B-(401호 회로창고 2),22.2,53.3
2026-07-04T19:00:00Z,A-(401호 회로창고 1),22.0,54.7
2026-07-04T19:00:00Z,B-(401호 회로창고 2),22.2,53.5
2026-07-04T20:00:00Z,A-(401호 회로창고 1),21.9,56.7
2026-07-04T20:00:00Z,B-(401호 회로창고 2),22.2,51.3
2026-07-04T21:00:00Z,A-(401호 회로창고 1),21.8,53.0
2026-07-04T21:00:00Z,B-(401호 회로창고 2),22.2,54.6
2026-07-04T22:00:00Z,A-(401호 회로창고 1),22.1,58.8
2026-07-04T22:00:00Z,B-(401호 회로창고 2),22.3,55.9
2026-07-04T23:00:00Z,A-(401호 회로창고 1),21.8,53.6
2026-07-04T23:00:00Z,B-(401호 회로창고 2),22.2,52.4
2026-07-05T00:00:00Z,A-(401호 회로창고 1),21.9,56.5
2026-07-05T00:00:00Z,B-(401호 회로창고 2),22.2,53.0
2026-07-05T01:00:00Z,A-(401호 회로창고 1),21.8,54.2
2026-07-05T01:00:00Z,B-(401호 회로창고 2),22.3,52.8
2026-07-05T02:00:00Z,A-(401호 회로창고 1),21.9,56.5
2026-07-05T02:00:00Z,B-(401호 회로창고 2),22.3,51.3
2026-07-05T03:00:00Z,A-(401호 회로창고 1),21.8,54.0
2026-07-05T03:00:00Z,B-(401호 회로창고 2),22.3,52.2
2026-07-05T04:00:00Z,A-(401호 회로창고 1),22.0,59.0
2026-07-05T04:00:00Z,B-(401호 회로창고 2),22.3,50.7
2026-07-05T05:00:00Z,A-(401호 회로창고 1),22.0,54.0
2026-07-05T05:00:00Z,B-(401호 회로창고 2),22.4,54.3
2026-07-05T06:00:00Z,A-(401호 회로창고 1),21.9,53.4
2026-07-05T06:00:00Z,B-(401호 회로창고 2),22.3,51.7
2026-07-05T07:00:00Z,A-(401호 회로창고 1),22.0,57.0
2026-07-05T07:00:00Z,B-(401호 회로창고 2),22.4,50.7
2026-07-05T08:00:00Z,A-(401호 회로창고 1),22.0,53.8
2026-07-05T08:00:00Z,B-(401호 회로창고 2),22.4,53.8
2026-07-05T09:00:00Z,A-(401호 회로창고 1),21.9,53.1
2026-07-05T09:00:00Z,B-(401호 회로창고 2),22.3,51.5
2026-07-05T10:00:00Z,A-(401호 회로창고 1),22.0,54.4
2026-07-05T10:00:00Z,B-(401호 회로창고 2),22.3,54.6
2026-07-05T11:00:00Z,A-(401호 회로창고 1),21.8,53.3
2026-07-05T11:00:00Z,B-(401호 회로창고 2),22.3,51.6
2026-07-05T12:00:00Z,A-(401호 회로창고 1),22.0,53.9
2026-07-05T12:00:00Z,B-(401호 회로창고 2),22.3,54.0
2026-07-05T13:00:00Z,A-(401호 회로창고 1),21.9,56.1
2026-07-05T13:00:00Z,B-(401호 회로창고 2),22.2,51.3
2026-07-05T14:00:00Z,A-(401호 회로창고 1),21.8,52.9
2026-07-05T14:00:00Z,B-(401호 회로창고 2),22.3,54.1
2026-07-05T15:00:00Z,A-(401호 회로창고 1),22.1,57.5
2026-07-05T15:00:00Z,B-(401호 회로창고 2),22.2,50.9
2026-07-05T16:00:00Z,A-(401호 회로창고 1),21.8,53.5
2026-07-05T16:00:00Z,B-(401호 회로창고 2),22.2,52.1
2026-07-05T17:00:00Z,A-(401호 회로창고 1),22.0,55.0
2026-07-05T17:00:00Z,B-(401호 회로창고 2),22.2,52.7
2026-07-05T18:00:00Z,A-(401호 회로창고 1),21.9,55.9
2026-07-05T18:00:00Z,B-(401호 회로창고 2),22.2,51.7
2026-07-05T19:00:00Z,A-(401호 회로창고 1),21.9,53.7
2026-07-05T19:00:00Z,B-(401호 회로창고 2),22.3,54.7
2026-07-05T20:00:00Z,A-(401호 회로창고 1),21.8,52.9
2026-07-05T20:00:00Z,B-(401호 회로창고 2),22.2,51.7
2026-07-05T21:00:00Z,A-(401호 회로창고 1),21.9,54.0
2026-07-05T21:00:00Z,B-(401호 회로창고 2),22.3,55.0
2026-07-05T22:00:00Z,A-(401호 회로창고 1),21.9,56.9
2026-07-05T22:00:00Z,B-(401호 회로창고 2),22.1,51.4
2026-07-05T23:00:00Z,A-(401호 회로창고 1),21.9,54.4
2026-07-05T23:00:00Z,B-(401호 회로창고 2),22.2,54.1
2026-07-06T00:00:00Z,A-(401호 회로창고 1),21.9,53.1
2026-07-06T00:00:00Z,B-(401호 회로창고 2),22.2,52.1
2026-07-06T00:00:00Z,C-(402호 수입검사),23.8,63.7
2026-07-06T00:00:00Z,D-(406호 기구창고),24.0,60.8
2026-07-06T00:00:00Z,E-(408호 OQC),22.7,72.8
2026-07-06T00:00:00Z,F-(807호 생산 Line),22.8,56.4
2026-07-06T00:00:00Z,G-(401호 기구창고),21.6,67.5
2026-07-06T01:00:00Z,A-(401호 회로창고 1),22.0,55.6
2026-07-06T01:00:00Z,B-(401호 회로창고 2),22.4,51.3
2026-07-06T01:00:00Z,C-(402호 수입검사),23.6,64.6
2026-07-06T01:00:00Z,D-(406호 기구창고),23.5,59.5
2026-07-06T01:00:00Z,E-(408호 OQC),22.9,78.3
2026-07-06T01:00:00Z,F-(807호 생산 Line),22.4,54.7
2026-07-06T01:00:00Z,G-(401호 기구창고),21.0,69.3
2026-07-06T02:00:00Z,A-(401호 회로창고 1),21.9,54.3
2026-07-06T02:00:00Z,B-(401호 회로창고 2),22.5,52.0
2026-07-06T02:00:00Z,C-(402호 수입검사),23.4,64.5
2026-07-06T02:00:00Z,D-(406호 기구창고),23.5,58.4
2026-07-06T02:00:00Z,E-(408호 OQC),22.2,70.5
2026-07-06T02:00:00Z,F-(807호 생산 Line),22.3,56.3
2026-07-06T02:00:00Z,G-(401호 기구창고),20.4,67.4
2026-07-06T03:00:00Z,A-(401호 회로창고 1),21.9,52.6
2026-07-06T03:00:00Z,B-(401호 회로창고 2),22.6,50.7
2026-07-06T03:00:00Z,C-(402호 수입검사),23.3,65.4
2026-07-06T03:00:00Z,D-(406호 기구창고),23.5,58.6
2026-07-06T03:00:00Z,E-(408호 OQC),21.9,68.7
2026-07-06T03:00:00Z,F-(807호 생산 Line),22.2,55.8
2026-07-06T03:00:00Z,G-(401호 기구창고),20.1,66.9
2026-07-06T04:00:00Z,A-(401호 회로창고 1),22.1,59.4
2026-07-06T04:00:00Z,B-(401호 회로창고 2),22.7,51.7
2026-07-06T04:00:00Z,C-(402호 수입검사),23.6,72.0
2026-07-06T04:00:00Z,D-(406호 기구창고),23.5,57.3
2026-07-06T04:00:00Z,E-(408호 OQC),22.1,70.4
2026-07-06T04:00:00Z,F-(807호 생산 Line),22.0,56.5
2026-07-06T04:00:00Z,G-(401호 기구창고),20.0,67.2
2026-07-06T05:00:00Z,A-(401호 회로창고 1),22.0,52.6
2026-07-06T05:00:00Z,B-(401호 회로창고 2),22.7,49.9
2026-07-06T05:00:00Z,C-(402호 수입검사),23.7,71.8
2026-07-06T05:00:00Z,D-(406호 기구창고),23.5,61.3
2026-07-06T05:00:00Z,E-(408호 OQC),22.4,72.9
2026-07-06T05:00:00Z,F-(807호 생산 Line),22.0,57.4
2026-07-06T05:00:00Z,G-(401호 기구창고),19.9,66.8
2026-07-06T06:00:00Z,A-(401호 회로창고 1),21.9,52.7
2026-07-06T06:00:00Z,B-(401호 회로창고 2),22.7,53.4
2026-07-06T06:00:00Z,C-(402호 수입검사),23.7,71.0
2026-07-06T06:00:00Z,D-(406호 기구창고),23.9,63.0
2026-07-06T06:00:00Z,E-(408호 OQC),22.4,71.9
2026-07-06T06:00:00Z,F-(807호 생산 Line),22.2,58.7
2026-07-06T06:00:00Z,G-(401호 기구창고),19.9,67.5
2026-07-06T07:00:00Z,A-(401호 회로창고 1),22.0,54.2
2026-07-06T07:00:00Z,B-(401호 회로창고 2),22.8,52.0
2026-07-06T07:00:00Z,C-(402호 수입검사),23.8,71.2
2026-07-06T07:00:00Z,D-(406호 기구창고),23.3,58.5
2026-07-06T07:00:00Z,E-(408호 OQC),22.1,70.4
2026-07-06T07:00:00Z,F-(807호 생산 Line),22.1,57.6
2026-07-06T07:00:00Z,G-(401호 기구창고),20.0,69.6
2026-07-06T08:00:00Z,A-(401호 회로창고 1),21.9,55.1
2026-07-06T08:00:00Z,B-(401호 회로창고 2),22.7,51.1
2026-07-06T08:00:00Z,C-(402호 수입검사),24.1,71.4
2026-07-06T08:00:00Z,D-(406호 기구창고),23.1,59.5
2026-07-06T08:00:00Z,E-(408호 OQC),22.5,70.2
2026-07-06T08:00:00Z,F-(807호 생산 Line),22.1,57.8
2026-07-06T08:00:00Z,G-(401호 기구창고),20.1,75.6
2026-07-06T09:00:00Z,A-(401호 회로창고 1),21.9,51.8
2026-07-06T09:00:00Z,B-(401호 회로창고 2),22.5,50.0
2026-07-06T10:00:00Z,A-(401호 회로창고 1),22.0,56.1
2026-07-06T10:00:00Z,B-(401호 회로창고 2),22.4,50.5
2026-07-06T11:00:00Z,A-(401호 회로창고 1),22.0,54.0
2026-07-06T11:00:00Z,B-(401호 회로창고 2),22.4,52.6
2026-07-06T12:00:00Z,A-(401호 회로창고 1),22.0,55.7
2026-07-06T12:00:00Z,B-(401호 회로창고 2),22.4,51.1
2026-07-06T13:00:00Z,A-(401호 회로창고 1),21.9,55.1
2026-07-06T13:00:00Z,B-(401호 회로창고 2),22.3,51.9
2026-07-06T14:00:00Z,A-(401호 회로창고 1),22.0,52.7
2026-07-06T14:00:00Z,B-(401호 회로창고 2),22.3,54.6
2026-07-06T15:00:00Z,A-(401호 회로창고 1),22.1,57.0
2026-07-06T15:00:00Z,B-(401호 회로창고 2),22.2,51.1
2026-07-06T16:00:00Z,A-(401호 회로창고 1),21.9,52.9
2026-07-06T16:00:00Z,B-(401호 회로창고 2),22.3,52.0
2026-07-06T17:00:00Z,A-(401호 회로창고 1),21.9,52.7
2026-07-06T17:00:00Z,B-(401호 회로창고 2),22.3,54.5
2026-07-06T18:00:00Z,A-(401호 회로창고 1),22.1,58.4
2026-07-06T18:00:00Z,B-(401호 회로창고 2),22.2,51.2
2026-07-06T19:00:00Z,A-(401호 회로창고 1),22.0,53.7
2026-07-06T19:00:00Z,B-(401호 회로창고 2),22.3,52.9
2026-07-06T20:00:00Z,A-(401호 회로창고 1),21.9,56.4
2026-07-06T20:00:00Z,B-(401호 회로창고 2),22.2,51.3
2026-07-06T21:00:00Z,A-(401호 회로창고 1),21.9,53.0
2026-07-06T21:00:00Z,B-(401호 회로창고 2),22.2,51.9
2026-07-06T22:00:00Z,A-(401호 회로창고 1),22.0,53.9
2026-07-06T22:00:00Z,B-(401호 회로창고 2),22.3,54.7
2026-07-06T23:00:00Z,A-(401호 회로창고 1),21.9,56.0
2026-07-06T23:00:00Z,B-(401호 회로창고 2),22.2,51.7
2026-07-07T00:00:00Z,A-(401호 회로창고 1),22.0,53.3
2026-07-07T00:00:00Z,B-(401호 회로창고 2),22.4,54.0
2026-07-07T00:00:00Z,C-(402호 수입검사),23.4,59.9
2026-07-07T00:00:00Z,D-(406호 기구창고),23.8,62.0
2026-07-07T00:00:00Z,E-(408호 OQC),22.2,71.2
2026-07-07T00:00:00Z,F-(807호 생산 Line),22.3,56.9
2026-07-07T00:00:00Z,G-(401호 기구창고),20.7,68.1
2026-07-07T01:00:00Z,A-(401호 회로창고 1),22.0,52.6
2026-07-07T01:00:00Z,B-(401호 회로창고 2),22.5,50.8
2026-07-07T01:00:00Z,C-(402호 수입검사),22.6,58.8
2026-07-07T01:00:00Z,D-(406호 기구창고),23.9,60.6
2026-07-07T01:00:00Z,E-(408호 OQC),22.0,70.1
2026-07-07T01:00:00Z,F-(807호 생산 Line),22.2,56.2
2026-07-07T01:00:00Z,G-(401호 기구창고),20.3,71.8
2026-07-07T02:00:00Z,A-(401호 회로창고 1),22.1,57.9
2026-07-07T02:00:00Z,B-(401호 회로창고 2),22.6,50.1
2026-07-07T02:00:00Z,C-(402호 수입검사),22.5,59.4
2026-07-07T02:00:00Z,D-(406호 기구창고),24.1,58.7
2026-07-07T02:00:00Z,E-(408호 OQC),21.9,72.6
2026-07-07T02:00:00Z,F-(807호 생산 Line),22.1,57.2
2026-07-07T02:00:00Z,G-(401호 기구창고),20.3,73.4
2026-07-07T03:00:00Z,A-(401호 회로창고 1),22.1,57.8
2026-07-07T03:00:00Z,B-(401호 회로창고 2),22.7,50.9
2026-07-07T03:00:00Z,C-(402호 수입검사),22.1,57.5
2026-07-07T03:00:00Z,D-(406호 기구창고),23.9,57.6
2026-07-07T03:00:00Z,E-(408호 OQC),22.3,75.6
2026-07-07T03:00:00Z,F-(807호 생산 Line),22.1,57.3
2026-07-07T03:00:00Z,G-(401호 기구창고),19.9,76.5
2026-07-07T04:00:00Z,A-(401호 회로창고 1),22.0,51.5
2026-07-07T04:00:00Z,B-(401호 회로창고 2),22.7,49.2
2026-07-07T04:00:00Z,C-(402호 수입검사),23.1,69.4
2026-07-07T04:00:00Z,D-(406호 기구창고),23.7,56.5
2026-07-07T04:00:00Z,E-(408호 OQC),22.0,71.0
2026-07-07T04:00:00Z,F-(807호 생산 Line),22.0,57.5
2026-07-07T04:00:00Z,G-(401호 기구창고),20.1,74.5
2026-07-07T05:00:00Z,A-(401호 회로창고 1),22.0,52.8
2026-07-07T05:00:00Z,B-(401호 회로창고 2),22.8,50.6
2026-07-07T05:00:00Z,C-(402호 수입검사),23.4,68.9
2026-07-07T05:00:00Z,D-(406호 기구창고),23.5,56.6
2026-07-07T05:00:00Z,E-(408호 OQC),21.9,71.2
2026-07-07T05:00:00Z,F-(807호 생산 Line),22.1,58.6
2026-07-07T05:00:00Z,G-(401호 기구창고),20.0,77.6
2026-07-07T06:00:00Z,A-(401호 회로창고 1),22.0,51.6
2026-07-07T06:00:00Z,B-(401호 회로창고 2),22.7,49.1
2026-07-07T06:00:00Z,C-(402호 수입검사),23.4,71.5
2026-07-07T06:00:00Z,D-(406호 기구창고),23.2,56.8
2026-07-07T06:00:00Z,E-(408호 OQC),21.8,70.7
2026-07-07T06:00:00Z,F-(807호 생산 Line),22.4,59.1
2026-07-07T06:00:00Z,G-(401호 기구창고),20.0,72.7
2026-07-07T07:00:00Z,A-(401호 회로창고 1),22.2,54.0
2026-07-07T07:00:00Z,B-(401호 회로창고 2),22.9,51.5
2026-07-07T07:00:00Z,C-(402호 수입검사),23.5,69.6
2026-07-07T07:00:00Z,D-(406호 기구창고),23.2,56.3
2026-07-07T07:00:00Z,E-(408호 OQC),22.0,71.1
2026-07-07T07:00:00Z,F-(807호 생산 Line),22.4,58.7
2026-07-07T07:00:00Z,G-(401호 기구창고),20.0,70.5
2026-07-07T08:00:00Z,A-(401호 회로창고 1),22.2,58.4
2026-07-07T08:00:00Z,B-(401호 회로창고 2),22.8,52.1
2026-07-07T08:00:00Z,C-(402호 수입검사),23.8,73.0
2026-07-07T08:00:00Z,D-(406호 기구창고),23.0,56.4
2026-07-07T08:00:00Z,E-(408호 OQC),22.3,73.5
2026-07-07T08:00:00Z,F-(807호 생산 Line),22.5,58.3
2026-07-07T08:00:00Z,G-(401호 기구창고),20.1,75.9
2026-07-07T09:00:00Z,A-(401호 회로창고 1),22.2,53.8
2026-07-07T09:00:00Z,B-(401호 회로창고 2),22.9,51.8
2026-07-07T10:00:00Z,A-(401호 회로창고 1),22.1,56.9
2026-07-07T10:00:00Z,B-(401호 회로창고 2),22.5,50.4
2026-07-07T11:00:00Z,A-(401호 회로창고 1),22.2,54.5
2026-07-07T11:00:00Z,B-(401호 회로창고 2),22.5,53.8
2026-07-07T12:00:00Z,A-(401호 회로창고 1),22.1,53.2
2026-07-07T12:00:00Z,B-(401호 회로창고 2),22.5,51.7
2026-07-07T13:00:00Z,A-(401호 회로창고 1),22.1,52.3
2026-07-07T13:00:00Z,B-(401호 회로창고 2),22.4,50.7
2026-07-07T14:00:00Z,A-(401호 회로창고 1),22.2,54.1
2026-07-07T14:00:00Z,B-(401호 회로창고 2),22.4,52.8
2026-07-07T15:00:00Z,A-(401호 회로창고 1),22.1,53.0
2026-07-07T15:00:00Z,B-(401호 회로창고 2),22.4,51.9
2026-07-07T16:00:00Z,A-(401호 회로창고 1),22.0,52.1
2026-07-07T16:00:00Z,B-(401호 회로창고 2),22.3,51.1
2026-07-07T17:00:00Z,A-(401호 회로창고 1),22.2,58.5
2026-07-07T17:00:00Z,B-(401호 회로창고 2),22.3,50.6
2026-07-07T18:00:00Z,A-(401호 회로창고 1),22.2,54.7
2026-07-07T18:00:00Z,B-(401호 회로창고 2),22.4,53.6
2026-07-07T19:00:00Z,A-(401호 회로창고 1),22.0,51.8
2026-07-07T19:00:00Z,B-(401호 회로창고 2),22.3,51.8
2026-07-07T20:00:00Z,A-(401호 회로창고 1),22.1,52.6
2026-07-07T20:00:00Z,B-(401호 회로창고 2),22.4,51.6
2026-07-07T21:00:00Z,A-(401호 회로창고 1),22.0,52.3
2026-07-07T21:00:00Z,B-(401호 회로창고 2),22.3,51.3
2026-07-07T22:00:00Z,A-(401호 회로창고 1),22.0,57.3
2026-07-07T22:00:00Z,B-(401호 회로창고 2),22.3,53.3
2026-07-07T23:00:00Z,A-(401호 회로창고 1),22.1,53.3
2026-07-07T23:00:00Z,B-(401호 회로창고 2),22.3,54.4
2026-07-08T00:00:00Z,A-(401호 회로창고 1),22.1,52.3
2026-07-08T00:00:00Z,B-(401호 회로창고 2),22.5,51.4
2026-07-08T00:00:00Z,C-(402호 수입검사),23.0,60.5
2026-07-08T00:00:00Z,D-(406호 기구창고),23.1,63.0
2026-07-08T00:00:00Z,E-(408호 OQC),22.1,75.3
2026-07-08T00:00:00Z,F-(807호 생산 Line),21.6,56.9
2026-07-08T00:00:00Z,G-(401호 기구창고),20.7,71.6
2026-07-08T01:00:00Z,A-(401호 회로창고 1),22.1,55.8
2026-07-08T01:00:00Z,B-(401호 회로창고 2),22.5,50.6
2026-07-08T01:00:00Z,C-(402호 수입검사),22.7,62.6
2026-07-08T01:00:00Z,D-(406호 기구창고),22.8,60.7
2026-07-08T01:00:00Z,E-(408호 OQC),21.7,74.9
2026-07-08T01:00:00Z,F-(807호 생산 Line),21.6,56.3
2026-07-08T01:00:00Z,G-(401호 기구창고),20.0,69.7
2026-07-08T02:00:00Z,A-(401호 회로창고 1),22.1,53.2
2026-07-08T02:00:00Z,B-(401호 회로창고 2),22.6,53.3
2026-07-08T02:00:00Z,C-(402호 수입검사),23.0,71.7
2026-07-08T02:00:00Z,D-(406호 기구창고),23.3,64.5
2026-07-08T02:00:00Z,E-(408호 OQC),21.9,73.5
2026-07-08T02:00:00Z,F-(807호 생산 Line),21.6,56.6
2026-07-08T02:00:00Z,G-(401호 기구창고),19.9,69.6
2026-07-08T03:00:00Z,A-(401호 회로창고 1),22.1,52.6
2026-07-08T03:00:00Z,B-(401호 회로창고 2),22.6,50.9
2026-07-08T03:00:00Z,D-(406호 기구창고),22.8,59.6
2026-07-08T03:00:00Z,E-(408호 OQC),22.6,81.4
2026-07-08T03:00:00Z,F-(807호 생산 Line),21.7,56.3
2026-07-08T03:00:00Z,G-(401호 기구창고),19.9,74.4
2026-07-08T04:00:00Z,A-(401호 회로창고 1),22.1,58.3
2026-07-08T04:00:00Z,B-(401호 회로창고 2),22.7,50.2
2026-07-08T04:00:00Z,C-(402호 수입검사),24.9,71.8
2026-07-08T04:00:00Z,D-(406호 기구창고),23.1,60.7
2026-07-08T04:00:00Z,E-(408호 OQC),22.1,76.4
2026-07-08T04:00:00Z,F-(807호 생산 Line),21.6,56.5
2026-07-08T04:00:00Z,G-(401호 기구창고),20.0,78.7
2026-07-08T05:00:00Z,A-(401호 회로창고 1),22.0,52.5
2026-07-08T05:00:00Z,B-(401호 회로창고 2),22.7,49.7
2026-07-08T05:00:00Z,C-(402호 수입검사),24.1,71.7
2026-07-08T05:00:00Z,D-(406호 기구창고),23.5,64.3
2026-07-08T05:00:00Z,E-(408호 OQC),21.8,80.1
2026-07-08T05:00:00Z,F-(807호 생산 Line),21.6,57.2
2026-07-08T05:00:00Z,G-(401호 기구창고),20.2,77.4
2026-07-08T06:00:00Z,A-(401호 회로창고 1),22.1,52.0
2026-07-08T06:00:00Z,B-(401호 회로창고 2),22.7,50.0
2026-07-08T06:00:00Z,C-(402호 수입검사),23.9,73.0
2026-07-08T06:00:00Z,D-(406호 기구창고),23.6,64.4
2026-07-08T06:00:00Z,E-(408호 OQC),21.7,74.5
2026-07-08T06:00:00Z,F-(807호 생산 Line),21.7,57.4
2026-07-08T06:00:00Z,G-(401호 기구창고),20.1,73.3
2026-07-08T07:00:00Z,A-(401호 회로창고 1),22.0,52.3
2026-07-08T07:00:00Z,B-(401호 회로창고 2),22.6,50.2
2026-07-08T07:00:00Z,C-(402호 수입검사),22.7,62.1
2026-07-08T07:00:00Z,D-(406호 기구창고),23.2,58.5
2026-07-08T07:00:00Z,E-(408호 OQC),22.5,75.8
2026-07-08T07:00:00Z,F-(807호 생산 Line),21.6,56.8
2026-07-08T07:00:00Z,G-(401호 기구창고),19.9,79.0
2026-07-08T08:00:00Z,A-(401호 회로창고 1),22.1,58.8
2026-07-08T08:00:00Z,B-(401호 회로창고 2),22.6,50.2
2026-07-08T08:00:00Z,C-(402호 수입검사),23.6,67.7
2026-07-08T08:00:00Z,D-(406호 기구창고),23.1,56.1
2026-07-08T08:00:00Z,E-(408호 OQC),22.7,76.0
2026-07-08T08:00:00Z,F-(807호 생산 Line),21.6,56.5
2026-07-08T08:00:00Z,G-(401호 기구창고),20.0,71.8
2026-07-08T09:00:00Z,A-(401호 회로창고 1),22.1,54.1
2026-07-08T09:00:00Z,B-(401호 회로창고 2),22.6,52.2
2026-07-08T10:00:00Z,A-(401호 회로창고 1),22.0,58.0
2026-07-08T10:00:00Z,B-(401호 회로창고 2),22.3,50.5
2026-07-08T11:00:00Z,A-(401호 회로창고 1),22.0,53.6
2026-07-08T11:00:00Z,B-(401호 회로창고 2),22.4,54.4
2026-07-08T12:00:00Z,A-(401호 회로창고 1),21.9,52.3
2026-07-08T12:00:00Z,B-(401호 회로창고 2),22.2,51.4
2026-07-08T13:00:00Z,A-(401호 회로창고 1),22.0,53.7
2026-07-08T13:00:00Z,B-(401호 회로창고 2),22.3,54.0
2026-07-08T14:00:00Z,A-(401호 회로창고 1),21.9,52.7
2026-07-08T14:00:00Z,B-(401호 회로창고 2),22.2,51.8
2026-07-08T15:00:00Z,A-(401호 회로창고 1),22.0,53.2
2026-07-08T15:00:00Z,B-(401호 회로창고 2),22.3,54.3
2026-07-08T16:00:00Z,A-(401호 회로창고 1),22.0,56.6
2026-07-08T16:00:00Z,B-(401호 회로창고 2),22.2,51.1
2026-07-08T17:00:00Z,A-(401호 회로창고 1),22.0,53.2
2026-07-08T17:00:00Z,B-(401호 회로창고 2),22.2,52.5
2026-07-08T18:00:00Z,A-(401호 회로창고 1),22.0,56.8
2026-07-08T18:00:00Z,B-(401호 회로창고 2),22.2,51.3
2026-07-08T19:00:00Z,A-(401호 회로창고 1),22.0,53.3
2026-07-08T19:00:00Z,B-(401호 회로창고 2),22.2,54.8
2026-07-08T20:00:00Z,A-(401호 회로창고 1),22.0,52.7
2026-07-08T20:00:00Z,B-(401호 회로창고 2),22.1,51.7
2026-07-08T21:00:00Z,A-(401호 회로창고 1),22.1,54.4
2026-07-08T21:00:00Z,B-(401호 회로창고 2),22.2,54.9
2026-07-08T22:00:00Z,A-(401호 회로창고 1),21.9,52.7
2026-07-08T22:00:00Z,B-(401호 회로창고 2),22.1,52.2
2026-07-08T23:00:00Z,A-(401호 회로창고 1),22.0,57.8
2026-07-08T23:00:00Z,B-(401호 회로창고 2),22.1,51.4
2026-07-09T00:00:00Z,A-(401호 회로창고 1),21.8,51.7
2026-07-09T00:00:00Z,B-(401호 회로창고 2),22.1,50.9
2026-07-09T00:00:00Z,C-(402호 수입검사),22.9,62.8
2026-07-09T00:00:00Z,D-(406호 기구창고),23.4,68.0
2026-07-09T00:00:00Z,E-(408호 OQC),22.3,79.0
2026-07-09T00:00:00Z,F-(807호 생산 Line),21.3,58.2
2026-07-09T00:00:00Z,G-(401호 기구창고),20.3,73.2
2026-07-09T01:00:00Z,A-(401호 회로창고 1),22.0,59.1
2026-07-09T01:00:00Z,B-(401호 회로창고 2),22.4,53.1
2026-07-09T01:00:00Z,C-(402호 수입검사),23.0,64.3
2026-07-09T01:00:00Z,D-(406호 기구창고),22.7,63.2
2026-07-09T01:00:00Z,E-(408호 OQC),22.0,78.5
2026-07-09T01:00:00Z,F-(807호 생산 Line),21.4,58.0
2026-07-09T01:00:00Z,G-(401호 기구창고),20.2,74.8
2026-07-09T02:00:00Z,A-(401호 회로창고 1),22.0,59.1
2026-07-09T02:00:00Z,B-(401호 회로창고 2),22.5,56.0
2026-07-09T02:00:00Z,C-(402호 수입검사),22.7,66.3
2026-07-09T02:00:00Z,D-(406호 기구창고),22.6,65.9
2026-07-09T02:00:00Z,E-(408호 OQC),21.4,71.6
2026-07-09T02:00:00Z,F-(807호 생산 Line),21.4,57.9
2026-07-09T02:00:00Z,G-(401호 기구창고),20.0,81.1
2026-07-09T03:00:00Z,A-(401호 회로창고 1),22.1,55.0
2026-07-09T03:00:00Z,B-(401호 회로창고 2),22.5,53.3
2026-07-09T03:00:00Z,C-(402호 수입검사),22.8,71.5
2026-07-09T03:00:00Z,D-(406호 기구창고),22.4,61.8
2026-07-09T03:00:00Z,E-(408호 OQC),21.0,76.0
2026-07-09T03:00:00Z,F-(807호 생산 Line),21.2,56.0
2026-07-09T03:00:00Z,G-(401호 기구창고),20.1,75.4
2026-07-09T04:00:00Z,A-(401호 회로창고 1),22.1,56.7
2026-07-09T04:00:00Z,B-(401호 회로창고 2),22.4,50.5
2026-07-09T04:00:00Z,C-(402호 수입검사),23.5,72.6
2026-07-09T04:00:00Z,D-(406호 기구창고),22.1,59.7
2026-07-09T04:00:00Z,E-(408호 OQC),20.3,71.5
2026-07-09T04:00:00Z,F-(807호 생산 Line),20.6,53.4
2026-07-09T04:00:00Z,G-(401호 기구창고),20.0,82.1
2026-07-09T06:00:00Z,A-(401호 회로창고 1),22.0,59.2
2026-07-09T05:00:00Z,B-(401호 회로창고 2),22.4,50.7
2026-07-09T05:00:00Z,C-(402호 수입검사),23.7,77.8
2026-07-09T06:00:00Z,D-(406호 기구창고),22.4,62.0
2026-07-09T05:00:00Z,E-(408호 OQC),21.1,79.4
2026-07-09T05:00:00Z,F-(807호 생산 Line),20.2,54.2
2026-07-09T05:00:00Z,G-(401호 기구창고),19.8,73.1
2026-07-09T06:00:00Z,B-(401호 회로창고 2),22.5,52.9
2026-07-09T06:00:00Z,C-(402호 수입검사),23.8,77.6
2026-07-09T06:00:00Z,E-(408호 OQC),20.3,71.6
2026-07-09T06:00:00Z,F-(807호 생산 Line),20.0,55.4
2026-07-09T06:00:00Z,G-(401호 기구창고),19.9,72.8
2026-07-09T08:00:00Z,A-(401호 회로창고 1),22.0,57.8
2026-07-09T08:00:00Z,B-(401호 회로창고 2),22.3,52.0
2026-07-09T09:00:00Z,A-(401호 회로창고 1),21.9,53.3
2026-07-09T09:00:00Z,B-(401호 회로창고 2),22.2,52.1
2026-07-09T10:00:00Z,A-(401호 회로창고 1),22.0,57.0
2026-07-09T11:00:00Z,B-(401호 회로창고 2),22.2,55.1
2026-07-09T11:00:00Z,A-(401호 회로창고 1),21.9,53.0
2026-07-09T12:00:00Z,A-(401호 회로창고 1),22.0,57.4
2026-07-09T12:00:00Z,B-(401호 회로창고 2),22.0,51.7
2026-07-09T13:00:00Z,A-(401호 회로창고 1),22.0,53.5
2026-07-09T13:00:00Z,B-(401호 회로창고 2),22.1,53.2
2026-07-09T14:00:00Z,A-(401호 회로창고 1),21.9,55.5
2026-07-09T14:00:00Z,B-(401호 회로창고 2),22.0,52.0
2026-07-09T15:00:00Z,A-(401호 회로창고 1),21.9,53.2
2026-07-09T15:00:00Z,B-(401호 회로창고 2),22.1,53.4
2026-07-09T16:00:00Z,A-(401호 회로창고 1),21.9,55.2
2026-07-09T16:00:00Z,B-(401호 회로창고 2),22.0,52.3
2026-07-09T17:00:00Z,A-(401호 회로창고 1),22.0,53.7
2026-07-09T17:00:00Z,B-(401호 회로창고 2),22.1,53.4
2026-07-09T18:00:00Z,A-(401호 회로창고 1),21.9,52.6
2026-07-09T18:00:00Z,B-(401호 회로창고 2),22.0,52.3
2026-07-09T19:00:00Z,A-(401호 회로창고 1),22.0,54.0
2026-07-09T19:00:00Z,B-(401호 회로창고 2),22.1,54.0
2026-07-09T20:00:00Z,A-(401호 회로창고 1),21.9,52.6
2026-07-09T20:00:00Z,B-(401호 회로창고 2),22.0,52.2
2026-07-09T21:00:00Z,A-(401호 회로창고 1),22.0,58.8
2026-07-09T21:00:00Z,B-(401호 회로창고 2),22.1,55.4
2026-07-09T22:00:00Z,A-(401호 회로창고 1),21.9,53.2
2026-07-09T22:00:00Z,B-(401호 회로창고 2),22.0,52.9
2026-07-09T23:00:00Z,A-(401호 회로창고 1),22.0,57.9
2026-07-09T23:00:00Z,B-(401호 회로창고 2),22.0,51.7
2026-07-10T00:00:00Z,A-(401호 회로창고 1),22.1,54.4
2026-07-10T00:00:00Z,B-(401호 회로창고 2),22.4,53.5
2026-07-10T00:00:00Z,C-(402호 수입검사),22.9,66.5
2026-07-10T00:00:00Z,D-(406호 기구창고),22.7,64.5
2026-07-10T00:00:00Z,E-(408호 OQC),21.3,79.4
2026-07-10T00:00:00Z,F-(807호 생산 Line),21.2,58.5
2026-07-10T00:00:00Z,G-(401호 기구창고),23.6,100.0
2026-07-10T01:00:00Z,A-(401호 회로창고 1),22.1,54.0
2026-07-10T01:00:00Z,B-(401호 회로창고 2),22.4,52.9
2026-07-10T01:00:00Z,C-(402호 수입검사),23.6,75.9
2026-07-10T01:00:00Z,D-(406호 기구창고),22.7,62.2
2026-07-10T01:00:00Z,E-(408호 OQC),21.3,78.5
2026-07-10T01:00:00Z,F-(807호 생산 Line),21.3,58.0
2026-07-10T01:00:00Z,G-(401호 기구창고),20.9,76.4
2026-07-10T02:00:00Z,A-(401호 회로창고 1),22.0,52.9
2026-07-10T02:00:00Z,B-(401호 회로창고 2),22.4,51.5
2026-07-10T02:00:00Z,C-(402호 수입검사),23.6,77.2
2026-07-10T02:00:00Z,D-(406호 기구창고),22.4,60.0
2026-07-10T02:00:00Z,E-(408호 OQC),21.5,87.5
2026-07-10T02:00:00Z,F-(807호 생산 Line),21.4,59.0
2026-07-10T02:00:00Z,G-(401호 기구창고),19.9,74.7
2026-07-10T03:00:00Z,A-(401호 회로창고 1),22.0,53.5
2026-07-10T03:00:00Z,B-(401호 회로창고 2),22.5,52.4
2026-07-10T03:00:00Z,C-(402호 수입검사),23.7,78.9
2026-07-10T03:00:00Z,D-(406호 기구창고),22.3,62.0
2026-07-10T03:00:00Z,E-(408호 OQC),20.7,73.7
2026-07-10T03:00:00Z,F-(807호 생산 Line),21.3,57.4
2026-07-10T03:00:00Z,G-(401호 기구창고),19.7,78.1
2026-07-10T04:00:00Z,A-(401호 회로창고 1),22.1,57.4
2026-07-10T04:00:00Z,B-(401호 회로창고 2),22.5,50.5
2026-07-10T04:00:00Z,C-(402호 수입검사),24.4,75.4
2026-07-10T04:00:00Z,D-(406호 기구창고),22.0,59.3
2026-07-10T04:00:00Z,E-(408호 OQC),21.0,78.4
2026-07-10T04:00:00Z,F-(807호 생산 Line),21.1,56.5
2026-07-10T04:00:00Z,G-(401호 기구창고),19.8,80.8
2026-07-10T05:00:00Z,A-(401호 회로창고 1),22.2,57.0
2026-07-10T05:00:00Z,B-(401호 회로창고 2),22.6,53.6
2026-07-10T05:00:00Z,C-(402호 수입검사),23.9,76.0
2026-07-10T05:00:00Z,D-(406호 기구창고),22.3,62.7
2026-07-10T05:00:00Z,E-(408호 OQC),21.2,79.6
2026-07-10T05:00:00Z,F-(807호 생산 Line),21.1,58.4
2026-07-10T05:00:00Z,G-(401호 기구창고),19.8,74.8
2026-07-10T06:00:00Z,A-(401호 회로창고 1),22.1,54.5
2026-07-10T06:00:00Z,B-(401호 회로창고 2),22.5,52.3
2026-07-10T06:00:00Z,C-(402호 수입검사),23.2,71.3
2026-07-10T06:00:00Z,D-(406호 기구창고),22.3,59.3
2026-07-10T06:00:00Z,E-(408호 OQC),21.3,80.5
2026-07-10T06:00:00Z,F-(807호 생산 Line),21.3,59.3
2026-07-10T06:00:00Z,G-(401호 기구창고),20.2,77.2
2026-07-10T07:00:00Z,A-(401호 회로창고 1),22.1,58.2
2026-07-10T07:00:00Z,B-(401호 회로창고 2),22.6,54.8
2026-07-10T07:00:00Z,C-(402호 수입검사),23.2,73.0
2026-07-10T07:00:00Z,D-(406호 기구창고),22.6,61.2
2026-07-10T07:00:00Z,E-(408호 OQC),21.3,80.2
2026-07-10T07:00:00Z,F-(807호 생산 Line),21.4,59.3
2026-07-10T07:00:00Z,G-(401호 기구창고),19.9,84.8
2026-07-10T08:00:00Z,A-(401호 회로창고 1),22.0,51.8
2026-07-10T08:00:00Z,B-(401호 회로창고 2),22.6,49.9
2026-07-10T08:00:00Z,C-(402호 수입검사),23.0,73.0
2026-07-10T08:00:00Z,D-(406호 기구창고),22.4,58.9
2026-07-10T08:00:00Z,E-(408호 OQC),22.5,81.1
2026-07-10T08:00:00Z,F-(807호 생산 Line),21.7,61.3
2026-07-10T08:00:00Z,G-(401호 기구창고),21.7,88.3
2026-07-10T09:00:00Z,A-(401호 회로창고 1),22.0,52.9
2026-07-10T09:00:00Z,B-(401호 회로창고 2),22.4,51.4
2026-07-10T10:00:00Z,A-(401호 회로창고 1),22.1,59.0
2026-07-10T10:00:00Z,B-(401호 회로창고 2),22.3,51.0
2026-07-10T11:00:00Z,A-(401호 회로창고 1),22.0,54.4
2026-07-10T11:00:00Z,B-(401호 회로창고 2),22.3,53.4
2026-07-10T12:00:00Z,A-(401호 회로창고 1),22.1,55.0
2026-07-10T12:00:00Z,B-(401호 회로창고 2),22.2,53.0
2026-07-10T13:00:00Z,A-(401호 회로창고 1),21.9,53.0
2026-07-10T13:00:00Z,B-(401호 회로창고 2),22.2,52.3
2026-07-10T14:00:00Z,A-(401호 회로창고 1),22.0,53.7
2026-07-10T14:00:00Z,B-(401호 회로창고 2),22.2,54.1
2026-07-10T15:00:00Z,A-(401호 회로창고 1),22.0,57.3
2026-07-10T15:00:00Z,B-(401호 회로창고 2),22.2,51.9
2026-07-10T16:00:00Z,A-(401호 회로창고 1),21.9,52.8
2026-07-10T16:00:00Z,B-(401호 회로창고 2),22.2,52.5
2026-07-10T17:00:00Z,A-(401호 회로창고 1),22.1,59.0
2026-07-10T17:00:00Z,B-(401호 회로창고 2),22.1,51.4
2026-07-10T18:00:00Z,A-(401호 회로창고 1),22.0,53.7
2026-07-10T18:00:00Z,B-(401호 회로창고 2),22.2,53.2
2026-07-10T19:00:00Z,A-(401호 회로창고 1),22.0,53.8
2026-07-10T19:00:00Z,B-(401호 회로창고 2),22.2,54.7
2026-07-10T20:00:00Z,A-(401호 회로창고 1),22.1,58.8
2026-07-10T20:00:00Z,B-(401호 회로창고 2),22.1,55.3
2026-07-10T21:00:00Z,A-(401호 회로창고 1),22.0,53.9
2026-07-10T21:00:00Z,B-(401호 회로창고 2),22.2,53.8
2026-07-10T22:00:00Z,A-(401호 회로창고 1),22.0,57.4
2026-07-10T22:00:00Z,B-(401호 회로창고 2),22.1,53.3
2026-07-10T23:00:00Z,A-(401호 회로창고 1),21.9,53.2
2026-07-10T23:00:00Z,B-(401호 회로창고 2),22.2,52.5
2026-07-11T00:00:00Z,A-(401호 회로창고 1),22.0,53.0
2026-07-11T00:00:00Z,B-(401호 회로창고 2),22.2,52.7
2026-07-11T01:00:00Z,A-(401호 회로창고 1),22.1,55.1
2026-07-11T01:00:00Z,B-(401호 회로창고 2),22.3,54.3
2026-07-11T02:00:00Z,A-(401호 회로창고 1),21.9,53.7
2026-07-11T02:00:00Z,B-(401호 회로창고 2),22.3,50.4
2026-07-11T03:00:00Z,A-(401호 회로창고 1),22.0,52.8
2026-07-11T03:00:00Z,B-(401호 회로창고 2),22.3,51.4
2026-07-11T04:00:00Z,A-(401호 회로창고 1),22.1,59.0
2026-07-11T04:00:00Z,B-(401호 회로창고 2),22.5,53.4
2026-07-11T05:00:00Z,A-(401호 회로창고 1),21.9,51.9
2026-07-11T05:00:00Z,B-(401호 회로창고 2),22.4,50.2
2026-07-11T06:00:00Z,A-(401호 회로창고 1),22.1,55.3
2026-07-11T06:00:00Z,B-(401호 회로창고 2),22.5,51.6
2026-07-11T07:00:00Z,A-(401호 회로창고 1),21.9,52.3
2026-07-11T07:00:00Z,B-(401호 회로창고 2),22.4,50.4
2026-07-11T08:00:00Z,A-(401호 회로창고 1),22.1,55.4
2026-07-11T08:00:00Z,B-(401호 회로창고 2),22.4,51.6
2026-07-11T09:00:00Z,A-(401호 회로창고 1),22.0,53.6
2026-07-11T09:00:00Z,B-(401호 회로창고 2),22.4,50.2
2026-07-11T10:00:00Z,A-(401호 회로창고 1),22.0,52.3
2026-07-11T10:00:00Z,B-(401호 회로창고 2),22.4,51.0
2026-07-11T11:00:00Z,A-(401호 회로창고 1),22.0,53.3
2026-07-11T11:00:00Z,B-(401호 회로창고 2),22.4,52.0
2026-07-11T12:00:00Z,A-(401호 회로창고 1),22.2,57.6
2026-07-11T12:00:00Z,B-(401호 회로창고 2),22.4,51.5
2026-07-11T13:00:00Z,A-(401호 회로창고 1),22.1,54.2
2026-07-11T13:00:00Z,B-(401호 회로창고 2),22.4,53.0
2026-07-11T14:00:00Z,A-(401호 회로창고 1),22.0,55.3
2026-07-11T14:00:00Z,B-(401호 회로창고 2),22.3,50.8
2026-07-11T15:00:00Z,A-(401호 회로창고 1),22.0,53.0
2026-07-11T15:00:00Z,B-(401호 회로창고 2),22.3,51.9
2026-07-11T16:00:00Z,A-(401호 회로창고 1),22.0,53.2
2026-07-11T16:00:00Z,B-(401호 회로창고 2),22.4,54.5
2026-07-11T17:00:00Z,A-(401호 회로창고 1),22.2,57.3
2026-07-11T17:00:00Z,B-(401호 회로창고 2),22.3,51.0
2026-07-11T18:00:00Z,A-(401호 회로창고 1),22.0,53.0
2026-07-11T18:00:00Z,B-(401호 회로창고 2),22.3,52.1
2026-07-11T19:00:00Z,A-(401호 회로창고 1),22.0,53.2
2026-07-11T19:00:00Z,B-(401호 회로창고 2),22.3,54.2
2026-07-11T20:00:00Z,A-(401호 회로창고 1),22.1,57.9
2026-07-11T20:00:00Z,B-(401호 회로창고 2),22.3,51.1
2026-07-11T21:00:00Z,A-(401호 회로창고 1),22.0,53.1
2026-07-11T21:00:00Z,B-(401호 회로창고 2),22.3,52.3
2026-07-11T22:00:00Z,A-(401호 회로창고 1),22.1,53.4
2026-07-11T22:00:00Z,B-(401호 회로창고 2),22.3,54.5
2026-07-11T23:00:00Z,A-(401호 회로창고 1),22.1,58.2
2026-07-11T23:00:00Z,B-(401호 회로창고 2),22.6,51.3
2026-07-12T00:00:00Z,A-(401호 회로창고 1),22.0,51.2
2026-07-12T00:00:00Z,B-(401호 회로창고 2),22.7,49.9
2026-07-12T01:00:00Z,A-(401호 회로창고 1),22.2,52.7
2026-07-12T01:00:00Z,B-(401호 회로창고 2),22.9,51.4
2026-07-12T02:00:00Z,A-(401호 회로창고 1),22.3,58.9
2026-07-12T02:00:00Z,B-(401호 회로창고 2),23.0,50.0
2026-07-12T03:00:00Z,A-(401호 회로창고 1),22.2,53.0
2026-07-12T03:00:00Z,B-(401호 회로창고 2),23.1,50.4
2026-07-12T04:00:00Z,A-(401호 회로창고 1),22.7,62.6
2026-07-12T04:00:00Z,B-(401호 회로창고 2),23.3,57.4
2026-07-12T05:00:00Z,A-(401호 회로창고 1),22.4,63.6
2026-07-12T05:00:00Z,B-(401호 회로창고 2),23.3,60.0
2026-07-12T07:00:00Z,A-(401호 회로창고 1),21.9,55.4
2026-07-12T07:00:00Z,B-(401호 회로창고 2),23.1,51.6
2026-07-12T08:00:00Z,A-(401호 회로창고 1),21.9,54.6
2026-07-12T08:00:00Z,B-(401호 회로창고 2),22.9,51.0
2026-07-12T09:00:00Z,A-(401호 회로창고 1),21.9,54.1
2026-07-12T09:00:00Z,B-(401호 회로창고 2),22.8,50.8
2026-07-12T10:00:00Z,A-(401호 회로창고 1),21.8,53.5
2026-07-12T10:00:00Z,B-(401호 회로창고 2),22.7,50.3
2026-07-12T11:00:00Z,A-(401호 회로창고 1),21.9,52.8
2026-07-12T11:00:00Z,B-(401호 회로창고 2),22.7,49.6
2026-07-12T12:00:00Z,A-(401호 회로창고 1),21.8,52.4
2026-07-12T12:00:00Z,B-(401호 회로창고 2),22.7,49.5
2026-07-12T13:00:00Z,A-(401호 회로창고 1),21.9,52.1
2026-07-12T13:00:00Z,B-(401호 회로창고 2),22.6,49.4
2026-07-12T14:00:00Z,A-(401호 회로창고 1),22.1,58.5
2026-07-12T14:00:00Z,B-(401호 회로창고 2),22.6,51.5
2026-07-12T15:00:00Z,A-(401호 회로창고 1),21.9,52.4
2026-07-12T15:00:00Z,B-(401호 회로창고 2),22.6,49.8
2026-07-12T16:00:00Z,A-(401호 회로창고 1),22.1,56.8
2026-07-12T16:00:00Z,B-(401호 회로창고 2),22.6,51.5
2026-07-12T17:00:00Z,A-(401호 회로창고 1),21.9,52.3
2026-07-12T17:00:00Z,B-(401호 회로창고 2),22.6,49.8
2026-07-12T18:00:00Z,A-(401호 회로창고 1),22.0,53.1
2026-07-12T18:00:00Z,B-(401호 회로창고 2),22.6,51.1
2026-07-12T19:00:00Z,A-(401호 회로창고 1),21.9,52.0
2026-07-12T19:00:00Z,B-(401호 회로창고 2),22.6,51.9
2026-07-12T20:00:00Z,A-(401호 회로창고 1),21.9,52.4
2026-07-12T20:00:00Z,B-(401호 회로창고 2),22.6,50.5
2026-07-12T21:00:00Z,A-(401호 회로창고 1),22.0,57.9
2026-07-12T21:00:00Z,B-(401호 회로창고 2),22.6,53.1
2026-07-12T22:00:00Z,A-(401호 회로창고 1),21.9,52.2
2026-07-12T22:00:00Z,B-(401호 회로창고 2),22.5,50.0
2026-07-12T23:00:00Z,A-(401호 회로창고 1),21.9,53.8
2026-07-12T23:00:00Z,B-(401호 회로창고 2),22.6,49.5
2026-07-13T00:00:00Z,A-(401호 회로창고 1),22.0,52.4
2026-07-13T00:00:00Z,B-(401호 회로창고 2),22.8,49.8
2026-07-13T00:00:00Z,C-(402호 수입검사),22.8,62.6
2026-07-13T00:00:00Z,D-(406호 기구창고),25.8,58.9
2026-07-13T00:00:00Z,E-(408호 OQC),22.4,59.0
2026-07-13T00:00:00Z,F-(807호 생산 Line),25.0,58.5
2026-07-13T00:00:00Z,G-(401호 기구창고),21.0,75.5
2026-07-13T01:00:00Z,A-(401호 회로창고 1),22.1,52.5
2026-07-13T01:00:00Z,B-(401호 회로창고 2),22.9,49.8
2026-07-13T01:00:00Z,C-(402호 수입검사),22.5,61.2
2026-07-13T01:00:00Z,D-(406호 기구창고),25.5,56.8
2026-07-13T01:00:00Z,E-(408호 OQC),21.9,65.6
2026-07-13T01:00:00Z,F-(807호 생산 Line),24.7,58.0
2026-07-13T01:00:00Z,G-(401호 기구창고),20.4,74.6
2026-07-13T02:00:00Z,A-(401호 회로창고 1),22.0,53.5
2026-07-13T02:00:00Z,B-(401호 회로창고 2),23.0,51.8
2026-07-13T02:00:00Z,C-(402호 수입검사),23.1,66.2
2026-07-13T02:00:00Z,D-(406호 기구창고),25.0,57.0
2026-07-13T02:00:00Z,E-(408호 OQC),21.0,63.4
2026-07-13T02:00:00Z,F-(807호 생산 Line),24.4,57.9
2026-07-13T02:00:00Z,G-(401호 기구창고),20.3,74.5
2026-07-13T03:00:00Z,A-(401호 회로창고 1),21.9,53.2
2026-07-13T03:00:00Z,B-(401호 회로창고 2),23.1,49.3
2026-07-13T03:00:00Z,C-(402호 수입검사),23.0,67.2
2026-07-13T03:00:00Z,D-(406호 기구창고),24.8,56.0
2026-07-13T03:00:00Z,E-(408호 OQC),20.8,63.2
2026-07-13T03:00:00Z,F-(807호 생산 Line),24.2,57.8
2026-07-13T03:00:00Z,G-(401호 기구창고),20.2,74.6
2026-07-13T04:00:00Z,A-(401호 회로창고 1),21.8,54.6
2026-07-13T04:00:00Z,B-(401호 회로창고 2),23.2,51.2
2026-07-13T04:00:00Z,C-(402호 수입검사),23.0,65.8
2026-07-13T04:00:00Z,D-(406호 기구창고),24.7,54.9
2026-07-13T04:00:00Z,E-(408호 OQC),21.1,65.9
2026-07-13T04:00:00Z,F-(807호 생산 Line),24.0,56.8
2026-07-13T04:00:00Z,G-(401호 기구창고),20.0,74.3
2026-07-13T05:00:00Z,A-(401호 회로창고 1),22.0,54.3
2026-07-13T05:00:00Z,B-(401호 회로창고 2),23.1,49.9
2026-07-13T05:00:00Z,C-(402호 수입검사),22.9,66.3
2026-07-13T05:00:00Z,D-(406호 기구창고),25.1,61.5
2026-07-13T05:00:00Z,E-(408호 OQC),21.6,69.3
2026-07-13T05:00:00Z,F-(807호 생산 Line),23.9,58.2
2026-07-13T05:00:00Z,G-(401호 기구창고),20.0,73.0
2026-07-13T06:00:00Z,A-(401호 회로창고 1),22.0,52.8
2026-07-13T06:00:00Z,B-(401호 회로창고 2),23.2,48.9
2026-07-13T06:00:00Z,C-(402호 수입검사),22.5,61.5
2026-07-13T06:00:00Z,D-(406호 기구창고),25.2,62.8
2026-07-13T06:00:00Z,E-(408호 OQC),20.9,65.8
2026-07-13T06:00:00Z,F-(807호 생산 Line),24.0,58.6
2026-07-13T06:00:00Z,G-(401호 기구창고),19.9,72.5
2026-07-13T07:00:00Z,A-(401호 회로창고 1),21.9,52.4
2026-07-13T07:00:00Z,B-(401호 회로창고 2),23.1,48.6
2026-07-13T07:00:00Z,C-(402호 수입검사),22.4,62.3
2026-07-13T07:00:00Z,D-(406호 기구창고),24.5,57.3
2026-07-13T07:00:00Z,E-(408호 OQC),20.7,68.2
2026-07-13T07:00:00Z,F-(807호 생산 Line),24.1,58.0
2026-07-13T07:00:00Z,G-(401호 기구창고),20.7,99.7
2026-07-13T08:00:00Z,A-(401호 회로창고 1),22.3,52.2
2026-07-13T08:00:00Z,B-(401호 회로창고 2),23.1,49.2
2026-07-13T08:00:00Z,C-(402호 수입검사),22.0,59.6
2026-07-13T08:00:00Z,D-(406호 기구창고),24.1,56.2
2026-07-13T08:00:00Z,E-(408호 OQC),21.8,73.3
2026-07-13T08:00:00Z,F-(807호 생산 Line),23.9,60.1
2026-07-13T08:00:00Z,G-(401호 기구창고),19.7,71.5
2026-07-13T09:00:00Z,A-(401호 회로창고 1),22.5,55.6
2026-07-13T09:00:00Z,B-(401호 회로창고 2),22.8,50.5
2026-07-13T10:00:00Z,A-(401호 회로창고 1),22.2,51.4
2026-07-13T10:00:00Z,B-(401호 회로창고 2),22.7,49.5
2026-07-13T11:00:00Z,A-(401호 회로창고 1),22.2,51.2
2026-07-13T11:00:00Z,B-(401호 회로창고 2),22.7,53.1
2026-07-13T12:00:00Z,A-(401호 회로창고 1),22.4,57.5
2026-07-13T12:00:00Z,B-(401호 회로창고 2),22.6,51.3
2026-07-13T13:00:00Z,A-(401호 회로창고 1),22.2,51.2
2026-07-13T13:00:00Z,B-(401호 회로창고 2),22.5,49.8
2026-07-13T14:00:00Z,A-(401호 회로창고 1),22.5,54.4
2026-07-13T14:00:00Z,B-(401호 회로창고 2),22.6,53.2
2026-07-13T15:00:00Z,A-(401호 회로창고 1),22.3,51.8
2026-07-13T15:00:00Z,B-(401호 회로창고 2),22.5,50.5
2026-07-13T16:00:00Z,A-(401호 회로창고 1),22.2,51.4
2026-07-13T16:00:00Z,B-(401호 회로창고 2),22.5,50.1
2026-07-13T17:00:00Z,A-(401호 회로창고 1),22.3,57.3
2026-07-13T17:00:00Z,B-(401호 회로창고 2),22.6,53.0
2026-07-13T18:00:00Z,A-(401호 회로창고 1),22.2,51.4
2026-07-13T18:00:00Z,B-(401호 회로창고 2),22.5,50.4
2026-07-13T19:00:00Z,A-(401호 회로창고 1),22.2,51.4
2026-07-13T19:00:00Z,B-(401호 회로창고 2),22.5,52.2
2026-07-13T20:00:00Z,A-(401호 회로창고 1),22.5,56.8
2026-07-13T20:00:00Z,B-(401호 회로창고 2),22.5,51.7
2026-07-13T21:00:00Z,A-(401호 회로창고 1),22.2,51.1
2026-07-13T21:00:00Z,B-(401호 회로창고 2),22.4,50.2
2026-07-13T22:00:00Z,A-(401호 회로창고 1),22.4,54.2
2026-07-13T22:00:00Z,B-(401호 회로창고 2),22.5,53.4
2026-07-13T23:00:00Z,A-(401호 회로창고 1),22.2,52.1
2026-07-13T23:00:00Z,B-(401호 회로창고 2),22.5,50.4
2026-07-14T00:00:00Z,A-(401호 회로창고 1),22.3,51.8
2026-07-14T00:00:00Z,B-(401호 회로창고 2),22.7,50.3
2026-07-14T00:00:00Z,C-(402호 수입검사),23.4,69.9
2026-07-14T00:00:00Z,D-(406호 기구창고),24.8,60.4
2026-07-14T00:00:00Z,E-(408호 OQC),21.6,66.0
2026-07-14T00:00:00Z,F-(807호 생산 Line),25.4,56.8
2026-07-14T00:00:00Z,G-(401호 기구창고),24.4,88.0
2026-07-14T01:00:00Z,A-(401호 회로창고 1),22.3,52.1
2026-07-14T01:00:00Z,B-(401호 회로창고 2),22.8,50.1
2026-07-14T01:00:00Z,C-(402호 수입검사),23.0,66.6
2026-07-14T01:00:00Z,D-(406호 기구창고),25.1,61.4
2026-07-14T01:00:00Z,E-(408호 OQC),21.2,68.5
2026-07-14T01:00:00Z,F-(807호 생산 Line),24.7,57.0
2026-07-14T01:00:00Z,G-(401호 기구창고),21.4,71.6
2026-07-14T02:00:00Z,A-(401호 회로창고 1),22.2,52.5
2026-07-14T02:00:00Z,B-(401호 회로창고 2),22.9,49.4
2026-07-14T02:00:00Z,D-(406호 기구창고),25.0,61.4
2026-07-14T02:00:00Z,E-(408호 OQC),21.2,70.4
2026-07-14T02:00:00Z,F-(807호 생산 Line),24.3,57.6
2026-07-14T02:00:00Z,G-(401호 기구창고),20.8,72.5
2026-07-14T03:00:00Z,A-(401호 회로창고 1),22.1,52.5
2026-07-14T03:00:00Z,B-(401호 회로창고 2),23.0,49.4
2026-07-14T03:00:00Z,D-(406호 기구창고),24.9,62.2
2026-07-14T03:00:00Z,E-(408호 OQC),21.0,71.0
2026-07-14T03:00:00Z,F-(807호 생산 Line),24.2,56.7
2026-07-14T03:00:00Z,G-(401호 기구창고),20.5,70.6
2026-07-14T04:00:00Z,A-(401호 회로창고 1),22.0,53.1
2026-07-14T04:00:00Z,B-(401호 회로창고 2),23.1,49.5
2026-07-14T04:00:00Z,D-(406호 기구창고),24.5,58.0
2026-07-14T04:00:00Z,E-(408호 OQC),20.8,72.3
2026-07-14T04:00:00Z,F-(807호 생산 Line),24.0,56.6
2026-07-14T04:00:00Z,G-(401호 기구창고),20.3,70.9
2026-07-14T05:00:00Z,A-(401호 회로창고 1),22.0,52.6
2026-07-14T05:00:00Z,B-(401호 회로창고 2),23.1,49.3
2026-07-14T05:00:00Z,D-(406호 기구창고),24.1,58.2
2026-07-14T05:00:00Z,E-(408호 OQC),22.1,79.2
2026-07-14T05:00:00Z,F-(807호 생산 Line),23.9,57.5
2026-07-14T05:00:00Z,G-(401호 기구창고),20.2,69.6
2026-07-14T06:00:00Z,A-(401호 회로창고 1),21.9,52.9
2026-07-14T06:00:00Z,B-(401호 회로창고 2),23.1,49.4
2026-07-14T06:00:00Z,D-(406호 기구창고),24.7,64.7
2026-07-14T06:00:00Z,E-(408호 OQC),21.2,74.5
2026-07-14T06:00:00Z,F-(807호 생산 Line),23.9,58.7
2026-07-14T06:00:00Z,G-(401호 기구창고),20.0,71.0
2026-07-14T07:00:00Z,A-(401호 회로창고 1),22.1,54.8
2026-07-14T07:00:00Z,B-(401호 회로창고 2),23.1,51.6
2026-07-14T07:00:00Z,D-(406호 기구창고),24.7,65.4
2026-07-14T07:00:00Z,E-(408호 OQC),21.2,74.1
2026-07-14T07:00:00Z,F-(807호 생산 Line),23.9,57.9
2026-07-14T07:00:00Z,G-(401호 기구창고),19.9,68.2
2026-07-14T08:00:00Z,A-(401호 회로창고 1),22.1,56.0
2026-07-14T08:00:00Z,B-(401호 회로창고 2),23.1,49.5
2026-07-14T08:00:00Z,D-(406호 기구창고),23.9,59.5
2026-07-14T08:00:00Z,E-(408호 OQC),21.3,76.7
2026-07-14T08:00:00Z,F-(807호 생산 Line),23.8,57.0
2026-07-14T08:00:00Z,G-(401호 기구창고),19.8,69.6
2026-07-14T09:00:00Z,A-(401호 회로창고 1),22.0,53.2
2026-07-14T09:00:00Z,B-(401호 회로창고 2),22.8,50.3
2026-07-14T10:00:00Z,A-(401호 회로창고 1),21.9,52.5
2026-07-14T10:00:00Z,B-(401호 회로창고 2),22.8,50.1
2026-07-14T11:00:00Z,A-(401호 회로창고 1),21.9,53.4
2026-07-14T11:00:00Z,B-(401호 회로창고 2),22.7,50.9
2026-07-14T12:00:00Z,A-(401호 회로창고 1),22.0,53.8
2026-07-14T12:00:00Z,B-(401호 회로창고 2),22.7,51.3
2026-07-14T13:00:00Z,A-(401호 회로창고 1),21.9,53.1
2026-07-14T13:00:00Z,B-(401호 회로창고 2),22.7,50.9
2026-07-14T14:00:00Z,A-(401호 회로창고 1),21.9,52.8
2026-07-14T14:00:00Z,B-(401호 회로창고 2),22.6,50.6
2026-07-14T15:00:00Z,A-(401호 회로창고 1),22.0,53.9
2026-07-14T15:00:00Z,B-(401호 회로창고 2),22.6,51.6
2026-07-14T16:00:00Z,A-(401호 회로창고 1),21.9,53.5
2026-07-14T16:00:00Z,B-(401호 회로창고 2),22.6,53.4
2026-07-14T17:00:00Z,A-(401호 회로창고 1),22.2,57.5
2026-07-14T17:00:00Z,B-(401호 회로창고 2),22.6,50.8
2026-07-14T18:00:00Z,A-(401호 회로창고 1),22.0,52.9
2026-07-14T18:00:00Z,B-(401호 회로창고 2),22.6,51.0
2026-07-14T19:00:00Z,A-(401호 회로창고 1),22.0,57.2
2026-07-14T19:00:00Z,B-(401호 회로창고 2),22.6,51.2
2026-07-14T20:00:00Z,A-(401호 회로창고 1),21.9,52.3
2026-07-14T20:00:00Z,B-(401호 회로창고 2),22.5,50.5
2026-07-14T21:00:00Z,A-(401호 회로창고 1),22.1,59.3
2026-07-14T21:00:00Z,B-(401호 회로창고 2),22.6,52.7
2026-07-14T22:00:00Z,A-(401호 회로창고 1),22.1,55.1
2026-07-14T22:00:00Z,B-(401호 회로창고 2),22.5,50.8
2026-07-14T23:00:00Z,A-(401호 회로창고 1),22.0,52.4
2026-07-14T23:00:00Z,B-(401호 회로창고 2),22.5,50.7
2026-07-15T00:00:00Z,A-(401호 회로창고 1),22.0,52.1
2026-07-15T00:00:00Z,B-(401호 회로창고 2),22.7,50.3
2026-07-15T00:00:00Z,D-(406호 기구창고),23.7,59.3
2026-07-15T00:00:00Z,E-(408호 OQC),21.5,72.9
2026-07-15T00:00:00Z,F-(807호 생산 Line),23.3,57.1
2026-07-15T00:00:00Z,G-(401호 기구창고),21.2,78.4
2026-07-15T01:00:00Z,A-(401호 회로창고 1),22.0,52.1
2026-07-15T01:00:00Z,B-(401호 회로창고 2),22.7,49.8
2026-07-15T01:00:00Z,D-(406호 기구창고),23.2,58.0
2026-07-15T01:00:00Z,E-(408호 OQC),21.2,72.0
2026-07-15T01:00:00Z,F-(807호 생산 Line),23.1,55.3
2026-07-15T01:00:00Z,G-(401호 기구창고),20.4,76.2
2026-07-15T02:00:00Z,A-(401호 회로창고 1),22.0,52.5
2026-07-15T02:00:00Z,B-(401호 회로창고 2),22.8,51.1
2026-07-15T02:00:00Z,D-(406호 기구창고),23.3,64.2
2026-07-15T02:00:00Z,E-(408호 OQC),21.0,71.9
2026-07-15T02:00:00Z,F-(807호 생산 Line),22.9,55.5
2026-07-15T02:00:00Z,G-(401호 기구창고),20.1,76.1
2026-07-15T03:00:00Z,A-(401호 회로창고 1),22.3,56.2
2026-07-15T03:00:00Z,B-(401호 회로창고 2),22.8,51.3
2026-07-15T03:00:00Z,D-(406호 기구창고),23.3,58.0
2026-07-15T03:00:00Z,E-(408호 OQC),21.0,72.0
2026-07-15T03:00:00Z,F-(807호 생산 Line),22.8,55.4
2026-07-15T03:00:00Z,G-(401호 기구창고),19.9,75.4
2026-07-15T04:00:00Z,A-(401호 회로창고 1),22.1,51.7
2026-07-15T04:00:00Z,B-(401호 회로창고 2),22.7,49.8
2026-07-15T04:00:00Z,D-(406호 기구창고),23.2,58.6
2026-07-15T04:00:00Z,E-(408호 OQC),20.9,72.9
2026-07-15T04:00:00Z,F-(807호 생산 Line),23.0,55.9
2026-07-15T04:00:00Z,G-(401호 기구창고),19.8,74.4
2026-07-15T05:00:00Z,A-(401호 회로창고 1),22.1,53.6
2026-07-15T05:00:00Z,B-(401호 회로창고 2),22.9,51.5
2026-07-15T05:00:00Z,D-(406호 기구창고),23.0,60.2
2026-07-15T05:00:00Z,E-(408호 OQC),21.1,77.9
2026-07-15T05:00:00Z,F-(807호 생산 Line),22.7,56.1
2026-07-15T05:00:00Z,G-(401호 기구창고),21.3,81.5
2026-07-15T06:00:00Z,A-(401호 회로창고 1),22.1,53.4
2026-07-15T06:00:00Z,B-(401호 회로창고 2),22.8,51.3
2026-07-15T06:00:00Z,D-(406호 기구창고),23.4,59.6
2026-07-15T06:00:00Z,E-(408호 OQC),21.2,74.7
2026-07-15T06:00:00Z,F-(807호 생산 Line),22.5,56.1
2026-07-15T06:00:00Z,G-(401호 기구창고),19.9,74.1
2026-07-15T07:00:00Z,A-(401호 회로창고 1),22.1,58.2
2026-07-15T07:00:00Z,B-(401호 회로창고 2),22.8,50.6
2026-07-15T07:00:00Z,D-(406호 기구창고),23.8,64.3
2026-07-15T07:00:00Z,E-(408호 OQC),20.8,72.5
2026-07-15T07:00:00Z,F-(807호 생산 Line),22.5,56.4
2026-07-15T07:00:00Z,G-(401호 기구창고),19.9,76.8
2026-07-15T08:00:00Z,A-(401호 회로창고 1),21.9,51.9
2026-07-15T08:00:00Z,B-(401호 회로창고 2),22.8,49.6
2026-07-15T08:00:00Z,D-(406호 기구창고),24.3,66.5
2026-07-15T08:00:00Z,E-(408호 OQC),21.1,74.2
2026-07-15T08:00:00Z,F-(807호 생산 Line),22.5,56.9
2026-07-15T08:00:00Z,G-(401호 기구창고),19.9,74.8
2026-07-15T09:00:00Z,A-(401호 회로창고 1),22.0,55.7
2026-07-15T09:00:00Z,B-(401호 회로창고 2),22.7,51.4
2026-07-15T10:00:00Z,A-(401호 회로창고 1),21.8,52.0
2026-07-15T10:00:00Z,B-(401호 회로창고 2),22.6,52.9
2026-07-15T11:00:00Z,A-(401호 회로창고 1),21.9,52.4
2026-07-15T11:00:00Z,B-(401호 회로창고 2),22.5,50.5
2026-07-15T12:00:00Z,A-(401호 회로창고 1),22.1,56.1
2026-07-15T12:00:00Z,B-(401호 회로창고 2),22.5,52.4
2026-07-15T13:00:00Z,A-(401호 회로창고 1),21.9,53.9
2026-07-15T13:00:00Z,B-(401호 회로창고 2),22.5,53.9
2026-07-15T14:00:00Z,A-(401호 회로창고 1),21.9,51.9
2026-07-15T14:00:00Z,B-(401호 회로창고 2),22.5,50.2
2026-07-15T15:00:00Z,A-(401호 회로창고 1),21.9,53.0
2026-07-15T15:00:00Z,B-(401호 회로창고 2),22.4,51.9
2026-07-15T16:00:00Z,A-(401호 회로창고 1),22.1,58.2
2026-07-15T16:00:00Z,B-(401호 회로창고 2),22.5,53.7
2026-07-15T17:00:00Z,A-(401호 회로창고 1),22.0,53.9
2026-07-15T17:00:00Z,B-(401호 회로창고 2),22.4,52.7
2026-07-15T18:00:00Z,A-(401호 회로창고 1),21.9,52.5
2026-07-15T18:00:00Z,B-(401호 회로창고 2),22.3,51.5
2026-07-15T19:00:00Z,A-(401호 회로창고 1),21.9,52.9
2026-07-15T19:00:00Z,B-(401호 회로창고 2),22.3,51.9
2026-07-15T20:00:00Z,A-(401호 회로창고 1),21.9,52.8
2026-07-15T20:00:00Z,B-(401호 회로창고 2),22.3,52.0
2026-07-15T21:00:00Z,A-(401호 회로창고 1),21.9,56.8
2026-07-15T21:00:00Z,B-(401호 회로창고 2),22.4,55.4
2026-07-15T22:00:00Z,A-(401호 회로창고 1),21.9,53.6
2026-07-15T22:00:00Z,B-(401호 회로창고 2),22.4,54.0
2026-07-15T23:00:00Z,A-(401호 회로창고 1),21.9,53.3
2026-07-15T23:00:00Z,B-(401호 회로창고 2),22.3,52.1
2026-07-16T00:00:00Z,A-(401호 회로창고 1),22.0,54.7
2026-07-16T00:00:00Z,B-(401호 회로창고 2),22.6,53.2
2026-07-16T00:00:00Z,D-(406호 기구창고),25.0,58.3
2026-07-16T00:00:00Z,E-(408호 OQC),21.6,70.1
2026-07-16T00:00:00Z,F-(807호 생산 Line),23.1,56.2
2026-07-16T00:00:00Z,G-(401호 기구창고),21.0,68.4
2026-07-16T01:00:00Z,A-(401호 회로창고 1),22.0,51.6
2026-07-16T01:00:00Z,B-(401호 회로창고 2),22.7,50.1
2026-07-16T01:00:00Z,D-(406호 기구창고),24.6,56.3
2026-07-16T01:00:00Z,E-(408호 OQC),20.9,70.1
2026-07-16T01:00:00Z,F-(807호 생산 Line),22.8,56.7
2026-07-16T01:00:00Z,G-(401호 기구창고),24.9,100.0
2026-07-16T02:00:00Z,A-(401호 회로창고 1),22.1,54.2
2026-07-16T02:00:00Z,B-(401호 회로창고 2),22.7,49.8
2026-07-16T02:00:00Z,D-(406호 기구창고),24.2,56.5
2026-07-16T02:00:00Z,E-(408호 OQC),21.6,75.0
2026-07-16T02:00:00Z,F-(807호 생산 Line),22.8,57.0
2026-07-16T02:00:00Z,G-(401호 기구창고),20.5,66.6
2026-07-16T03:00:00Z,A-(401호 회로창고 1),22.3,54.0
2026-07-16T03:00:00Z,B-(401호 회로창고 2),22.8,52.1
2026-07-16T03:00:00Z,D-(406호 기구창고),24.6,62.4
2026-07-16T03:00:00Z,E-(408호 OQC),21.1,75.3
2026-07-16T03:00:00Z,F-(807호 생산 Line),22.7,57.1
2026-07-16T03:00:00Z,G-(401호 기구창고),20.4,71.1
2026-07-16T04:00:00Z,A-(401호 회로창고 1),22.2,52.7
2026-07-16T04:00:00Z,B-(401호 회로창고 2),22.7,50.7
2026-07-16T04:00:00Z,D-(406호 기구창고),24.0,56.6
2026-07-16T04:00:00Z,E-(408호 OQC),21.0,75.6
2026-07-16T04:00:00Z,F-(807호 생산 Line),22.5,56.2
2026-07-16T04:00:00Z,G-(401호 기구창고),20.3,72.5
2026-07-16T05:00:00Z,A-(401호 회로창고 1),22.2,52.7
2026-07-16T05:00:00Z,B-(401호 회로창고 2),22.8,50.8
2026-07-16T05:00:00Z,D-(406호 기구창고),23.6,57.5
2026-07-16T05:00:00Z,E-(408호 OQC),21.3,75.2
2026-07-16T05:00:00Z,F-(807호 생산 Line),22.4,57.4
2026-07-16T05:00:00Z,G-(401호 기구창고),20.2,73.8
2026-07-16T06:00:00Z,A-(401호 회로창고 1),22.2,52.3
2026-07-16T06:00:00Z,B-(401호 회로창고 2),22.7,49.9
2026-07-16T06:00:00Z,D-(406호 기구창고),23.5,57.3
2026-07-16T06:00:00Z,E-(408호 OQC),21.0,72.2
2026-07-16T06:00:00Z,F-(807호 생산 Line),22.3,56.1
2026-07-16T06:00:00Z,G-(401호 기구창고),20.9,81.2
2026-07-16T07:00:00Z,A-(401호 회로창고 1),22.4,53.0
2026-07-16T07:00:00Z,B-(401호 회로창고 2),22.8,51.1
2026-07-16T07:00:00Z,D-(406호 기구창고),23.1,55.4
2026-07-16T07:00:00Z,E-(408호 OQC),21.2,74.5
2026-07-16T07:00:00Z,F-(807호 생산 Line),22.3,56.1
2026-07-16T07:00:00Z,G-(401호 기구창고),21.2,82.8
2026-07-16T08:00:00Z,A-(401호 회로창고 1),22.2,51.6
2026-07-16T08:00:00Z,B-(401호 회로창고 2),22.8,53.2
2026-07-16T08:00:00Z,D-(406호 기구창고),22.9,54.8
2026-07-16T08:00:00Z,E-(408호 OQC),21.8,82.6
2026-07-16T08:00:00Z,F-(807호 생산 Line),22.1,55.9
2026-07-16T08:00:00Z,G-(401호 기구창고),20.5,83.9
2026-07-16T09:00:00Z,A-(401호 회로창고 1),22.6,58.7
2026-07-16T09:00:00Z,B-(401호 회로창고 2),22.7,50.7
2026-07-16T10:00:00Z,A-(401호 회로창고 1),22.3,50.8
2026-07-16T10:00:00Z,B-(401호 회로창고 2),22.6,49.5
2026-07-16T11:00:00Z,A-(401호 회로창고 1),22.5,56.5
2026-07-16T11:00:00Z,B-(401호 회로창고 2),22.7,52.6
2026-07-16T12:00:00Z,A-(401호 회로창고 1),22.3,50.7
2026-07-16T12:00:00Z,B-(401호 회로창고 2),22.7,49.6
2026-07-16T13:00:00Z,A-(401호 회로창고 1),22.4,52.0
2026-07-16T13:00:00Z,B-(401호 회로창고 2),22.6,50.8
2026-07-16T14:00:00Z,A-(401호 회로창고 1),22.4,52.8
2026-07-16T14:00:00Z,B-(401호 회로창고 2),22.6,51.8
2026-07-16T15:00:00Z,A-(401호 회로창고 1),22.4,52.5
2026-07-16T15:00:00Z,B-(401호 회로창고 2),22.6,51.4
2026-07-16T16:00:00Z,A-(401호 회로창고 1),22.4,52.2
2026-07-16T16:00:00Z,B-(401호 회로창고 2),22.6,51.2
2026-07-16T17:00:00Z,A-(401호 회로창고 1),22.6,56.9
2026-07-16T17:00:00Z,B-(401호 회로창고 2),22.7,54.7
2026-07-16T18:00:00Z,A-(401호 회로창고 1),22.6,53.9
2026-07-16T18:00:00Z,B-(401호 회로창고 2),22.7,53.3
2026-07-16T19:00:00Z,A-(401호 회로창고 1),22.5,53.2
2026-07-16T19:00:00Z,B-(401호 회로창고 2),22.6,52.2
2026-07-16T20:00:00Z,A-(401호 회로창고 1),22.4,51.8
2026-07-16T20:00:00Z,B-(401호 회로창고 2),22.6,51.0
2026-07-16T21:00:00Z,A-(401호 회로창고 1),22.5,56.9
2026-07-16T21:00:00Z,B-(401호 회로창고 2),22.6,53.9
2026-07-16T22:00:00Z,A-(401호 회로창고 1),22.3,55.0
2026-07-16T22:00:00Z,B-(401호 회로창고 2),22.6,54.1
2026-07-16T23:00:00Z,A-(401호 회로창고 1),22.3,50.5
2026-07-16T23:00:00Z,B-(401호 회로창고 2),22.6,49.7
2026-07-17T00:00:00Z,A-(401호 회로창고 1),22.6,58.8
2026-07-17T00:00:00Z,B-(401호 회로창고 2),22.7,51.4
2026-07-17T00:00:00Z,D-(406호 기구창고),28.1,62.1
2026-07-17T00:00:00Z,E-(408호 OQC),25.6,88.5
2026-07-17T00:00:00Z,F-(807호 생산 Line),26.3,55.6
2026-07-17T00:00:00Z,G-(401호 기구창고),23.3,85.5
2026-07-17T01:00:00Z,A-(401호 회로창고 1),22.3,51.8
2026-07-17T01:00:00Z,B-(401호 회로창고 2),22.6,50.3
2026-07-17T01:00:00Z,D-(406호 기구창고),28.7,61.2
2026-07-17T01:00:00Z,E-(408호 OQC),25.9,88.3
2026-07-17T01:00:00Z,F-(807호 생산 Line),26.6,56.1
2026-07-17T01:00:00Z,G-(401호 기구창고),23.5,86.1
2026-07-17T02:00:00Z,A-(401호 회로창고 1),22.3,51.4
2026-07-17T02:00:00Z,B-(401호 회로창고 2),22.7,51.6
2026-07-17T02:00:00Z,D-(406호 기구창고),28.6,61.4
2026-07-17T02:00:00Z,E-(408호 OQC),25.9,88.3
2026-07-17T02:00:00Z,F-(807호 생산 Line),27.0,57.0
2026-07-17T02:00:00Z,G-(401호 기구창고),23.6,87.6
2026-07-17T03:00:00Z,A-(401호 회로창고 1),22.4,53.4
2026-07-17T03:00:00Z,B-(401호 회로창고 2),22.8,51.8
2026-07-17T03:00:00Z,D-(406호 기구창고),28.4,62.4
2026-07-17T03:00:00Z,E-(408호 OQC),25.9,88.0
2026-07-17T03:00:00Z,F-(807호 생산 Line),27.2,56.1
2026-07-17T03:00:00Z,G-(401호 기구창고),23.7,89.3
2026-07-17T04:00:00Z,A-(401호 회로창고 1),22.4,51.4
2026-07-17T04:00:00Z,B-(401호 회로창고 2),22.8,49.5
2026-07-17T04:00:00Z,D-(406호 기구창고),28.0,63.7
2026-07-17T04:00:00Z,E-(408호 OQC),25.9,88.2
2026-07-17T04:00:00Z,F-(807호 생산 Line),27.5,56.7
2026-07-17T04:00:00Z,G-(401호 기구창고),23.8,93.2
2026-07-17T05:00:00Z,A-(401호 회로창고 1),22.3,51.1
2026-07-17T05:00:00Z,B-(401호 회로창고 2),22.7,52.2
2026-07-17T05:00:00Z,D-(406호 기구창고),28.0,64.3
2026-07-17T05:00:00Z,E-(408호 OQC),25.9,88.2
2026-07-17T05:00:00Z,F-(807호 생산 Line),26.6,61.1
2026-07-17T05:00:00Z,G-(401호 기구창고),23.8,88.9
2026-07-17T06:00:00Z,A-(401호 회로창고 1),22.3,51.1
2026-07-17T06:00:00Z,B-(401호 회로창고 2),22.8,52.5
2026-07-17T06:00:00Z,D-(406호 기구창고),27.9,64.7
2026-07-17T06:00:00Z,E-(408호 OQC),25.9,88.1
2026-07-17T06:00:00Z,F-(807호 생산 Line),26.2,61.7
2026-07-17T06:00:00Z,G-(401호 기구창고),23.9,88.0
2026-07-17T07:00:00Z,A-(401호 회로창고 1),22.3,52.4
2026-07-17T07:00:00Z,B-(401호 회로창고 2),22.8,50.5
2026-07-17T07:00:00Z,D-(406호 기구창고),27.8,65.7
2026-07-17T07:00:00Z,E-(408호 OQC),25.9,88.8
2026-07-17T07:00:00Z,F-(807호 생산 Line),26.4,61.3
2026-07-17T07:00:00Z,G-(401호 기구창고),23.9,87.4
2026-07-17T08:00:00Z,A-(401호 회로창고 1),22.3,53.5
2026-07-17T08:00:00Z,B-(401호 회로창고 2),22.8,49.1
2026-07-17T08:00:00Z,D-(406호 기구창고),27.6,67.3
2026-07-17T08:00:00Z,E-(408호 OQC),25.9,89.3
2026-07-17T08:00:00Z,F-(807호 생산 Line),26.3,61.7
2026-07-17T08:00:00Z,G-(401호 기구창고),23.9,86.9
2026-07-17T09:00:00Z,A-(401호 회로창고 1),22.5,56.7
2026-07-17T09:00:00Z,B-(401호 회로창고 2),22.8,51.1
2026-07-17T10:00:00Z,A-(401호 회로창고 1),22.3,50.9
2026-07-17T10:00:00Z,B-(401호 회로창고 2),22.7,49.8
2026-07-17T11:00:00Z,A-(401호 회로창고 1),22.4,51.6
2026-07-17T11:00:00Z,B-(401호 회로창고 2),22.7,50.0
2026-07-17T12:00:00Z,A-(401호 회로창고 1),22.6,55.9
2026-07-17T12:00:00Z,B-(401호 회로창고 2),22.8,51.5
2026-07-17T13:00:00Z,A-(401호 회로창고 1),22.3,50.8
2026-07-17T13:00:00Z,B-(401호 회로창고 2),22.7,49.3
2026-07-17T14:00:00Z,A-(401호 회로창고 1),22.4,52.5
2026-07-17T14:00:00Z,B-(401호 회로창고 2),22.7,50.9
2026-07-17T15:00:00Z,A-(401호 회로창고 1),22.4,50.6
2026-07-17T15:00:00Z,B-(401호 회로창고 2),22.7,52.4
2026-07-17T16:00:00Z,A-(401호 회로창고 1),22.4,51.5
2026-07-17T16:00:00Z,B-(401호 회로창고 2),22.7,50.2
2026-07-17T17:00:00Z,A-(401호 회로창고 1),22.5,56.6
2026-07-17T17:00:00Z,B-(401호 회로창고 2),22.7,51.5
2026-07-17T18:00:00Z,A-(401호 회로창고 1),22.3,51.1
2026-07-17T18:00:00Z,B-(401호 회로창고 2),22.7,53.0
2026-07-17T19:00:00Z,A-(401호 회로창고 1),22.3,52.8
2026-07-17T19:00:00Z,B-(401호 회로창고 2),22.7,51.4
2026-07-17T20:00:00Z,A-(401호 회로창고 1),22.4,58.5
2026-07-17T20:00:00Z,B-(401호 회로창고 2),22.7,50.8
2026-07-17T21:00:00Z,A-(401호 회로창고 1),22.3,50.9
2026-07-17T21:00:00Z,B-(401호 회로창고 2),22.6,49.9
2026-07-17T22:00:00Z,A-(401호 회로창고 1),22.2,51.1
2026-07-17T22:00:00Z,B-(401호 회로창고 2),22.7,54.1
2026-07-17T23:00:00Z,A-(401호 회로창고 1),22.3,52.3
2026-07-17T23:00:00Z,B-(401호 회로창고 2),22.6,51.2
2026-07-18T00:00:00Z,A-(401호 회로창고 1),22.4,57.2
2026-07-18T00:00:00Z,B-(401호 회로창고 2),22.6,51.9
2026-07-18T01:00:00Z,A-(401호 회로창고 1),22.3,51.0
2026-07-18T01:00:00Z,B-(401호 회로창고 2),22.6,49.4
2026-07-18T02:00:00Z,A-(401호 회로창고 1),22.5,58.0
2026-07-18T02:00:00Z,B-(401호 회로창고 2),22.7,53.3
2026-07-18T03:00:00Z,A-(401호 회로창고 1),22.2,55.1
2026-07-18T03:00:00Z,B-(401호 회로창고 2),22.7,52.6
2026-07-18T04:00:00Z,A-(401호 회로창고 1),22.3,50.7
2026-07-18T04:00:00Z,B-(401호 회로창고 2),22.6,49.5
2026-07-18T05:00:00Z,A-(401호 회로창고 1),22.3,53.1
2026-07-18T05:00:00Z,B-(401호 회로창고 2),22.8,51.6
2026-07-18T06:00:00Z,A-(401호 회로창고 1),22.3,51.3
2026-07-18T06:00:00Z,B-(401호 회로창고 2),22.8,49.7
2026-07-18T07:00:00Z,A-(401호 회로창고 1),22.2,51.1
2026-07-18T07:00:00Z,B-(401호 회로창고 2),22.7,49.3
2026-07-18T08:00:00Z,A-(401호 회로창고 1),22.3,50.7
2026-07-18T08:00:00Z,B-(401호 회로창고 2),22.8,54.4
2026-07-18T09:00:00Z,A-(401호 회로창고 1),22.3,51.9
2026-07-18T09:00:00Z,B-(401호 회로창고 2),22.7,50.2
2026-07-18T10:00:00Z,A-(401호 회로창고 1),22.2,51.4
2026-07-18T10:00:00Z,B-(401호 회로창고 2),22.7,49.0
2026-07-18T11:00:00Z,A-(401호 회로창고 1),22.6,57.2
2026-07-18T11:00:00Z,B-(401호 회로창고 2),22.7,50.9
2026-07-18T12:00:00Z,A-(401호 회로창고 1),22.3,54.3
2026-07-18T12:00:00Z,B-(401호 회로창고 2),22.7,49.4
2026-07-18T13:00:00Z,A-(401호 회로창고 1),22.3,50.9
2026-07-18T13:00:00Z,B-(401호 회로창고 2),22.6,49.6
2026-07-18T14:00:00Z,A-(401호 회로창고 1),22.3,52.1
2026-07-18T14:00:00Z,B-(401호 회로창고 2),22.7,50.7
2026-07-18T15:00:00Z,A-(401호 회로창고 1),22.2,50.5
2026-07-18T15:00:00Z,B-(401호 회로창고 2),22.6,54.1
2026-07-18T16:00:00Z,A-(401호 회로창고 1),22.3,51.4
2026-07-18T16:00:00Z,B-(401호 회로창고 2),22.7,50.1
2026-07-18T17:00:00Z,A-(401호 회로창고 1),22.5,58.3
2026-07-18T17:00:00Z,B-(401호 회로창고 2),22.7,53.2
2026-07-18T18:00:00Z,A-(401호 회로창고 1),22.2,50.5
2026-07-18T18:00:00Z,B-(401호 회로창고 2),22.6,49.4
2026-07-18T19:00:00Z,A-(401호 회로창고 1),22.4,55.4
2026-07-18T19:00:00Z,B-(401호 회로창고 2),22.6,50.2
2026-07-18T20:00:00Z,A-(401호 회로창고 1),22.5,53.7
2026-07-18T20:00:00Z,B-(401호 회로창고 2),22.7,52.6
2026-07-18T21:00:00Z,A-(401호 회로창고 1),22.3,51.8
2026-07-18T21:00:00Z,B-(401호 회로창고 2),22.6,50.7
2026-07-18T22:00:00Z,A-(401호 회로창고 1),22.4,57.4
2026-07-18T22:00:00Z,B-(401호 회로창고 2),22.6,50.1
2026-07-18T23:00:00Z,A-(401호 회로창고 1),22.4,53.2
2026-07-18T23:00:00Z,B-(401호 회로창고 2),22.7,53.4
2026-07-19T00:00:00Z,A-(401호 회로창고 1),22.3,52.5
2026-07-19T00:00:00Z,B-(401호 회로창고 2),22.7,51.3
2026-07-19T01:00:00Z,A-(401호 회로창고 1),22.2,51.1
2026-07-19T01:00:00Z,B-(401호 회로창고 2),22.6,49.2
2026-07-19T02:00:00Z,A-(401호 회로창고 1),22.3,52.5
2026-07-19T02:00:00Z,B-(401호 회로창고 2),22.7,50.8
2026-07-19T03:00:00Z,A-(401호 회로창고 1),22.2,51.1
2026-07-19T03:00:00Z,B-(401호 회로창고 2),22.7,49.2
2026-07-19T04:00:00Z,A-(401호 회로창고 1),22.5,53.9
2026-07-19T04:00:00Z,B-(401호 회로창고 2),22.9,52.2
2026-07-19T05:00:00Z,A-(401호 회로창고 1),22.5,55.9
2026-07-19T05:00:00Z,B-(401호 회로창고 2),22.8,50.0
2026-07-19T06:00:00Z,A-(401호 회로창고 1),22.3,51.0
2026-07-19T06:00:00Z,B-(401호 회로창고 2),22.8,49.3
2026-07-19T07:00:00Z,A-(401호 회로창고 1),22.2,52.6
2026-07-19T07:00:00Z,B-(401호 회로창고 2),22.7,49.4
2026-07-19T08:00:00Z,A-(401호 회로창고 1),22.3,51.2
2026-07-19T08:00:00Z,B-(401호 회로창고 2),22.8,49.5
2026-07-19T09:00:00Z,A-(401호 회로창고 1),22.3,51.2
2026-07-19T09:00:00Z,B-(401호 회로창고 2),22.7,49.3
2026-07-19T10:00:00Z,A-(401호 회로창고 1),22.3,52.7
2026-07-19T10:00:00Z,B-(401호 회로창고 2),22.8,50.8
2026-07-19T11:00:00Z,A-(401호 회로창고 1),22.5,53.2
2026-07-19T11:00:00Z,B-(401호 회로창고 2),22.9,51.5
2026-07-19T12:00:00Z,A-(401호 회로창고 1),22.4,52.7
2026-07-19T12:00:00Z,B-(401호 회로창고 2),22.8,51.3
2026-07-19T13:00:00Z,A-(401호 회로창고 1),22.4,52.8
2026-07-19T13:00:00Z,B-(401호 회로창고 2),22.8,51.3
2026-07-19T14:00:00Z,A-(401호 회로창고 1),22.4,52.3
2026-07-19T14:00:00Z,B-(401호 회로창고 2),22.8,50.8
2026-07-19T15:00:00Z,A-(401호 회로창고 1),22.3,51.4
2026-07-19T15:00:00Z,B-(401호 회로창고 2),22.7,49.8
2026-07-19T16:00:00Z,A-(401호 회로창고 1),22.3,51.3
2026-07-19T16:00:00Z,B-(401호 회로창고 2),22.7,49.8
2026-07-19T17:00:00Z,A-(401호 회로창고 1),22.5,57.6
2026-07-19T17:00:00Z,B-(401호 회로창고 2),22.7,52.4
2026-07-19T18:00:00Z,A-(401호 회로창고 1),22.5,53.3
2026-07-19T18:00:00Z,B-(401호 회로창고 2),22.8,51.8
2026-07-19T19:00:00Z,A-(401호 회로창고 1),22.3,51.7
2026-07-19T19:00:00Z,B-(401호 회로창고 2),22.7,50.2
2026-07-19T20:00:00Z,A-(401호 회로창고 1),22.6,56.4
2026-07-19T20:00:00Z,B-(401호 회로창고 2),22.7,50.4
2026-07-19T21:00:00Z,A-(401호 회로창고 1),22.5,53.2
2026-07-19T21:00:00Z,B-(401호 회로창고 2),22.7,52.2
2026-07-19T22:00:00Z,A-(401호 회로창고 1),22.3,51.7
2026-07-19T22:00:00Z,B-(401호 회로창고 2),22.7,50.0
2026-07-19T23:00:00Z,A-(401호 회로창고 1),22.4,55.7
2026-07-19T23:00:00Z,B-(401호 회로창고 2),22.7,49.8
2026-07-20T00:00:00Z,A-(401호 회로창고 1),22.4,57.1
2026-07-20T00:00:00Z,B-(401호 회로창고 2),22.7,52.1
2026-07-20T00:00:00Z,D-(406호 기구창고),24.8,59.5
2026-07-20T00:00:00Z,E-(408호 OQC),22.2,69.2
2026-07-20T00:00:00Z,F-(807호 생산 Line),24.4,54.5
2026-07-20T00:00:00Z,G-(401호 기구창고),21.0,71.6
2026-07-20T01:00:00Z,A-(401호 회로창고 1),22.5,54.2
2026-07-20T01:00:00Z,B-(401호 회로창고 2),22.7,52.8
2026-07-20T01:00:00Z,D-(406호 기구창고),24.6,63.4
2026-07-20T01:00:00Z,E-(408호 OQC),21.1,64.0
2026-07-20T01:00:00Z,F-(807호 생산 Line),23.7,54.4
2026-07-20T01:00:00Z,G-(401호 기구창고),20.4,70.5
2026-07-20T02:00:00Z,A-(401호 회로창고 1),22.4,52.8
2026-07-20T02:00:00Z,B-(401호 회로창고 2),22.7,51.2
2026-07-20T02:00:00Z,D-(406호 기구창고),24.5,58.8
2026-07-20T02:00:00Z,E-(408호 OQC),20.9,60.8
2026-07-20T02:00:00Z,F-(807호 생산 Line),23.4,54.2
2026-07-20T02:00:00Z,G-(401호 기구창고),21.0,75.0
2026-07-20T03:00:00Z,A-(401호 회로창고 1),22.1,50.8
2026-07-20T03:00:00Z,B-(401호 회로창고 2),22.8,49.3
2026-07-20T03:00:00Z,D-(406호 기구창고),24.2,56.6
2026-07-20T03:00:00Z,E-(408호 OQC),21.1,64.6
2026-07-20T03:00:00Z,F-(807호 생산 Line),23.2,54.6
2026-07-20T03:00:00Z,G-(401호 기구창고),20.1,72.7
2026-07-20T04:00:00Z,A-(401호 회로창고 1),22.1,51.2
2026-07-20T04:00:00Z,B-(401호 회로창고 2),22.9,49.1
2026-07-20T04:00:00Z,D-(406호 기구창고),24.0,55.8
2026-07-20T04:00:00Z,E-(408호 OQC),20.9,64.5
2026-07-20T04:00:00Z,F-(807호 생산 Line),22.9,54.2
2026-07-20T04:00:00Z,G-(401호 기구창고),19.7,70.5
2026-07-20T05:00:00Z,A-(401호 회로창고 1),22.2,53.1
2026-07-20T05:00:00Z,B-(401호 회로창고 2),22.8,49.6
2026-07-20T05:00:00Z,D-(406호 기구창고),23.9,58.4
2026-07-20T05:00:00Z,E-(408호 OQC),21.0,69.2
2026-07-20T05:00:00Z,F-(807호 생산 Line),22.6,55.0
2026-07-20T05:00:00Z,G-(401호 기구창고),19.9,72.1
2026-07-20T06:00:00Z,A-(401호 회로창고 1),22.2,51.8
2026-07-20T06:00:00Z,B-(401호 회로창고 2),22.9,49.9
2026-07-20T06:00:00Z,D-(406호 기구창고),24.1,63.8
2026-07-20T06:00:00Z,E-(408호 OQC),21.1,70.5
2026-07-20T06:00:00Z,F-(807호 생산 Line),22.7,57.2
2026-07-20T06:00:00Z,G-(401호 기구창고),19.5,69.8
2026-07-20T07:00:00Z,A-(401호 회로창고 1),22.2,52.7
2026-07-20T07:00:00Z,B-(401호 회로창고 2),22.9,50.5
2026-07-20T07:00:00Z,D-(406호 기구창고),24.1,64.7
2026-07-20T07:00:00Z,E-(408호 OQC),21.0,69.8
2026-07-20T07:00:00Z,F-(807호 생산 Line),22.7,56.8
2026-07-20T07:00:00Z,G-(401호 기구창고),20.0,76.3
2026-07-20T08:00:00Z,A-(401호 회로창고 1),22.0,51.3
2026-07-20T08:00:00Z,B-(401호 회로창고 2),23.0,52.7
2026-07-20T08:00:00Z,D-(406호 기구창고),24.3,67.0
2026-07-20T08:00:00Z,E-(408호 OQC),21.3,71.4
2026-07-20T08:00:00Z,F-(807호 생산 Line),22.8,60.1
2026-07-20T08:00:00Z,G-(401호 기구창고),20.5,77.8
2026-07-20T09:00:00Z,A-(401호 회로창고 1),22.0,51.5
2026-07-20T09:00:00Z,B-(401호 회로창고 2),22.7,49.5
2026-07-20T10:00:00Z,A-(401호 회로창고 1),22.2,57.8
2026-07-20T10:00:00Z,B-(401호 회로창고 2),22.7,52.0
2026-07-20T11:00:00Z,A-(401호 회로창고 1),22.0,54.7
2026-07-20T11:00:00Z,B-(401호 회로창고 2),22.6,50.6
2026-07-20T12:00:00Z,A-(401호 회로창고 1),22.0,52.5
2026-07-20T12:00:00Z,B-(401호 회로창고 2),22.6,51.1
2026-07-20T13:00:00Z,A-(401호 회로창고 1),22.0,54.1
2026-07-20T13:00:00Z,B-(401호 회로창고 2),22.6,54.2
2026-07-20T14:00:00Z,A-(401호 회로창고 1),22.0,52.2
2026-07-20T14:00:00Z,B-(401호 회로창고 2),22.5,50.5
2026-07-20T15:00:00Z,A-(401호 회로창고 1),22.2,55.3
2026-07-20T15:00:00Z,B-(401호 회로창고 2),22.6,53.8
2026-07-20T16:00:00Z,A-(401호 회로창고 1),21.9,52.0
2026-07-20T16:00:00Z,B-(401호 회로창고 2),22.5,50.4
2026-07-20T17:00:00Z,A-(401호 회로창고 1),22.2,57.7
2026-07-20T17:00:00Z,B-(401호 회로창고 2),22.5,52.5
2026-07-20T18:00:00Z,A-(401호 회로창고 1),22.0,52.4
2026-07-20T18:00:00Z,B-(401호 회로창고 2),22.4,50.0
2026-07-20T19:00:00Z,A-(401호 회로창고 1),22.2,56.2
2026-07-20T19:00:00Z,B-(401호 회로창고 2),22.5,52.3
2026-07-20T20:00:00Z,A-(401호 회로창고 1),21.9,52.0
2026-07-20T20:00:00Z,B-(401호 회로창고 2),22.4,50.4
2026-07-20T21:00:00Z,A-(401호 회로창고 1),22.2,57.6
2026-07-20T21:00:00Z,B-(401호 회로창고 2),22.5,52.3
2026-07-20T22:00:00Z,A-(401호 회로창고 1),22.1,55.1
2026-07-20T22:00:00Z,B-(401호 회로창고 2),22.4,50.8
2026-07-20T23:00:00Z,A-(401호 회로창고 1),22.0,52.8
2026-07-20T23:00:00Z,B-(401호 회로창고 2),22.5,51.2
2026-07-21T00:00:00Z,A-(401호 회로창고 1),22.0,52.2
2026-07-21T00:00:00Z,B-(401호 회로창고 2),22.7,50.2
2026-07-21T00:00:00Z,D-(406호 기구창고),24.2,62.9
2026-07-21T00:00:00Z,E-(408호 OQC),22.5,75.0
2026-07-21T00:00:00Z,F-(807호 생산 Line),24.7,58.3
2026-07-21T00:00:00Z,G-(401호 기구창고),20.8,81.5
2026-07-21T01:00:00Z,A-(401호 회로창고 1),22.0,52.8
2026-07-21T01:00:00Z,B-(401호 회로창고 2),22.8,50.1
2026-07-21T01:00:00Z,D-(406호 기구창고),24.0,66.6
2026-07-21T01:00:00Z,E-(408호 OQC),20.9,71.8
2026-07-21T01:00:00Z,F-(807호 생산 Line),23.9,58.2
2026-07-21T01:00:00Z,G-(401호 기구창고),24.2,100.0
2026-07-21T02:00:00Z,A-(401호 회로창고 1),22.3,56.6
2026-07-21T02:00:00Z,B-(401호 회로창고 2),22.9,51.5
2026-07-21T02:00:00Z,D-(406호 기구창고),24.0,64.6
2026-07-21T02:00:00Z,E-(408호 OQC),20.8,72.0
2026-07-21T02:00:00Z,F-(807호 생산 Line),23.5,58.3
2026-07-21T02:00:00Z,G-(401호 기구창고),20.4,85.0
2026-07-21T03:00:00Z,A-(401호 회로창고 1),22.1,51.9
2026-07-21T03:00:00Z,B-(401호 회로창고 2),22.8,49.9
2026-07-21T03:00:00Z,D-(406호 기구창고),23.4,60.1
2026-07-21T03:00:00Z,E-(408호 OQC),20.9,73.1
2026-07-21T03:00:00Z,F-(807호 생산 Line),23.3,58.2
2026-07-21T03:00:00Z,G-(401호 기구창고),19.9,81.2
2026-07-21T04:00:00Z,A-(401호 회로창고 1),22.3,56.7
2026-07-21T04:00:00Z,B-(401호 회로창고 2),22.8,51.5
2026-07-21T04:00:00Z,D-(406호 기구창고),23.2,63.1
2026-07-21T04:00:00Z,E-(408호 OQC),21.0,82.5
2026-07-21T04:00:00Z,F-(807호 생산 Line),22.9,56.6
2026-07-21T04:00:00Z,G-(401호 기구창고),19.6,78.0
2026-07-21T05:00:00Z,A-(401호 회로창고 1),22.1,52.0
2026-07-21T05:00:00Z,B-(401호 회로창고 2),22.7,52.6
2026-07-21T05:00:00Z,D-(406호 기구창고),23.1,64.0
2026-07-21T05:00:00Z,E-(408호 OQC),21.0,83.2
2026-07-21T05:00:00Z,F-(807호 생산 Line),22.7,57.3
2026-07-21T05:00:00Z,G-(401호 기구창고),21.0,100.0
2026-07-21T06:00:00Z,A-(401호 회로창고 1),22.3,56.7
2026-07-21T06:00:00Z,B-(401호 회로창고 2),22.7,52.2
2026-07-21T06:00:00Z,D-(406호 기구창고),23.1,66.8
2026-07-21T06:00:00Z,E-(408호 OQC),21.0,76.0
2026-07-21T06:00:00Z,F-(807호 생산 Line),22.6,58.0
2026-07-21T06:00:00Z,G-(401호 기구창고),20.3,84.0
2026-07-21T07:00:00Z,A-(401호 회로창고 1),22.1,51.6
2026-07-21T07:00:00Z,B-(401호 회로창고 2),22.8,49.6
2026-07-21T07:00:00Z,D-(406호 기구창고),23.0,62.6
2026-07-21T07:00:00Z,E-(408호 OQC),21.2,80.4
2026-07-21T07:00:00Z,F-(807호 생산 Line),22.6,58.1
2026-07-21T07:00:00Z,G-(401호 기구창고),21.5,100.0
2026-07-21T08:00:00Z,A-(401호 회로창고 1),22.1,56.6
2026-07-21T08:00:00Z,B-(401호 회로창고 2),22.9,52.4
2026-07-21T08:00:00Z,D-(406호 기구창고),23.1,60.4
2026-07-21T08:00:00Z,E-(408호 OQC),21.1,76.4
2026-07-21T08:00:00Z,F-(807호 생산 Line),22.6,58.6
2026-07-21T08:00:00Z,G-(401호 기구창고),19.5,84.8
2026-07-21T09:00:00Z,A-(401호 회로창고 1),21.9,51.9
2026-07-21T09:00:00Z,B-(401호 회로창고 2),22.6,49.9
2026-07-21T10:00:00Z,A-(401호 회로창고 1),22.2,55.7
2026-07-21T10:00:00Z,B-(401호 회로창고 2),22.6,52.3
2026-07-21T11:00:00Z,A-(401호 회로창고 1),21.9,52.1
2026-07-21T11:00:00Z,B-(401호 회로창고 2),22.5,52.5
2026-07-21T12:00:00Z,A-(401호 회로창고 1),22.0,52.4
2026-07-21T12:00:00Z,B-(401호 회로창고 2),22.5,51.0
2026-07-21T13:00:00Z,A-(401호 회로창고 1),22.1,55.3
2026-07-21T13:00:00Z,B-(401호 회로창고 2),22.5,53.8
2026-07-21T14:00:00Z,A-(401호 회로창고 1),21.9,51.8
2026-07-21T14:00:00Z,B-(401호 회로창고 2),22.4,50.3
2026-07-21T15:00:00Z,A-(401호 회로창고 1),22.0,53.3
2026-07-21T15:00:00Z,B-(401호 회로창고 2),22.5,52.2
2026-07-21T16:00:00Z,A-(401호 회로창고 1),21.9,53.5
2026-07-21T16:00:00Z,B-(401호 회로창고 2),22.5,53.9
2026-07-21T17:00:00Z,A-(401호 회로창고 1),21.9,51.9
2026-07-21T17:00:00Z,B-(401호 회로창고 2),22.4,50.7
2026-07-21T18:00:00Z,A-(401호 회로창고 1),22.2,56.6
2026-07-21T18:00:00Z,B-(401호 회로창고 2),22.5,53.0
2026-07-21T19:00:00Z,A-(401호 회로창고 1),21.9,51.6
2026-07-21T19:00:00Z,B-(401호 회로창고 2),22.4,53.8
2026-07-21T20:00:00Z,A-(401호 회로창고 1),22.0,52.3
2026-07-21T20:00:00Z,B-(401호 회로창고 2),22.4,51.4
2026-07-21T21:00:00Z,A-(401호 회로창고 1),22.1,55.2
2026-07-21T21:00:00Z,B-(401호 회로창고 2),22.5,54.0
2026-07-21T22:00:00Z,A-(401호 회로창고 1),21.9,51.6
2026-07-21T22:00:00Z,B-(401호 회로창고 2),22.4,50.2
2026-07-21T23:00:00Z,A-(401호 회로창고 1),22.0,53.1
2026-07-21T23:00:00Z,B-(401호 회로창고 2),22.4,52.0
2026-07-22T00:00:00Z,A-(401호 회로창고 1),22.0,52.1
2026-07-22T00:00:00Z,B-(401호 회로창고 2),22.5,53.6
2026-07-22T00:00:00Z,D-(406호 기구창고),23.7,62.1
2026-07-22T00:00:00Z,E-(408호 OQC),21.4,70.7
2026-07-22T00:00:00Z,F-(807호 생산 Line),22.0,57.1
2026-07-22T00:00:00Z,G-(401호 기구창고),21.0,100.0
2026-07-22T01:00:00Z,A-(401호 회로창고 1),22.1,53.0
2026-07-22T01:00:00Z,B-(401호 회로창고 2),22.7,51.1
2026-07-22T01:00:00Z,D-(406호 기구창고),24.0,69.6
2026-07-22T01:00:00Z,E-(408호 OQC),21.0,70.8
2026-07-22T01:00:00Z,F-(807호 생산 Line),21.9,56.8
2026-07-22T01:00:00Z,G-(401호 기구창고),21.5,92.1
2026-07-22T02:00:00Z,A-(401호 회로창고 1),21.9,53.0
2026-07-22T02:00:00Z,B-(401호 회로창고 2),22.8,53.1
2026-07-22T02:00:00Z,D-(406호 기구창고),24.2,70.8
2026-07-22T02:00:00Z,E-(408호 OQC),21.1,70.3
2026-07-22T02:00:00Z,F-(807호 생산 Line),21.9,57.7
2026-07-22T02:00:00Z,G-(401호 기구창고),21.7,100.0
2026-07-22T03:00:00Z,A-(401호 회로창고 1),22.1,52.5
2026-07-22T03:00:00Z,B-(401호 회로창고 2),22.7,50.5
2026-07-22T03:00:00Z,D-(406호 기구창고),24.2,69.7
2026-07-22T03:00:00Z,E-(408호 OQC),20.9,71.9
2026-07-22T03:00:00Z,F-(807호 생산 Line),22.0,57.9
2026-07-22T03:00:00Z,G-(401호 기구창고),20.5,86.8
2026-07-22T04:00:00Z,A-(401호 회로창고 1),22.2,58.0
2026-07-22T04:00:00Z,B-(401호 회로창고 2),22.8,51.9
2026-07-22T04:00:00Z,D-(406호 기구창고),23.6,62.3
2026-07-22T04:00:00Z,E-(408호 OQC),21.0,76.0
2026-07-22T04:00:00Z,F-(807호 생산 Line),21.8,57.0
2026-07-22T04:00:00Z,G-(401호 기구창고),19.4,83.4
2026-07-22T05:00:00Z,A-(401호 회로창고 1),22.0,52.7
2026-07-22T05:00:00Z,B-(401호 회로창고 2),22.8,49.9
2026-07-22T05:00:00Z,D-(406호 기구창고),23.8,67.2
2026-07-22T05:00:00Z,E-(408호 OQC),21.4,78.2
2026-07-22T05:00:00Z,F-(807호 생산 Line),21.8,59.5
2026-07-22T05:00:00Z,G-(401호 기구창고),21.9,100.0
2026-07-22T06:00:00Z,A-(401호 회로창고 1),22.0,53.1
2026-07-22T06:00:00Z,B-(401호 회로창고 2),22.9,50.1
2026-07-22T06:00:00Z,D-(406호 기구창고),23.6,64.0
2026-07-22T06:00:00Z,E-(408호 OQC),21.3,78.2
2026-07-22T06:00:00Z,F-(807호 생산 Line),22.1,60.1
2026-07-22T06:00:00Z,G-(401호 기구창고),20.9,90.3
2026-07-22T07:00:00Z,A-(401호 회로창고 1),22.2,52.5
2026-07-22T07:00:00Z,B-(401호 회로창고 2),22.8,50.4
2026-07-22T07:00:00Z,D-(406호 기구창고),23.2,61.1
2026-07-22T07:00:00Z,E-(408호 OQC),21.3,80.3
2026-07-22T07:00:00Z,F-(807호 생산 Line),22.2,59.6
2026-07-22T07:00:00Z,G-(401호 기구창고),19.6,85.6
2026-07-22T08:00:00Z,A-(401호 회로창고 1),22.1,52.9
2026-07-22T08:00:00Z,B-(401호 회로창고 2),22.8,50.6
2026-07-22T08:00:00Z,D-(406호 기구창고),22.9,59.1
2026-07-22T08:00:00Z,E-(408호 OQC),21.7,78.7
2026-07-22T08:00:00Z,F-(807호 생산 Line),22.2,60.1
2026-07-22T08:00:00Z,G-(401호 기구창고),19.3,83.7
2026-07-22T09:00:00Z,A-(401호 회로창고 1),21.9,52.9
2026-07-22T09:00:00Z,B-(401호 회로창고 2),22.6,50.8
2026-07-22T10:00:00Z,A-(401호 회로창고 1),21.9,52.6
2026-07-22T10:00:00Z,B-(401호 회로창고 2),22.5,50.6
2026-07-22T11:00:00Z,A-(401호 회로창고 1),22.1,59.4
2026-07-22T11:00:00Z,B-(401호 회로창고 2),22.5,53.2
2026-07-22T12:00:00Z,A-(401호 회로창고 1),21.8,52.2
2026-07-22T12:00:00Z,B-(401호 회로창고 2),22.3,50.4
2026-07-22T13:00:00Z,A-(401호 회로창고 1),21.9,53.4
2026-07-22T13:00:00Z,B-(401호 회로창고 2),22.4,52.1
2026-07-22T14:00:00Z,A-(401호 회로창고 1),21.8,52.3
2026-07-22T14:00:00Z,B-(401호 회로창고 2),22.3,50.6
2026-07-22T15:00:00Z,A-(401호 회로창고 1),21.9,52.3
2026-07-22T15:00:00Z,B-(401호 회로창고 2),22.3,50.9
2026-07-22T16:00:00Z,A-(401호 회로창고 1),22.1,58.3
2026-07-22T16:00:00Z,B-(401호 회로창고 2),22.4,55.3
2026-07-22T17:00:00Z,A-(401호 회로창고 1),21.9,53.6
2026-07-22T17:00:00Z,B-(401호 회로창고 2),22.3,50.6
2026-07-22T18:00:00Z,A-(401호 회로창고 1),21.9,53.1
2026-07-22T18:00:00Z,B-(401호 회로창고 2),22.3,51.9
2026-07-22T19:00:00Z,A-(401호 회로창고 1),21.9,52.3
2026-07-22T19:00:00Z,B-(401호 회로창고 2),22.3,54.2
2026-07-22T20:00:00Z,A-(401호 회로창고 1),21.9,52.9
2026-07-22T20:00:00Z,B-(401호 회로창고 2),22.3,51.3
2026-07-22T21:00:00Z,A-(401호 회로창고 1),22.0,55.3
2026-07-22T21:00:00Z,B-(401호 회로창고 2),22.3,53.9
2026-07-22T22:00:00Z,A-(401호 회로창고 1),21.9,52.4
2026-07-22T22:00:00Z,B-(401호 회로창고 2),22.2,51.0
2026-07-22T23:00:00Z,A-(401호 회로창고 1),22.0,54.7
2026-07-22T23:00:00Z,B-(401호 회로창고 2),22.3,53.5
2026-07-23T00:00:00Z,A-(401호 회로창고 1),21.9,52.8
2026-07-23T00:00:00Z,B-(401호 회로창고 2),22.5,50.9
2026-07-23T00:00:00Z,D-(406호 기구창고),23.4,62.3
2026-07-23T00:00:00Z,E-(408호 OQC),21.4,81.1
2026-07-23T00:00:00Z,F-(807호 생산 Line),21.9,60.2
2026-07-23T00:00:00Z,G-(401호 기구창고),20.7,82.5
2026-07-23T01:00:00Z,A-(401호 회로창고 1),22.0,53.5
2026-07-23T01:00:00Z,B-(401호 회로창고 2),22.6,50.1
2026-07-23T01:00:00Z,D-(406호 기구창고),23.0,61.2
2026-07-23T01:00:00Z,E-(408호 OQC),20.7,75.5
2026-07-23T01:00:00Z,F-(807호 생산 Line),22.0,60.6
2026-07-23T01:00:00Z,G-(401호 기구창고),20.1,82.4
2026-07-23T02:00:00Z,A-(401호 회로창고 1),22.1,56.8
2026-07-23T02:00:00Z,B-(401호 회로창고 2),22.7,50.2
2026-07-23T02:00:00Z,D-(406호 기구창고),23.2,62.4
2026-07-23T02:00:00Z,E-(408호 OQC),21.3,76.4
2026-07-23T02:00:00Z,F-(807호 생산 Line),22.1,60.3
2026-07-23T02:00:00Z,G-(401호 기구창고),19.7,83.2
2026-07-23T03:00:00Z,A-(401호 회로창고 1),22.0,53.9
2026-07-23T03:00:00Z,B-(401호 회로창고 2),22.8,51.2
2026-07-23T03:00:00Z,D-(406호 기구창고),23.1,59.1
2026-07-23T03:00:00Z,E-(408호 OQC),21.0,77.1
2026-07-23T03:00:00Z,F-(807호 생산 Line),22.1,60.4
2026-07-23T03:00:00Z,G-(401호 기구창고),19.6,80.0
2026-07-23T04:00:00Z,A-(401호 회로창고 1),21.9,52.6
2026-07-23T04:00:00Z,B-(401호 회로창고 2),22.8,49.8
2026-07-23T04:00:00Z,D-(406호 기구창고),22.9,58.1
2026-07-23T04:00:00Z,E-(408호 OQC),21.7,81.2
2026-07-23T04:00:00Z,F-(807호 생산 Line),21.9,60.4
2026-07-23T04:00:00Z,G-(401호 기구창고),19.4,78.8
2026-07-23T05:00:00Z,A-(401호 회로창고 1),22.0,52.6
2026-07-23T05:00:00Z,B-(401호 회로창고 2),22.7,50.0
2026-07-23T05:00:00Z,D-(406호 기구창고),22.9,60.7
2026-07-23T05:00:00Z,E-(408호 OQC),21.4,80.9
2026-07-23T05:00:00Z,F-(807호 생산 Line),22.0,60.6
2026-07-23T05:00:00Z,G-(401호 기구창고),19.4,78.3
2026-07-23T06:00:00Z,A-(401호 회로창고 1),22.2,53.2
2026-07-23T06:00:00Z,B-(401호 회로창고 2),22.8,51.4
2026-07-23T06:00:00Z,D-(406호 기구창고),23.4,68.1
2026-07-23T06:00:00Z,E-(408호 OQC),20.7,80.1
2026-07-23T06:00:00Z,F-(807호 생산 Line),22.1,60.3
2026-07-23T06:00:00Z,G-(401호 기구창고),20.2,86.9
2026-07-23T07:00:00Z,A-(401호 회로창고 1),22.2,52.8
2026-07-23T07:00:00Z,B-(401호 회로창고 2),22.9,50.2
2026-07-23T07:00:00Z,D-(406호 기구창고),23.6,70.4
2026-07-23T07:00:00Z,E-(408호 OQC),20.7,76.5
2026-07-23T07:00:00Z,F-(807호 생산 Line),22.2,59.8
2026-07-23T07:00:00Z,G-(401호 기구창고),19.7,85.0
2026-07-23T08:00:00Z,A-(401호 회로창고 1),22.2,51.9
2026-07-23T08:00:00Z,B-(401호 회로창고 2),22.9,49.4
2026-07-23T08:00:00Z,D-(406호 기구창고),23.0,62.7
2026-07-23T08:00:00Z,E-(408호 OQC),21.1,78.7
2026-07-23T08:00:00Z,F-(807호 생산 Line),22.1,60.4
2026-07-23T08:00:00Z,G-(401호 기구창고),19.4,83.0
2026-07-23T09:00:00Z,A-(401호 회로창고 1),22.4,57.2
2026-07-23T09:00:00Z,B-(401호 회로창고 2),22.7,52.0
2026-07-23T10:00:00Z,A-(401호 회로창고 1),22.1,53.0
2026-07-23T10:00:00Z,B-(401호 회로창고 2),22.6,49.8
2026-07-23T11:00:00Z,A-(401호 회로창고 1),22.2,53.2
2026-07-23T11:00:00Z,B-(401호 회로창고 2),22.6,52.0
2026-07-23T12:00:00Z,A-(401호 회로창고 1),22.2,55.9
2026-07-23T12:00:00Z,B-(401호 회로창고 2),22.5,51.3
2026-07-23T13:00:00Z,A-(401호 회로창고 1),22.1,52.2
2026-07-23T13:00:00Z,B-(401호 회로창고 2),22.5,50.9
2026-07-23T14:00:00Z,A-(401호 회로창고 1),22.2,56.5
2026-07-23T14:00:00Z,B-(401호 회로창고 2),22.5,53.4
2026-07-23T15:00:00Z,A-(401호 회로창고 1),22.1,51.7
2026-07-23T15:00:00Z,B-(401호 회로창고 2),22.4,50.6
2026-07-23T16:00:00Z,A-(401호 회로창고 1),22.4,56.5
2026-07-23T16:00:00Z,B-(401호 회로창고 2),22.5,52.8
2026-07-23T17:00:00Z,A-(401호 회로창고 1),22.1,54.2
2026-07-23T17:00:00Z,B-(401호 회로창고 2),22.4,50.4
2026-07-23T18:00:00Z,A-(401호 회로창고 1),22.2,52.5
2026-07-23T18:00:00Z,B-(401호 회로창고 2),22.5,51.7
2026-07-23T19:00:00Z,A-(401호 회로창고 1),22.1,54.6
2026-07-23T19:00:00Z,B-(401호 회로창고 2),22.5,54.7
2026-07-23T20:00:00Z,A-(401호 회로창고 1),22.1,51.7
2026-07-23T20:00:00Z,B-(401호 회로창고 2),22.4,50.7
2026-07-23T21:00:00Z,A-(401호 회로창고 1),22.4,57.5
2026-07-23T21:00:00Z,B-(401호 회로창고 2),22.4,53.1
2026-07-23T22:00:00Z,A-(401호 회로창고 1),22.1,53.7
2026-07-23T22:00:00Z,B-(401호 회로창고 2),22.4,50.3
2026-07-23T23:00:00Z,A-(401호 회로창고 1),22.2,53.2
2026-07-23T23:00:00Z,B-(401호 회로창고 2),22.5,52.5
2026-07-24T00:00:00Z,A-(401호 회로창고 1),22.3,52.6
2026-07-24T00:00:00Z,B-(401호 회로창고 2),22.7,51.4
2026-07-24T00:00:00Z,D-(406호 기구창고),23.5,61.7
2026-07-24T00:00:00Z,E-(408호 OQC),21.1,71.6
2026-07-24T00:00:00Z,F-(807호 생산 Line),21.6,59.9
2026-07-24T00:00:00Z,G-(401호 기구창고),23.6,100.0
2026-07-24T01:00:00Z,A-(401호 회로창고 1),22.1,52.8
2026-07-24T01:00:00Z,B-(401호 회로창고 2),22.8,50.3
2026-07-24T01:00:00Z,D-(406호 기구창고),23.6,60.5
2026-07-24T01:00:00Z,E-(408호 OQC),21.4,76.5
2026-07-24T01:00:00Z,F-(807호 생산 Line),21.7,60.0
2026-07-24T01:00:00Z,G-(401호 기구창고),21.0,83.4
2026-07-24T02:00:00Z,A-(401호 회로창고 1),22.1,52.2
2026-07-24T02:00:00Z,B-(401호 회로창고 2),22.9,49.6
2026-07-24T02:00:00Z,D-(406호 기구창고),23.7,61.6
2026-07-24T02:00:00Z,E-(408호 OQC),20.8,73.2
2026-07-24T02:00:00Z,F-(807호 생산 Line),21.8,59.7
2026-07-24T02:00:00Z,G-(401호 기구창고),20.1,83.5
2026-07-24T03:00:00Z,A-(401호 회로창고 1),22.0,52.4
2026-07-24T03:00:00Z,B-(401호 회로창고 2),23.0,49.5
2026-07-24T03:00:00Z,D-(406호 기구창고),23.8,65.1
2026-07-24T03:00:00Z,E-(408호 OQC),21.3,79.8
2026-07-24T03:00:00Z,F-(807호 생산 Line),21.9,59.0
2026-07-24T03:00:00Z,G-(401호 기구창고),19.8,82.1
2026-07-24T04:00:00Z,A-(401호 회로창고 1),22.1,56.9
2026-07-24T04:00:00Z,B-(401호 회로창고 2),23.0,49.4
2026-07-24T04:00:00Z,D-(406호 기구창고),23.2,59.5
2026-07-24T04:00:00Z,E-(408호 OQC),20.7,72.7
2026-07-24T04:00:00Z,F-(807호 생산 Line),21.8,59.2
2026-07-24T04:00:00Z,G-(401호 기구창고),19.5,80.6
2026-07-24T05:00:00Z,A-(401호 회로창고 1),22.0,53.8
2026-07-24T05:00:00Z,B-(401호 회로창고 2),23.1,50.3
2026-07-24T05:00:00Z,D-(406호 기구창고),22.9,58.7
2026-07-24T05:00:00Z,E-(408호 OQC),21.4,81.2
2026-07-24T05:00:00Z,F-(807호 생산 Line),21.7,60.1
2026-07-24T05:00:00Z,G-(401호 기구창고),19.6,80.8
2026-07-24T06:00:00Z,A-(401호 회로창고 1),21.9,53.4
2026-07-24T06:00:00Z,B-(401호 회로창고 2),23.1,49.4
2026-07-24T06:00:00Z,D-(406호 기구창고),22.8,58.5
2026-07-24T06:00:00Z,E-(408호 OQC),20.8,78.3
2026-07-24T06:00:00Z,F-(807호 생산 Line),21.8,60.4
2026-07-24T06:00:00Z,G-(401호 기구창고),19.3,79.6
2026-07-24T07:00:00Z,A-(401호 회로창고 1),22.2,55.4
2026-07-24T07:00:00Z,B-(401호 회로창고 2),23.1,49.0
2026-07-24T07:00:00Z,D-(406호 기구창고),22.5,58.4
2026-07-24T07:00:00Z,E-(408호 OQC),21.0,78.2
2026-07-24T07:00:00Z,F-(807호 생산 Line),21.9,59.4
2026-07-24T07:00:00Z,G-(401호 기구창고),19.3,79.1
2026-07-24T08:00:00Z,A-(401호 회로창고 1),22.0,52.7
2026-07-24T08:00:00Z,B-(401호 회로창고 2),23.1,49.1
2026-07-24T08:00:00Z,D-(406호 기구창고),23.3,62.7
2026-07-24T08:00:00Z,E-(408호 OQC),21.4,77.6
2026-07-24T08:00:00Z,F-(807호 생산 Line),22.0,61.2
2026-07-24T08:00:00Z,G-(401호 기구창고),20.1,96.6
2026-07-24T09:00:00Z,A-(401호 회로창고 1),22.0,53.4
2026-07-24T09:00:00Z,B-(401호 회로창고 2),22.9,50.3
2026-07-24T10:00:00Z,A-(401호 회로창고 1),22.2,59.3
2026-07-24T10:00:00Z,B-(401호 회로창고 2),22.8,50.3
2026-07-24T11:00:00Z,A-(401호 회로창고 1),22.0,52.3
2026-07-24T11:00:00Z,B-(401호 회로창고 2),22.7,49.7
2026-07-24T12:00:00Z,A-(401호 회로창고 1),22.3,57.8
2026-07-24T12:00:00Z,B-(401호 회로창고 2),22.7,52.0
2026-07-24T13:00:00Z,A-(401호 회로창고 1),22.0,52.3
2026-07-24T13:00:00Z,B-(401호 회로창고 2),22.6,50.0
2026-07-24T14:00:00Z,A-(401호 회로창고 1),22.0,53.2
2026-07-24T14:00:00Z,B-(401호 회로창고 2),22.6,51.5
2026-07-24T15:00:00Z,A-(401호 회로창고 1),21.9,51.8
2026-07-24T15:00:00Z,B-(401호 회로창고 2),22.6,52.2
2026-07-24T16:00:00Z,A-(401호 회로창고 1),22.0,52.2
2026-07-24T16:00:00Z,B-(401호 회로창고 2),22.6,50.6
2026-07-24T17:00:00Z,A-(401호 회로창고 1),22.3,59.8
2026-07-24T17:00:00Z,B-(401호 회로창고 2),22.6,53.1
2026-07-24T18:00:00Z,A-(401호 회로창고 1),22.0,52.4
2026-07-24T18:00:00Z,B-(401호 회로창고 2),22.5,50.0
2026-07-24T19:00:00Z,A-(401호 회로창고 1),22.1,53.1
2026-07-24T19:00:00Z,B-(401호 회로창고 2),22.6,51.6
2026-07-24T20:00:00Z,A-(401호 회로창고 1),21.9,52.7
2026-07-24T20:00:00Z,B-(401호 회로창고 2),22.6,52.3
2026-07-24T21:00:00Z,A-(401호 회로창고 1),21.9,52.3
2026-07-24T21:00:00Z,B-(401호 회로창고 2),22.6,50.6
2026-07-24T22:00:00Z,A-(401호 회로창고 1),22.2,59.9
2026-07-24T22:00:00Z,B-(401호 회로창고 2),22.6,53.0
2026-07-24T23:00:00Z,A-(401호 회로창고 1),21.9,52.4
2026-07-24T23:00:00Z,B-(401호 회로창고 2),22.5,50.3
2026-07-25T00:00:00Z,A-(401호 회로창고 1),22.0,54.0
2026-07-25T00:00:00Z,B-(401호 회로창고 2),22.6,51.9
2026-07-25T01:00:00Z,A-(401호 회로창고 1),21.9,53.1
2026-07-25T01:00:00Z,B-(401호 회로창고 2),22.7,52.7
2026-07-25T02:00:00Z,A-(401호 회로창고 1),21.9,52.6
2026-07-25T02:00:00Z,B-(401호 회로창고 2),22.7,50.0
2026-07-25T03:00:00Z,A-(401호 회로창고 1),21.9,52.9
2026-07-25T03:00:00Z,B-(401호 회로창고 2),22.8,50.2
2026-07-25T04:00:00Z,A-(401호 회로창고 1),22.0,55.0
2026-07-25T04:00:00Z,B-(401호 회로창고 2),22.9,52.1
2026-07-25T05:00:00Z,A-(401호 회로창고 1),21.9,53.3
2026-07-25T05:00:00Z,B-(401호 회로창고 2),22.9,50.2
2026-07-25T06:00:00Z,A-(401호 회로창고 1),21.9,53.0
2026-07-25T06:00:00Z,B-(401호 회로창고 2),22.8,49.7
2026-07-25T07:00:00Z,A-(401호 회로창고 1),22.0,52.8
2026-07-25T07:00:00Z,B-(401호 회로창고 2),22.9,49.6
2026-07-25T09:00:00Z,A-(401호 회로창고 1),22.1,54.1
2026-07-25T09:00:00Z,B-(401호 회로창고 2),22.9,51.1
2026-07-25T10:00:00Z,A-(401호 회로창고 1),22.0,54.4
2026-07-25T10:00:00Z,B-(401호 회로창고 2),22.9,51.4
2026-07-25T11:00:00Z,A-(401호 회로창고 1),22.0,55.8
2026-07-25T11:00:00Z,B-(401호 회로창고 2),22.8,50.0
2026-07-25T12:00:00Z,A-(401호 회로창고 1),22.1,58.7
2026-07-25T12:00:00Z,B-(401호 회로창고 2),22.8,50.0
2026-07-25T13:00:00Z,A-(401호 회로창고 1),22.2,58.9
2026-07-25T13:00:00Z,B-(401호 회로창고 2),22.8,50.2
2026-07-25T14:00:00Z,A-(401호 회로창고 1),22.0,52.4
2026-07-25T14:00:00Z,B-(401호 회로창고 2),22.7,49.8
2026-07-25T15:00:00Z,A-(401호 회로창고 1),22.2,56.1
2026-07-25T15:00:00Z,B-(401호 회로창고 2),22.7,51.5
2026-07-25T16:00:00Z,A-(401호 회로창고 1),22.0,52.4
2026-07-25T16:00:00Z,B-(401호 회로창고 2),22.7,50.1
2026-07-25T17:00:00Z,A-(401호 회로창고 1),22.1,53.1
2026-07-25T17:00:00Z,B-(401호 회로창고 2),22.7,51.1
2026-07-25T18:00:00Z,A-(401호 회로창고 1),21.9,52.3
2026-07-25T18:00:00Z,B-(401호 회로창고 2),22.7,50.9
2026-07-25T20:00:00Z,A-(401호 회로창고 1),22.0,52.1
2026-07-25T20:00:00Z,B-(401호 회로창고 2),22.7,52.7
2026-07-25T21:00:00Z,A-(401호 회로창고 1),22.0,52.8
2026-07-25T21:00:00Z,B-(401호 회로창고 2),22.7,50.6
2026-07-25T22:00:00Z,A-(401호 회로창고 1),22.2,55.2
2026-07-25T22:00:00Z,B-(401호 회로창고 2),22.7,52.7
2026-07-25T23:00:00Z,A-(401호 회로창고 1),21.9,52.5
2026-07-25T23:00:00Z,B-(401호 회로창고 2),22.7,50.0
2026-07-26T01:00:00Z,A-(401호 회로창고 1),21.9,52.5
2026-07-26T01:00:00Z,B-(401호 회로창고 2),22.8,49.6
2026-07-26T02:00:00Z,A-(401호 회로창고 1),22.0,53.5
2026-07-26T02:00:00Z,B-(401호 회로창고 2),22.9,52.3
2026-07-26T03:00:00Z,A-(401호 회로창고 1),22.0,53.0
2026-07-26T03:00:00Z,B-(401호 회로창고 2),22.9,49.6
2026-07-26T04:00:00Z,A-(401호 회로창고 1),22.1,55.0
2026-07-26T04:00:00Z,B-(401호 회로창고 2),23.0,51.3
2026-07-26T05:00:00Z,A-(401호 회로창고 1),21.9,53.5
2026-07-26T05:00:00Z,B-(401호 회로창고 2),23.0,49.6
2026-07-26T06:00:00Z,A-(401호 회로창고 1),22.0,54.2
2026-07-26T06:00:00Z,B-(401호 회로창고 2),23.0,50.0
2026-07-26T07:00:00Z,A-(401호 회로창고 1),22.0,53.8
2026-07-26T07:00:00Z,B-(401호 회로창고 2),23.0,49.9
2026-07-26T08:00:00Z,A-(401호 회로창고 1),21.9,53.3
2026-07-26T08:00:00Z,B-(401호 회로창고 2),23.0,49.4
2026-07-26T09:00:00Z,A-(401호 회로창고 1),22.0,52.9
2026-07-26T09:00:00Z,B-(401호 회로창고 2),23.0,49.2
2026-07-26T10:00:00Z,A-(401호 회로창고 1),22.1,54.5
2026-07-26T10:00:00Z,B-(401호 회로창고 2),23.0,51.3
2026-07-26T11:00:00Z,A-(401호 회로창고 1),22.1,54.4
2026-07-26T11:00:00Z,B-(401호 회로창고 2),23.0,51.1
2026-07-26T12:00:00Z,A-(401호 회로창고 1),22.0,52.5
2026-07-26T12:00:00Z,B-(401호 회로창고 2),22.9,51.5
2026-07-26T13:00:00Z,A-(401호 회로창고 1),22.3,57.2
2026-07-26T13:00:00Z,B-(401호 회로창고 2),22.9,50.9
2026-07-26T14:00:00Z,A-(401호 회로창고 1),21.9,52.2
2026-07-26T14:00:00Z,B-(401호 회로창고 2),22.9,49.1
2026-07-26T15:00:00Z,A-(401호 회로창고 1),22.1,56.2
2026-07-26T15:00:00Z,B-(401호 회로창고 2),22.9,51.9
2026-07-26T16:00:00Z,A-(401호 회로창고 1),22.0,52.2
2026-07-26T16:00:00Z,B-(401호 회로창고 2),22.9,49.6
2026-07-26T17:00:00Z,A-(401호 회로창고 1),22.0,55.1
2026-07-26T17:00:00Z,B-(401호 회로창고 2),22.9,52.2
2026-07-26T18:00:00Z,A-(401호 회로창고 1),22.0,52.4
2026-07-26T18:00:00Z,B-(401호 회로창고 2),22.9,49.7
2026-07-26T19:00:00Z,A-(401호 회로창고 1),22.0,52.3
2026-07-26T19:00:00Z,B-(401호 회로창고 2),22.9,52.7
2026-07-26T20:00:00Z,A-(401호 회로창고 1),22.0,52.4
2026-07-26T20:00:00Z,B-(401호 회로창고 2),22.8,49.8
2026-07-26T21:00:00Z,A-(401호 회로창고 1),22.0,52.3
2026-07-26T21:00:00Z,B-(401호 회로창고 2),22.9,52.7
2026-07-26T22:00:00Z,A-(401호 회로창고 1),22.0,52.8
2026-07-26T22:00:00Z,B-(401호 회로창고 2),22.9,50.1
2026-07-26T23:00:00Z,A-(401호 회로창고 1),22.1,53.2
2026-07-26T23:00:00Z,B-(401호 회로창고 2),22.9,50.3
2026-07-27T00:00:00Z,A-(401호 회로창고 1),22.1,53.3
2026-07-27T00:00:00Z,B-(401호 회로창고 2),23.1,50.4
2026-07-27T00:00:00Z,D-(406호 기구창고),25.1,66.1
2026-07-27T00:00:00Z,E-(408호 OQC),22.0,69.4
2026-07-27T00:00:00Z,F-(807호 생산 Line),23.7,59.9
2026-07-27T00:00:00Z,G-(401호 기구창고),21.2,77.9
2026-07-27T01:00:00Z,A-(401호 회로창고 1),22.0,52.5
2026-07-27T01:00:00Z,B-(401호 회로창고 2),23.2,48.8
2026-07-27T01:00:00Z,D-(406호 기구창고),25.4,62.4
2026-07-27T01:00:00Z,E-(408호 OQC),21.3,67.5
2026-07-27T01:00:00Z,F-(807호 생산 Line),23.6,59.2
2026-07-27T01:00:00Z,G-(401호 기구창고),20.9,77.0
2026-07-27T02:00:00Z,A-(401호 회로창고 1),22.1,52.3
2026-07-27T02:00:00Z,B-(401호 회로창고 2),23.2,48.5
2026-07-27T02:00:00Z,D-(406호 기구창고),25.0,60.0
2026-07-27T02:00:00Z,E-(408호 OQC),20.9,65.5
2026-07-27T02:00:00Z,F-(807호 생산 Line),23.5,58.6
2026-07-27T02:00:00Z,G-(401호 기구창고),20.7,77.0
2026-07-27T03:00:00Z,A-(401호 회로창고 1),22.2,52.0
2026-07-27T03:00:00Z,B-(401호 회로창고 2),23.3,48.5
2026-07-27T03:00:00Z,D-(406호 기구창고),24.9,58.3
2026-07-27T03:00:00Z,E-(408호 OQC),20.9,65.1
2026-07-27T03:00:00Z,F-(807호 생산 Line),23.4,58.7
2026-07-27T03:00:00Z,G-(401호 기구창고),20.5,75.4
2026-07-27T04:00:00Z,A-(401호 회로창고 1),22.2,52.4
2026-07-27T04:00:00Z,B-(401호 회로창고 2),23.4,48.3
2026-07-27T04:00:00Z,D-(406호 기구창고),24.9,56.5
2026-07-27T04:00:00Z,E-(408호 OQC),20.7,63.2
2026-07-27T04:00:00Z,F-(807호 생산 Line),23.4,58.2
2026-07-27T04:00:00Z,G-(401호 기구창고),20.4,74.3
2026-07-27T05:00:00Z,A-(401호 회로창고 1),22.1,53.0
2026-07-27T05:00:00Z,B-(401호 회로창고 2),23.3,48.9
2026-07-27T05:00:00Z,D-(406호 기구창고),24.6,65.1
2026-07-27T05:00:00Z,E-(408호 OQC),20.9,69.3
2026-07-27T05:00:00Z,F-(807호 생산 Line),23.3,59.1
2026-07-27T05:00:00Z,G-(401호 기구창고),20.3,74.2
2026-07-27T06:00:00Z,A-(401호 회로창고 1),22.3,52.5
2026-07-27T06:00:00Z,B-(401호 회로창고 2),23.3,48.6
2026-07-27T06:00:00Z,D-(406호 기구창고),25.3,66.5
2026-07-27T06:00:00Z,E-(408호 OQC),20.4,64.4
2026-07-27T06:00:00Z,F-(807호 생산 Line),23.3,59.0
2026-07-27T06:00:00Z,G-(401호 기구창고),23.1,91.4
2026-07-27T07:00:00Z,A-(401호 회로창고 1),22.2,52.9
2026-07-27T07:00:00Z,B-(401호 회로창고 2),23.4,48.8
2026-07-27T07:00:00Z,D-(406호 기구창고),24.8,61.2
2026-07-27T07:00:00Z,E-(408호 OQC),21.0,81.6
2026-07-27T07:00:00Z,F-(807호 생산 Line),23.4,59.2
2026-07-27T07:00:00Z,G-(401호 기구창고),20.3,72.9
2026-07-27T08:00:00Z,A-(401호 회로창고 1),22.2,52.1
2026-07-27T08:00:00Z,B-(401호 회로창고 2),23.3,48.5
2026-07-27T08:00:00Z,D-(406호 기구창고),24.1,59.0
2026-07-27T08:00:00Z,E-(408호 OQC),21.4,76.1
2026-07-27T08:00:00Z,F-(807호 생산 Line),23.4,61.3
2026-07-27T08:00:00Z,G-(401호 기구창고),21.5,84.1
2026-07-27T09:00:00Z,A-(401호 회로창고 1),22.1,52.1
2026-07-27T09:00:00Z,B-(401호 회로창고 2),23.0,48.9
2026-07-27T10:00:00Z,A-(401호 회로창고 1),22.1,51.8
2026-07-27T10:00:00Z,B-(401호 회로창고 2),22.9,49.0
2026-07-27T11:00:00Z,A-(401호 회로창고 1),22.2,52.0
2026-07-27T11:00:00Z,B-(401호 회로창고 2),22.9,52.6
2026-07-27T12:00:00Z,A-(401호 회로창고 1),22.3,53.7
2026-07-27T12:00:00Z,B-(401호 회로창고 2),22.8,51.5
2026-07-27T13:00:00Z,A-(401호 회로창고 1),22.4,56.5
2026-07-27T13:00:00Z,B-(401호 회로창고 2),22.8,50.2
2026-07-27T14:00:00Z,A-(401호 회로창고 1),22.2,51.9
2026-07-27T14:00:00Z,B-(401호 회로창고 2),22.8,49.6
2026-07-27T15:00:00Z,A-(401호 회로창고 1),22.2,54.5
2026-07-27T15:00:00Z,B-(401호 회로창고 2),22.7,49.7
2026-07-27T16:00:00Z,A-(401호 회로창고 1),22.3,53.2
2026-07-27T16:00:00Z,B-(401호 회로창고 2),22.8,51.4
2026-07-27T17:00:00Z,A-(401호 회로창고 1),22.2,51.9
2026-07-27T17:00:00Z,B-(401호 회로창고 2),22.7,50.0
2026-07-27T18:00:00Z,A-(401호 회로창고 1),22.2,52.0
2026-07-27T18:00:00Z,B-(401호 회로창고 2),22.7,49.8
2026-07-27T19:00:00Z,A-(401호 회로창고 1),22.4,54.7
2026-07-27T19:00:00Z,B-(401호 회로창고 2),22.8,52.4
2026-07-27T20:00:00Z,A-(401호 회로창고 1),22.3,52.3
2026-07-27T20:00:00Z,B-(401호 회로창고 2),22.7,50.5
2026-07-27T21:00:00Z,A-(401호 회로창고 1),22.2,51.8
2026-07-27T21:00:00Z,B-(401호 회로창고 2),22.7,49.6
2026-07-27T22:00:00Z,A-(401호 회로창고 1),22.3,57.1
2026-07-27T22:00:00Z,B-(401호 회로창고 2),22.7,51.3
2026-07-27T23:00:00Z,A-(401호 회로창고 1),22.2,51.7
2026-07-27T23:00:00Z,B-(401호 회로창고 2),22.7,49.8
2026-07-28T00:00:00Z,A-(401호 회로창고 1),22.2,52.1
2026-07-28T00:00:00Z,B-(401호 회로창고 2),22.9,49.7
2026-07-28T00:00:00Z,D-(406호 기구창고),24.3,58.5
2026-07-28T00:00:00Z,E-(408호 OQC),20.7,63.9
2026-07-28T00:00:00Z,F-(807호 생산 Line),23.3,59.4
2026-07-28T00:00:00Z,G-(401호 기구창고),21.0,69.7
2026-07-28T01:00:00Z,A-(401호 회로창고 1),22.4,50.8
2026-07-28T01:00:00Z,B-(401호 회로창고 2),22.9,48.8
2026-07-28T01:00:00Z,D-(406호 기구창고),24.0,64.1
2026-07-28T01:00:00Z,E-(408호 OQC),20.4,67.9
2026-07-28T01:00:00Z,F-(807호 생산 Line),23.3,59.0
2026-07-28T01:00:00Z,G-(401호 기구창고),20.2,69.1
2026-07-28T02:00:00Z,A-(401호 회로창고 1),22.6,51.1
2026-07-28T02:00:00Z,B-(401호 회로창고 2),23.1,49.2
2026-07-28T02:00:00Z,D-(406호 기구창고),24.8,59.9
2026-07-28T02:00:00Z,E-(408호 OQC),21.2,74.1
2026-07-28T02:00:00Z,F-(807호 생산 Line),23.3,58.8
2026-07-28T02:00:00Z,G-(401호 기구창고),26.8,100.0
2026-07-28T03:00:00Z,A-(401호 회로창고 1),22.7,53.7
2026-07-28T03:00:00Z,B-(401호 회로창고 2),23.2,51.4
2026-07-28T03:00:00Z,D-(406호 기구창고),24.2,57.8
2026-07-28T03:00:00Z,E-(408호 OQC),20.0,69.8
2026-07-28T03:00:00Z,F-(807호 생산 Line),23.3,59.2
2026-07-28T03:00:00Z,G-(401호 기구창고),24.0,70.2
2026-07-28T04:00:00Z,A-(401호 회로창고 1),22.8,51.6
2026-07-28T04:00:00Z,B-(401호 회로창고 2),23.2,50.0
2026-07-28T04:00:00Z,D-(406호 기구창고),24.4,72.0
2026-07-28T04:00:00Z,E-(408호 OQC),19.7,70.1
2026-07-28T04:00:00Z,F-(807호 생산 Line),23.2,58.5
2026-07-28T04:00:00Z,G-(401호 기구창고),20.6,63.5
2026-07-28T05:00:00Z,A-(401호 회로창고 1),22.7,57.3
2026-07-28T05:00:00Z,B-(401호 회로창고 2),23.2,50.2
2026-07-28T05:00:00Z,D-(406호 기구창고),25.0,72.0
2026-07-28T05:00:00Z,F-(807호 생산 Line),23.2,59.8
2026-07-28T05:00:00Z,G-(401호 기구창고),20.7,76.1
2026-07-28T06:00:00Z,A-(401호 회로창고 1),22.5,53.1
2026-07-28T06:00:00Z,B-(401호 회로창고 2),23.3,50.6
2026-07-28T06:00:00Z,F-(807호 생산 Line),23.3,59.9
2026-07-28T06:00:00Z,G-(401호 기구창고),21.5,92.6
2026-07-28T07:00:00Z,A-(401호 회로창고 1),22.4,53.4
2026-07-28T07:00:00Z,B-(401호 회로창고 2),23.4,50.0
2026-07-28T07:00:00Z,F-(807호 생산 Line),23.4,60.2
2026-07-28T07:00:00Z,G-(401호 기구창고),19.9,70.3
2026-07-28T08:00:00Z,A-(401호 회로창고 1),22.4,53.2
2026-07-28T08:00:00Z,B-(401호 회로창고 2),23.4,49.8
2026-07-28T08:00:00Z,F-(807호 생산 Line),23.4,60.0
2026-07-28T08:00:00Z,G-(401호 기구창고),19.8,72.0
2026-07-28T09:00:00Z,A-(401호 회로창고 1),22.1,52.3
2026-07-28T09:00:00Z,B-(401호 회로창고 2),23.2,52.7
2026-07-28T10:00:00Z,A-(401호 회로창고 1),22.0,51.7
2026-07-28T10:00:00Z,B-(401호 회로창고 2),23.0,48.7
2026-07-28T11:00:00Z,A-(401호 회로창고 1),22.1,51.9
2026-07-28T11:00:00Z,B-(401호 회로창고 2),23.0,51.1
2026-07-28T12:00:00Z,A-(401호 회로창고 1),22.2,57.8
2026-07-28T12:00:00Z,B-(401호 회로창고 2),23.0,50.5
2026-07-28T13:00:00Z,A-(401호 회로창고 1),22.1,52.4
2026-07-28T13:00:00Z,B-(401호 회로창고 2),22.9,49.8
2026-07-28T14:00:00Z,A-(401호 회로창고 1),22.1,54.9
2026-07-28T14:00:00Z,B-(401호 회로창고 2),22.9,49.4
2026-07-28T15:00:00Z,A-(401호 회로창고 1),22.2,54.1
2026-07-28T15:00:00Z,B-(401호 회로창고 2),22.9,51.8
2026-07-28T16:00:00Z,A-(401호 회로창고 1),22.1,52.5
2026-07-28T16:00:00Z,B-(401호 회로창고 2),22.9,50.1
2026-07-28T17:00:00Z,A-(401호 회로창고 1),22.1,52.0
2026-07-28T17:00:00Z,B-(401호 회로창고 2),22.8,49.4
2026-07-28T18:00:00Z,A-(401호 회로창고 1),22.2,54.2
2026-07-28T18:00:00Z,B-(401호 회로창고 2),22.9,52.0
2026-07-28T19:00:00Z,A-(401호 회로창고 1),22.1,52.4
2026-07-28T19:00:00Z,B-(401호 회로창고 2),22.8,50.1
2026-07-28T20:00:00Z,A-(401호 회로창고 1),22.1,52.1
2026-07-28T20:00:00Z,B-(401호 회로창고 2),22.8,50.8
2026-07-28T21:00:00Z,A-(401호 회로창고 1),22.3,59.2
2026-07-28T21:00:00Z,B-(401호 회로창고 2),22.8,51.2
2026-07-28T22:00:00Z,A-(401호 회로창고 1),22.1,52.0
2026-07-28T22:00:00Z,B-(401호 회로창고 2),22.8,49.5
2026-07-28T23:00:00Z,A-(401호 회로창고 1),22.2,54.1
2026-07-28T23:00:00Z,B-(401호 회로창고 2),22.9,52.2
2026-07-29T00:00:00Z,A-(401호 회로창고 1),22.2,53.6
2026-07-29T00:00:00Z,B-(401호 회로창고 2),23.0,50.9
2026-07-29T00:00:00Z,F-(807호 생산 Line),22.9,58.7
2026-07-29T00:00:00Z,G-(401호 기구창고),21.2,64.4
2026-07-29T01:00:00Z,A-(401호 회로창고 1),22.3,52.0
2026-07-29T01:00:00Z,B-(401호 회로창고 2),23.3,51.4
2026-07-29T01:00:00Z,F-(807호 생산 Line),22.8,58.1
2026-07-29T01:00:00Z,G-(401호 기구창고),20.2,61.2
2026-07-29T02:00:00Z,A-(401호 회로창고 1),22.3,53.6
2026-07-29T02:00:00Z,B-(401호 회로창고 2),23.2,49.1
2026-07-29T02:00:00Z,F-(807호 생산 Line),22.7,57.5
2026-07-29T02:00:00Z,G-(401호 기구창고),22.1,81.9
2026-07-29T03:00:00Z,A-(401호 회로창고 1),22.2,52.5
2026-07-29T03:00:00Z,B-(401호 회로창고 2),23.4,49.3
2026-07-29T03:00:00Z,F-(807호 생산 Line),22.7,57.0
2026-07-29T03:00:00Z,G-(401호 기구창고),20.1,65.2
2026-07-29T04:00:00Z,A-(401호 회로창고 1),22.2,53.7
2026-07-29T04:00:00Z,B-(401호 회로창고 2),23.5,49.6
2026-07-29T04:00:00Z,F-(807호 생산 Line),22.6,57.0
2026-07-29T04:00:00Z,G-(401호 기구창고),19.6,62.2
2026-07-29T05:00:00Z,A-(401호 회로창고 1),22.1,53.3
2026-07-29T05:00:00Z,B-(401호 회로창고 2),23.5,48.4
2026-07-29T05:00:00Z,F-(807호 생산 Line),22.6,57.9
2026-07-29T05:00:00Z,G-(401호 기구창고),19.8,62.5
2026-07-29T06:00:00Z,A-(401호 회로창고 1),22.3,53.6
2026-07-29T06:00:00Z,B-(401호 회로창고 2),23.6,48.9
2026-07-29T06:00:00Z,D-(406호 기구창고),24.3,56.7
2026-07-29T06:00:00Z,F-(807호 생산 Line),22.7,58.7
2026-07-29T06:00:00Z,G-(401호 기구창고),20.0,73.4
2026-07-29T07:00:00Z,A-(401호 회로창고 1),22.2,55.0
2026-07-29T07:00:00Z,B-(401호 회로창고 2),23.6,49.8
2026-07-29T07:00:00Z,C-(402호 수입검사),23.3,57.3
2026-07-29T07:00:00Z,D-(406호 기구창고),23.9,54.7
2026-07-29T07:00:00Z,E-(408호 OQC),24.4,63.8
2026-07-29T07:00:00Z,F-(807호 생산 Line),22.7,58.7
2026-07-29T07:00:00Z,G-(401호 기구창고),20.6,65.0
2026-07-29T08:00:00Z,A-(401호 회로창고 1),22.4,57.9
2026-07-29T08:00:00Z,B-(401호 회로창고 2),23.3,48.5
2026-07-29T08:00:00Z,C-(402호 수입검사),23.8,61.3
2026-07-29T08:00:00Z,E-(408호 OQC),24.0,75.1
2026-07-29T08:00:00Z,F-(807호 생산 Line),22.8,59.5
2026-07-29T08:00:00Z,G-(401호 기구창고),21.8,72.1
2026-07-29T09:00:00Z,A-(401호 회로창고 1),22.3,58.6
2026-07-29T09:00:00Z,B-(401호 회로창고 2),23.2,49.2
2026-07-29T10:00:00Z,A-(401호 회로창고 1),22.1,52.3
2026-07-29T10:00:00Z,B-(401호 회로창고 2),23.1,49.2
2026-07-29T11:00:00Z,A-(401호 회로창고 1),22.0,52.2
2026-07-29T11:00:00Z,B-(401호 회로창고 2),23.0,48.9
2026-07-29T12:00:00Z,A-(401호 회로창고 1),22.1,52.4
2026-07-29T12:00:00Z,B-(401호 회로창고 2),23.0,50.7
2026-07-29T13:00:00Z,A-(401호 회로창고 1),22.3,58.4
2026-07-29T13:00:00Z,B-(401호 회로창고 2),23.0,51.1
2026-07-29T14:00:00Z,A-(401호 회로창고 1),22.1,52.0
2026-07-29T14:00:00Z,B-(401호 회로창고 2),22.9,49.4
2026-07-29T15:00:00Z,A-(401호 회로창고 1),22.1,51.9
2026-07-29T15:00:00Z,B-(401호 회로창고 2),22.9,51.7
2026-07-29T16:00:00Z,A-(401호 회로창고 1),22.4,57.6
2026-07-29T16:00:00Z,B-(401호 회로창고 2),22.9,50.7
2026-07-29T17:00:00Z,A-(401호 회로창고 1),22.0,51.7
2026-07-29T17:00:00Z,B-(401호 회로창고 2),22.9,49.2
2026-07-29T18:00:00Z,A-(401호 회로창고 1),22.3,58.6
2026-07-29T18:00:00Z,B-(401호 회로창고 2),22.9,52.1
2026-07-29T19:00:00Z,A-(401호 회로창고 1),22.1,51.6
2026-07-29T19:00:00Z,B-(401호 회로창고 2),22.8,49.4
2026-07-29T20:00:00Z,A-(401호 회로창고 1),22.3,55.0
2026-07-29T20:00:00Z,B-(401호 회로창고 2),22.9,53.2
2026-07-29T21:00:00Z,A-(401호 회로창고 1),22.1,51.9
2026-07-29T21:00:00Z,B-(401호 회로창고 2),22.9,49.6
2026-07-29T22:00:00Z,A-(401호 회로창고 1),22.1,56.0
2026-07-29T22:00:00Z,B-(401호 회로창고 2),22.9,52.4
2026-07-29T23:00:00Z,A-(401호 회로창고 1),22.1,52.1
2026-07-29T23:00:00Z,B-(401호 회로창고 2),22.8,49.8
2026-07-30T00:00:00Z,A-(401호 회로창고 1),22.0,52.2
2026-07-30T00:00:00Z,B-(401호 회로창고 2),22.9,51.5
2026-07-30T00:00:00Z,C-(402호 수입검사),25.9,74.0
2026-07-30T00:00:00Z,E-(408호 OQC),25.6,89.2
2026-07-30T00:00:00Z,F-(807호 생산 Line),25.9,61.5
2026-07-30T00:00:00Z,G-(401호 기구창고),24.4,81.8
2026-07-30T01:00:00Z,A-(401호 회로창고 1),22.2,53.6
2026-07-30T01:00:00Z,B-(401호 회로창고 2),22.9,51.1
2026-07-30T01:00:00Z,C-(402호 수입검사),26.0,74.2
2026-07-30T01:00:00Z,E-(408호 OQC),25.8,88.9
2026-07-30T01:00:00Z,F-(807호 생산 Line),25.9,61.9
2026-07-30T01:00:00Z,G-(401호 기구창고),24.4,82.8
2026-07-30T02:00:00Z,A-(401호 회로창고 1),22.1,52.4
2026-07-30T02:00:00Z,B-(401호 회로창고 2),23.0,52.6
2026-07-30T02:00:00Z,C-(402호 수입검사),26.1,74.1
2026-07-30T02:00:00Z,E-(408호 OQC),25.8,89.2
2026-07-30T02:00:00Z,F-(807호 생산 Line),25.9,62.2
2026-07-30T02:00:00Z,G-(401호 기구창고),24.5,83.2
2026-07-30T03:00:00Z,A-(401호 회로창고 1),22.2,54.2
2026-07-30T03:00:00Z,B-(401호 회로창고 2),23.0,51.6
2026-07-30T03:00:00Z,C-(402호 수입검사),26.2,74.2
2026-07-30T03:00:00Z,E-(408호 OQC),25.9,89.4
2026-07-30T03:00:00Z,F-(807호 생산 Line),26.0,62.6
2026-07-30T03:00:00Z,G-(401호 기구창고),24.6,84.6
2026-07-30T04:00:00Z,A-(401호 회로창고 1),22.1,53.1
2026-07-30T04:00:00Z,B-(401호 회로창고 2),23.1,51.4
2026-07-30T04:00:00Z,C-(402호 수입검사),26.3,73.5
2026-07-30T04:00:00Z,E-(408호 OQC),25.9,89.8
2026-07-30T04:00:00Z,F-(807호 생산 Line),26.1,63.2
2026-07-30T04:00:00Z,G-(401호 기구창고),24.7,84.7
2026-07-30T05:00:00Z,A-(401호 회로창고 1),22.0,53.0
2026-07-30T05:00:00Z,B-(401호 회로창고 2),23.1,49.3
2026-07-30T05:00:00Z,C-(402호 수입검사),26.4,74.5
2026-07-30T05:00:00Z,E-(408호 OQC),25.9,89.8
2026-07-30T05:00:00Z,F-(807호 생산 Line),26.1,63.4
2026-07-30T05:00:00Z,G-(401호 기구창고),24.8,85.0
2026-07-30T06:00:00Z,A-(401호 회로창고 1),22.3,55.9
2026-07-30T06:00:00Z,B-(401호 회로창고 2),23.0,48.6
2026-07-30T06:00:00Z,C-(402호 수입검사),26.5,74.3
2026-07-30T06:00:00Z,E-(408호 OQC),26.0,90.5
2026-07-30T06:00:00Z,F-(807호 생산 Line),26.1,63.7
2026-07-30T06:00:00Z,G-(401호 기구창고),24.9,85.4
2026-07-30T07:00:00Z,A-(401호 회로창고 1),22.1,52.9
2026-07-30T07:00:00Z,B-(401호 회로창고 2),23.1,49.4
2026-07-30T07:00:00Z,C-(402호 수입검사),26.5,73.5
2026-07-30T07:00:00Z,E-(408호 OQC),26.0,90.7
2026-07-30T07:00:00Z,F-(807호 생산 Line),26.2,63.9
2026-07-30T07:00:00Z,G-(401호 기구창고),24.9,84.7
2026-07-30T08:00:00Z,A-(401호 회로창고 1),22.0,52.8
2026-07-30T08:00:00Z,B-(401호 회로창고 2),23.0,49.1
2026-07-30T08:00:00Z,C-(402호 수입검사),26.6,74.5
2026-07-30T08:00:00Z,E-(408호 OQC),26.0,90.7
2026-07-30T08:00:00Z,F-(807호 생산 Line),26.2,64.3
2026-07-30T08:00:00Z,G-(401호 기구창고),24.9,84.7
2026-07-30T09:00:00Z,A-(401호 회로창고 1),22.2,54.7
2026-07-30T09:00:00Z,B-(401호 회로창고 2),23.1,51.6
2026-07-30T10:00:00Z,A-(401호 회로창고 1),22.2,52.5
2026-07-30T10:00:00Z,B-(401호 회로창고 2),23.1,52.5
2026-07-30T11:00:00Z,A-(401호 회로창고 1),22.2,52.4
2026-07-30T11:00:00Z,B-(401호 회로창고 2),23.0,49.1
2026-07-30T12:00:00Z,A-(401호 회로창고 1),22.3,54.5
2026-07-30T12:00:00Z,B-(401호 회로창고 2),23.0,51.8
2026-07-30T13:00:00Z,A-(401호 회로창고 1),22.2,52.0
2026-07-30T13:00:00Z,B-(401호 회로창고 2),23.0,49.4
2026-07-30T14:00:00Z,A-(401호 회로창고 1),22.2,51.9
2026-07-30T14:00:00Z,B-(401호 회로창고 2),22.9,50.2
2026-07-30T15:00:00Z,A-(401호 회로창고 1),22.1,55.5
2026-07-30T15:00:00Z,B-(401호 회로창고 2),23.0,51.4
2026-07-30T16:00:00Z,A-(401호 회로창고 1),22.2,51.7
2026-07-30T16:00:00Z,B-(401호 회로창고 2),22.9,49.6
2026-07-30T17:00:00Z,A-(401호 회로창고 1),22.1,51.4
2026-07-30T17:00:00Z,B-(401호 회로창고 2),22.9,52.1
2026-07-30T18:00:00Z,A-(401호 회로창고 1),22.2,52.4
2026-07-30T18:00:00Z,B-(401호 회로창고 2),22.9,50.3
2026-07-30T19:00:00Z,A-(401호 회로창고 1),22.1,51.3
2026-07-30T19:00:00Z,B-(401호 회로창고 2),22.9,53.0
2026-07-30T20:00:00Z,A-(401호 회로창고 1),22.2,52.2
2026-07-30T20:00:00Z,B-(401호 회로창고 2),22.9,50.2
2026-07-30T21:00:00Z,A-(401호 회로창고 1),22.4,55.4
2026-07-30T21:00:00Z,B-(401호 회로창고 2),22.9,53.1
2026-07-30T22:00:00Z,A-(401호 회로창고 1),22.1,51.4
2026-07-30T22:00:00Z,B-(401호 회로창고 2),22.9,49.3
2026-07-30T23:00:00Z,A-(401호 회로창고 1),22.2,55.4
2026-07-30T23:00:00Z,B-(401호 회로창고 2),22.9,52.1
2026-07-31T00:00:00Z,A-(401호 회로창고 1),22.1,52.3
2026-07-31T00:00:00Z,B-(401호 회로창고 2),22.9,49.8
2026-07-31T00:00:00Z,C-(402호 수입검사),26.3,74.9
2026-07-31T00:00:00Z,E-(408호 OQC),26.5,91.1
2026-07-31T00:00:00Z,F-(807호 생산 Line),26.6,65.9
2026-07-31T00:00:00Z,G-(401호 기구창고),24.9,79.2
2026-07-31T01:00:00Z,A-(401호 회로창고 1),22.0,52.1
2026-07-31T01:00:00Z,B-(401호 회로창고 2),22.9,49.1
2026-07-31T01:00:00Z,C-(402호 수입검사),26.4,75.0
2026-07-31T01:00:00Z,E-(408호 OQC),26.7,90.1
2026-07-31T01:00:00Z,F-(807호 생산 Line),26.7,65.9
2026-07-31T01:00:00Z,G-(401호 기구창고),25.0,80.5
2026-07-31T02:00:00Z,A-(401호 회로창고 1),22.1,52.2
2026-07-31T02:00:00Z,B-(401호 회로창고 2),23.0,49.1
2026-07-31T02:00:00Z,C-(402호 수입검사),26.5,74.8
2026-07-31T02:00:00Z,E-(408호 OQC),26.6,89.7
2026-07-31T02:00:00Z,F-(807호 생산 Line),26.7,66.1
2026-07-31T02:00:00Z,G-(401호 기구창고),25.1,81.6
2026-07-31T03:00:00Z,A-(401호 회로창고 1),22.0,52.6
2026-07-31T03:00:00Z,B-(401호 회로창고 2),23.0,49.1
2026-07-31T03:00:00Z,C-(402호 수입검사),26.7,75.5
2026-07-31T03:00:00Z,E-(408호 OQC),26.6,89.7
2026-07-31T03:00:00Z,F-(807호 생산 Line),26.7,66.3
2026-07-31T03:00:00Z,G-(401호 기구창고),25.2,82.8
2026-07-31T04:00:00Z,A-(401호 회로창고 1),22.0,52.9
2026-07-31T04:00:00Z,B-(401호 회로창고 2),23.0,49.1
2026-07-31T04:00:00Z,C-(402호 수입검사),26.8,75.4
2026-07-31T04:00:00Z,E-(408호 OQC),26.6,89.6
2026-07-31T04:00:00Z,F-(807호 생산 Line),26.8,66.7
2026-07-31T04:00:00Z,G-(401호 기구창고),25.2,84.4
2026-07-31T05:00:00Z,A-(401호 회로창고 1),22.0,53.3
2026-07-31T05:00:00Z,B-(401호 회로창고 2),23.1,49.4
2026-07-31T05:00:00Z,C-(402호 수입검사),26.9,74.6
2026-07-31T05:00:00Z,E-(408호 OQC),26.6,89.8
2026-07-31T05:00:00Z,F-(807호 생산 Line),26.8,66.9
2026-07-31T05:00:00Z,G-(401호 기구창고),25.4,86.3
2026-07-31T06:00:00Z,A-(401호 회로창고 1),22.1,54.0
2026-07-31T06:00:00Z,B-(401호 회로창고 2),23.2,50.0
2026-07-31T06:00:00Z,C-(402호 수입검사),27.0,76.4
2026-07-31T06:00:00Z,E-(408호 OQC),26.6,90.2
2026-07-31T06:00:00Z,F-(807호 생산 Line),26.8,67.0
2026-07-31T06:00:00Z,G-(401호 기구창고),25.5,87.9
2026-07-31T07:00:00Z,A-(401호 회로창고 1),22.2,53.9
2026-07-31T07:00:00Z,B-(401호 회로창고 2),23.3,50.1
2026-07-31T07:00:00Z,C-(402호 수입검사),27.1,76.2
2026-07-31T07:00:00Z,E-(408호 OQC),26.6,90.6
2026-07-31T07:00:00Z,F-(807호 생산 Line),26.9,67.2
2026-07-31T07:00:00Z,G-(401호 기구창고),25.5,89.2
2026-07-31T08:00:00Z,A-(401호 회로창고 1),22.2,53.7
2026-07-31T08:00:00Z,B-(401호 회로창고 2),23.3,50.0
2026-07-31T08:00:00Z,C-(402호 수입검사),27.1,77.1
2026-07-31T08:00:00Z,E-(408호 OQC),26.6,90.6
2026-07-31T08:00:00Z,F-(807호 생산 Line),26.9,67.4
2026-07-31T08:00:00Z,G-(401호 기구창고),25.5,90.2
2026-07-31T09:00:00Z,A-(401호 회로창고 1),22.2,53.4
2026-07-31T09:00:00Z,B-(401호 회로창고 2),23.2,49.8
2026-07-31T10:00:00Z,A-(401호 회로창고 1),22.1,52.8
2026-07-31T10:00:00Z,B-(401호 회로창고 2),23.1,49.3
2026-07-31T11:00:00Z,A-(401호 회로창고 1),22.4,57.8
2026-07-31T11:00:00Z,B-(401호 회로창고 2),23.1,48.9
2026-07-31T12:00:00Z,A-(401호 회로창고 1),22.1,53.2
2026-07-31T12:00:00Z,B-(401호 회로창고 2),23.1,49.8
2026-07-31T13:00:00Z,A-(401호 회로창고 1),22.0,52.0
2026-07-31T13:00:00Z,B-(401호 회로창고 2),23.0,48.7
2026-07-31T14:00:00Z,A-(401호 회로창고 1),22.1,52.2
2026-07-31T14:00:00Z,B-(401호 회로창고 2),23.0,49.1
2026-07-31T15:00:00Z,A-(401호 회로창고 1),22.4,57.0
2026-07-31T15:00:00Z,B-(401호 회로창고 2),23.0,49.3
2026-07-31T16:00:00Z,A-(401호 회로창고 1),22.3,57.5
2026-07-31T16:00:00Z,B-(401호 회로창고 2),23.0,49.4
2026-07-31T17:00:00Z,A-(401호 회로창고 1),22.4,56.2
2026-07-31T17:00:00Z,B-(401호 회로창고 2),23.0,49.5
2026-07-31T18:00:00Z,A-(401호 회로창고 1),22.1,52.0
2026-07-31T18:00:00Z,B-(401호 회로창고 2),23.0,49.3
2026-07-31T19:00:00Z,A-(401호 회로창고 1),22.1,52.0
2026-07-31T19:00:00Z,B-(401호 회로창고 2),22.9,49.2
2026-07-31T20:00:00Z,A-(401호 회로창고 1),22.0,51.9
2026-07-31T20:00:00Z,B-(401호 회로창고 2),22.9,48.9
2026-07-31T21:00:00Z,A-(401호 회로창고 1),22.1,51.9
2026-07-31T21:00:00Z,B-(401호 회로창고 2),22.9,52.8
2026-07-31T22:00:00Z,A-(401호 회로창고 1),22.2,53.5
2026-07-31T22:00:00Z,B-(401호 회로창고 2),22.9,50.8
2026-07-31T23:00:00Z,A-(401호 회로창고 1),22.1,52.6
2026-07-31T23:00:00Z,B-(401호 회로창고 2),23.0,52.4
2026-08-01T00:00:00Z,A-(401호 회로창고 1),22.0,51.9
2026-08-01T00:00:00Z,B-(401호 회로창고 2),22.9,49.0
2026-08-01T01:00:00Z,A-(401호 회로창고 1),22.0,52.6
2026-08-01T01:00:00Z,B-(401호 회로창고 2),23.0,49.5
2026-08-01T02:00:00Z,A-(401호 회로창고 1),22.2,54.4
2026-08-01T02:00:00Z,B-(401호 회로창고 2),23.0,51.6
2026-08-01T03:00:00Z,A-(401호 회로창고 1),22.1,53.0
2026-08-01T03:00:00Z,B-(401호 회로창고 2),23.1,49.4
2026-08-01T04:00:00Z,A-(401호 회로창고 1),22.0,53.4
2026-08-01T04:00:00Z,B-(401호 회로창고 2),23.1,49.4
2026-08-01T05:00:00Z,A-(401호 회로창고 1),22.1,54.0
2026-08-01T05:00:00Z,B-(401호 회로창고 2),23.2,49.9
2026-08-01T06:00:00Z,A-(401호 회로창고 1),22.2,54.5
2026-08-01T06:00:00Z,B-(401호 회로창고 2),23.3,50.3
2026-08-01T07:00:00Z,A-(401호 회로창고 1),22.2,54.4
2026-08-01T07:00:00Z,B-(401호 회로창고 2),23.3,50.4
2026-08-01T08:00:00Z,A-(401호 회로창고 1),22.2,54.5
2026-08-01T08:00:00Z,B-(401호 회로창고 2),23.3,50.4
2026-08-01T09:00:00Z,A-(401호 회로창고 1),22.2,53.8
2026-08-01T09:00:00Z,B-(401호 회로창고 2),23.3,50.1
2026-08-01T10:00:00Z,A-(401호 회로창고 1),22.2,53.4
2026-08-01T10:00:00Z,B-(401호 회로창고 2),23.2,49.8
2026-08-01T11:00:00Z,A-(401호 회로창고 1),22.1,52.6
2026-08-01T11:00:00Z,B-(401호 회로창고 2),23.1,49.1
2026-08-01T12:00:00Z,A-(401호 회로창고 1),22.0,52.3
2026-08-01T12:00:00Z,B-(401호 회로창고 2),23.0,48.7
2026-08-01T13:00:00Z,A-(401호 회로창고 1),22.3,58.6
2026-08-01T13:00:00Z,B-(401호 회로창고 2),23.0,49.2
2026-08-01T14:00:00Z,A-(401호 회로창고 1),22.3,55.8
2026-08-01T14:00:00Z,B-(401호 회로창고 2),23.0,49.4
2026-08-01T15:00:00Z,A-(401호 회로창고 1),22.1,52.4
2026-08-01T15:00:00Z,B-(401호 회로창고 2),23.0,49.3
2026-08-01T16:00:00Z,A-(401호 회로창고 1),22.0,51.8
2026-08-01T16:00:00Z,B-(401호 회로창고 2),23.0,48.7
2026-08-01T17:00:00Z,A-(401호 회로창고 1),22.1,52.0
2026-08-01T17:00:00Z,B-(401호 회로창고 2),23.0,51.4
2026-08-01T18:00:00Z,A-(401호 회로창고 1),22.2,53.9
2026-08-01T18:00:00Z,B-(401호 회로창고 2),23.0,51.5
2026-08-01T19:00:00Z,A-(401호 회로창고 1),22.2,52.3
2026-08-01T19:00:00Z,B-(401호 회로창고 2),23.0,49.7
2026-08-01T20:00:00Z,A-(401호 회로창고 1),22.1,51.6
2026-08-01T20:00:00Z,B-(401호 회로창고 2),22.9,48.9
2026-08-01T21:00:00Z,A-(401호 회로창고 1),22.3,54.8
2026-08-01T21:00:00Z,B-(401호 회로창고 2),23.0,52.3
2026-08-01T22:00:00Z,A-(401호 회로창고 1),22.2,52.5
2026-08-01T22:00:00Z,B-(401호 회로창고 2),23.0,50.0
2026-08-01T23:00:00Z,A-(401호 회로창고 1),22.1,52.0
2026-08-01T23:00:00Z,B-(401호 회로창고 2),22.9,49.2
2026-08-02T00:00:00Z,A-(401호 회로창고 1),22.1,52.2
2026-08-02T00:00:00Z,B-(401호 회로창고 2),23.0,52.7
2026-08-02T01:00:00Z,A-(401호 회로창고 1),22.2,53.9
2026-08-02T01:00:00Z,B-(401호 회로창고 2),23.0,51.3
2026-08-02T02:00:00Z,A-(401호 회로창고 1),22.2,54.2
2026-08-02T02:00:00Z,B-(401호 회로창고 2),23.1,51.3
2026-08-02T03:00:00Z,A-(401호 회로창고 1),22.0,52.9
2026-08-02T03:00:00Z,B-(401호 회로창고 2),23.1,52.3
2026-08-02T04:00:00Z,A-(401호 회로창고 1),22.2,58.7
2026-08-02T04:00:00Z,B-(401호 회로창고 2),23.1,48.6
2026-08-02T05:00:00Z,A-(401호 회로창고 1),22.1,53.5
2026-08-02T05:00:00Z,B-(401호 회로창고 2),23.2,49.6
2026-08-02T06:00:00Z,A-(401호 회로창고 1),22.1,53.3
2026-08-02T06:00:00Z,B-(401호 회로창고 2),23.2,49.2
2026-08-02T07:00:00Z,A-(401호 회로창고 1),22.1,53.4
2026-08-02T07:00:00Z,B-(401호 회로창고 2),23.3,49.2
2026-08-02T08:00:00Z,A-(401호 회로창고 1),22.1,53.5
2026-08-02T08:00:00Z,B-(401호 회로창고 2),23.2,49.4
2026-08-02T09:00:00Z,A-(401호 회로창고 1),22.1,53.3
2026-08-02T09:00:00Z,B-(401호 회로창고 2),23.2,49.3
2026-08-02T10:00:00Z,A-(401호 회로창고 1),22.0,52.8
2026-08-02T10:00:00Z,B-(401호 회로창고 2),23.1,48.9
2026-08-02T11:00:00Z,A-(401호 회로창고 1),22.1,52.1
2026-08-02T11:00:00Z,B-(401호 회로창고 2),23.2,51.7
2026-08-02T12:00:00Z,A-(401호 회로창고 1),22.2,58.9
2026-08-02T12:00:00Z,B-(401호 회로창고 2),23.1,50.1
2026-08-02T13:00:00Z,A-(401호 회로창고 1),22.1,51.8
2026-08-02T13:00:00Z,B-(401호 회로창고 2),23.1,48.8
2026-08-02T14:00:00Z,A-(401호 회로창고 1),22.3,55.0
2026-08-02T14:00:00Z,B-(401호 회로창고 2),23.1,51.9
2026-08-02T15:00:00Z,A-(401호 회로창고 1),22.2,51.9
2026-08-02T15:00:00Z,B-(401호 회로창고 2),23.0,49.4
2026-08-02T16:00:00Z,A-(401호 회로창고 1),22.4,59.4
2026-08-02T16:00:00Z,B-(401호 회로창고 2),23.0,51.3
2026-08-02T17:00:00Z,A-(401호 회로창고 1),22.1,51.5
2026-08-02T17:00:00Z,B-(401호 회로창고 2),23.0,48.9
2026-08-02T18:00:00Z,A-(401호 회로창고 1),22.1,51.4
2026-08-02T18:00:00Z,B-(401호 회로창고 2),23.0,52.8
2026-08-02T19:00:00Z,A-(401호 회로창고 1),22.2,52.1
2026-08-02T19:00:00Z,B-(401호 회로창고 2),23.0,49.6
2026-08-02T20:00:00Z,A-(401호 회로창고 1),22.1,51.9
2026-08-02T20:00:00Z,B-(401호 회로창고 2),22.9,51.8
2026-08-02T21:00:00Z,A-(401호 회로창고 1),22.4,57.2
2026-08-02T21:00:00Z,B-(401호 회로창고 2),23.0,50.8
2026-08-02T22:00:00Z,A-(401호 회로창고 1),22.1,52.0
2026-08-02T22:00:00Z,B-(401호 회로창고 2),22.9,48.6
2026-08-02T23:00:00Z,A-(401호 회로창고 1),22.2,53.6
2026-08-02T23:00:00Z,B-(401호 회로창고 2),23.0,51.3
2026-08-03T00:00:00Z,A-(401호 회로창고 1),22.3,58.5
2026-08-03T00:00:00Z,B-(401호 회로창고 2),23.0,49.9
2026-08-03T00:00:00Z,C-(402호 수입검사),27.4,76.6
2026-08-03T00:00:00Z,E-(408호 OQC),28.1,88.5
2026-08-03T00:00:00Z,F-(807호 생산 Line),28.2,68.6
2026-08-03T00:00:00Z,G-(401호 기구창고),25.2,85.5
2026-08-03T01:00:00Z,A-(401호 회로창고 1),22.1,52.6
2026-08-03T01:00:00Z,B-(401호 회로창고 2),23.1,49.5
2026-08-03T01:00:00Z,C-(402호 수입검사),27.5,76.8
2026-08-03T01:00:00Z,E-(408호 OQC),28.2,88.0
2026-08-03T01:00:00Z,F-(807호 생산 Line),28.3,68.6
2026-08-03T01:00:00Z,G-(401호 기구창고),25.3,87.0
2026-08-03T02:00:00Z,A-(401호 회로창고 1),22.2,53.4
2026-08-03T02:00:00Z,B-(401호 회로창고 2),23.2,50.0
2026-08-03T02:00:00Z,C-(402호 수입검사),27.7,76.9
2026-08-03T02:00:00Z,E-(408호 OQC),28.2,88.1
2026-08-03T02:00:00Z,F-(807호 생산 Line),28.3,68.5
2026-08-03T02:00:00Z,G-(401호 기구창고),25.4,88.8
2026-08-03T03:00:00Z,A-(401호 회로창고 1),22.0,52.3
2026-08-03T03:00:00Z,B-(401호 회로창고 2),23.2,48.5
2026-08-03T03:00:00Z,C-(402호 수입검사),27.7,76.8
2026-08-03T03:00:00Z,E-(408호 OQC),28.1,87.9
2026-08-03T03:00:00Z,F-(807호 생산 Line),28.4,68.6
2026-08-03T03:00:00Z,G-(401호 기구창고),25.5,94.6
2026-08-03T04:00:00Z,A-(401호 회로창고 1),22.1,52.2
2026-08-03T04:00:00Z,B-(401호 회로창고 2),23.2,48.3
2026-08-03T04:00:00Z,C-(402호 수입검사),27.8,76.9
2026-08-03T04:00:00Z,E-(408호 OQC),27.9,87.8
2026-08-03T04:00:00Z,F-(807호 생산 Line),28.4,68.7
2026-08-03T04:00:00Z,G-(401호 기구창고),25.5,90.7
2026-08-03T05:00:00Z,A-(401호 회로창고 1),22.1,52.3
2026-08-03T05:00:00Z,B-(401호 회로창고 2),23.2,48.4
2026-08-03T05:00:00Z,C-(402호 수입검사),27.9,76.6
2026-08-03T05:00:00Z,E-(408호 OQC),27.9,87.5
2026-08-03T05:00:00Z,F-(807호 생산 Line),28.4,68.8
2026-08-03T05:00:00Z,G-(401호 기구창고),25.6,89.7
2026-08-03T06:00:00Z,A-(401호 회로창고 1),22.1,52.5
2026-08-03T06:00:00Z,B-(401호 회로창고 2),23.2,48.4
2026-08-03T06:00:00Z,C-(402호 수입검사),27.9,76.3
2026-08-03T06:00:00Z,E-(408호 OQC),27.8,87.5
2026-08-03T06:00:00Z,F-(807호 생산 Line),28.5,68.9
2026-08-03T06:00:00Z,G-(401호 기구창고),25.6,88.6
2026-08-03T07:00:00Z,A-(401호 회로창고 1),22.4,55.1
2026-08-03T07:00:00Z,B-(401호 회로창고 2),23.2,48.5
2026-08-03T07:00:00Z,C-(402호 수입검사),27.9,76.2
2026-08-03T07:00:00Z,E-(408호 OQC),27.8,87.7
2026-08-03T07:00:00Z,F-(807호 생산 Line),28.5,68.9
2026-08-03T07:00:00Z,G-(401호 기구창고),25.7,87.8
2026-08-03T08:00:00Z,A-(401호 회로창고 1),22.2,53.1
2026-08-03T08:00:00Z,B-(401호 회로창고 2),23.2,48.8
2026-08-03T08:00:00Z,C-(402호 수입검사),27.9,76.1
2026-08-03T08:00:00Z,E-(408호 OQC),27.8,87.9
2026-08-03T08:00:00Z,F-(807호 생산 Line),28.5,69.0
2026-08-03T08:00:00Z,G-(401호 기구창고),25.6,87.3
2026-08-03T09:00:00Z,A-(401호 회로창고 1),22.1,52.1
2026-08-03T09:00:00Z,B-(401호 회로창고 2),23.2,48.4
2026-08-03T10:00:00Z,A-(401호 회로창고 1),22.2,52.8
2026-08-03T10:00:00Z,B-(401호 회로창고 2),23.2,49.2
2026-08-03T11:00:00Z,A-(401호 회로창고 1),22.4,55.1
2026-08-03T11:00:00Z,B-(401호 회로창고 2),23.1,48.7
2026-08-03T12:00:00Z,A-(401호 회로창고 1),22.1,52.5
2026-08-03T12:00:00Z,B-(401호 회로창고 2),23.1,49.1
2026-08-03T13:00:00Z,A-(401호 회로창고 1),22.2,53.5
2026-08-03T13:00:00Z,B-(401호 회로창고 2),23.1,50.2
2026-08-03T14:00:00Z,A-(401호 회로창고 1),22.3,53.9
2026-08-03T14:00:00Z,B-(401호 회로창고 2),23.1,51.0
2026-08-03T15:00:00Z,A-(401호 회로창고 1),22.2,53.8
2026-08-03T15:00:00Z,B-(401호 회로창고 2),23.1,51.1
2026-08-03T16:00:00Z,A-(401호 회로창고 1),22.2,53.5
2026-08-03T16:00:00Z,B-(401호 회로창고 2),23.0,50.5
2026-08-03T17:00:00Z,A-(401호 회로창고 1),22.2,52.3
2026-08-03T17:00:00Z,B-(401호 회로창고 2),23.0,49.5
2026-08-03T18:00:00Z,A-(401호 회로창고 1),22.4,55.7
2026-08-03T18:00:00Z,B-(401호 회로창고 2),23.0,49.1
2026-08-03T19:00:00Z,A-(401호 회로창고 1),22.3,59.3
2026-08-03T19:00:00Z,B-(401호 회로창고 2),23.0,49.3
2026-08-03T20:00:00Z,A-(401호 회로창고 1),22.4,58.6
2026-08-03T20:00:00Z,B-(401호 회로창고 2),23.1,49.5
2026-08-03T21:00:00Z,A-(401호 회로창고 1),22.1,51.9
2026-08-03T21:00:00Z,B-(401호 회로창고 2),23.0,49.3
2026-08-03T22:00:00Z,A-(401호 회로창고 1),22.1,51.6
2026-08-03T22:00:00Z,B-(401호 회로창고 2),23.0,48.7
2026-08-03T23:00:00Z,A-(401호 회로창고 1),22.1,52.2
2026-08-03T23:00:00Z,B-(401호 회로창고 2),23.0,49.0
2026-08-04T00:00:00Z,A-(401호 회로창고 1),22.2,52.4
2026-08-04T00:00:00Z,B-(401호 회로창고 2),23.2,48.9
2026-08-04T00:00:00Z,C-(402호 수입검사),25.0,62.7
2026-08-04T00:00:00Z,D-(406호 기구창고),27.2,58.5
2026-08-04T00:00:00Z,E-(408호 OQC),23.4,61.7
2026-08-04T00:00:00Z,F-(807호 생산 Line),26.0,57.8
2026-08-04T00:00:00Z,G-(401호 기구창고),21.9,63.9
2026-08-04T01:00:00Z,A-(401호 회로창고 1),22.6,52.9
2026-08-04T01:00:00Z,B-(401호 회로창고 2),23.3,50.2
2026-08-04T01:00:00Z,C-(402호 수입검사),24.5,62.4
2026-08-04T01:00:00Z,D-(406호 기구창고),27.6,56.9
2026-08-04T01:00:00Z,E-(408호 OQC),22.4,65.8
2026-08-04T01:00:00Z,F-(807호 생산 Line),25.7,57.5
2026-08-04T01:00:00Z,G-(401호 기구창고),21.3,65.0
2026-08-04T02:00:00Z,A-(401호 회로창고 1),22.5,53.4
2026-08-04T02:00:00Z,B-(401호 회로창고 2),23.2,48.4
2026-08-04T02:00:00Z,C-(402호 수입검사),24.4,63.2
2026-08-04T02:00:00Z,D-(406호 기구창고),27.4,56.0
2026-08-04T02:00:00Z,E-(408호 OQC),23.1,69.2
2026-08-04T02:00:00Z,G-(401호 기구창고),21.0,63.9
2026-08-04T03:00:00Z,A-(401호 회로창고 1),22.5,51.9
2026-08-04T03:00:00Z,B-(401호 회로창고 2),23.4,48.6
2026-08-04T03:00:00Z,C-(402호 수입검사),24.3,62.8
2026-08-04T03:00:00Z,D-(406호 기구창고),26.7,55.4
2026-08-04T03:00:00Z,E-(408호 OQC),23.1,69.4
2026-08-04T03:00:00Z,F-(807호 생산 Line),25.7,57.7
2026-08-04T03:00:00Z,G-(401호 기구창고),20.8,63.4
2026-08-04T04:00:00Z,A-(401호 회로창고 1),22.5,53.0
2026-08-04T04:00:00Z,B-(401호 회로창고 2),23.5,49.5
2026-08-04T04:00:00Z,C-(402호 수입검사),25.5,66.8
2026-08-04T04:00:00Z,D-(406호 기구창고),26.4,54.9
2026-08-04T04:00:00Z,E-(408호 OQC),23.0,69.3
2026-08-04T04:00:00Z,F-(807호 생산 Line),25.6,57.5
2026-08-04T04:00:00Z,G-(401호 기구창고),20.6,62.3
2026-08-04T05:00:00Z,A-(401호 회로창고 1),23.4,52.8
2026-08-04T05:00:00Z,B-(401호 회로창고 2),23.9,50.3
2026-08-04T05:00:00Z,C-(402호 수입검사),24.3,60.3
2026-08-04T05:00:00Z,D-(406호 기구창고),27.2,62.1
2026-08-04T05:00:00Z,E-(408호 OQC),23.3,71.9
2026-08-04T05:00:00Z,F-(807호 생산 Line),25.6,58.6
2026-08-04T05:00:00Z,G-(401호 기구창고),21.1,65.6
2026-08-04T06:00:00Z,A-(401호 회로창고 1),24.4,51.7
2026-08-04T06:00:00Z,B-(401호 회로창고 2),24.5,50.6
2026-08-04T06:00:00Z,C-(402호 수입검사),23.9,58.0
2026-08-04T06:00:00Z,D-(406호 기구창고),26.2,54.8
2026-08-04T06:00:00Z,E-(408호 OQC),23.1,73.8
2026-08-04T06:00:00Z,F-(807호 생산 Line),25.5,58.0
2026-08-04T06:00:00Z,G-(401호 기구창고),21.5,61.3
2026-08-04T07:00:00Z,A-(401호 회로창고 1),24.4,48.5
2026-08-04T07:00:00Z,B-(401호 회로창고 2),24.5,46.1
2026-08-04T07:00:00Z,C-(402호 수입검사),23.7,58.5
2026-08-04T07:00:00Z,D-(406호 기구창고),25.9,54.0
2026-08-04T07:00:00Z,E-(408호 OQC),22.4,64.1
2026-08-04T07:00:00Z,F-(807호 생산 Line),26.3,60.1
2026-08-04T07:00:00Z,G-(401호 기구창고),21.6,60.1
2026-08-04T08:00:00Z,A-(401호 회로창고 1),24.4,47.0
2026-08-04T08:00:00Z,B-(401호 회로창고 2),24.5,46.2
2026-08-04T08:00:00Z,C-(402호 수입검사),23.9,59.8
2026-08-04T08:00:00Z,D-(406호 기구창고),25.7,54.8
2026-08-04T08:00:00Z,E-(408호 OQC),22.2,73.4
2026-08-04T08:00:00Z,F-(807호 생산 Line),26.6,56.5
2026-08-04T08:00:00Z,G-(401호 기구창고),21.9,62.4
2026-08-04T09:00:00Z,A-(401호 회로창고 1),24.6,48.6
2026-08-04T09:00:00Z,B-(401호 회로창고 2),24.4,47.5
2026-08-04T10:00:00Z,A-(401호 회로창고 1),24.8,49.8
2026-08-04T10:00:00Z,B-(401호 회로창고 2),24.5,48.9
2026-08-04T11:00:00Z,A-(401호 회로창고 1),24.9,50.6
2026-08-04T11:00:00Z,B-(401호 회로창고 2),24.6,49.8
2026-08-04T12:00:00Z,A-(401호 회로창고 1),25.0,52.3
2026-08-04T12:00:00Z,B-(401호 회로창고 2),24.7,51.5
2026-08-04T13:00:00Z,A-(401호 회로창고 1),25.2,54.8
2026-08-04T13:00:00Z,B-(401호 회로창고 2),24.9,54.8
2026-08-04T14:00:00Z,A-(401호 회로창고 1),25.3,55.9
2026-08-04T14:00:00Z,B-(401호 회로창고 2),24.9,54.1
2026-08-04T15:00:00Z,A-(401호 회로창고 1),25.4,56.2
2026-08-04T15:00:00Z,B-(401호 회로창고 2),25.0,55.7
2026-08-04T16:00:00Z,A-(401호 회로창고 1),25.5,57.2
2026-08-04T16:00:00Z,B-(401호 회로창고 2),25.0,56.7
2026-08-04T17:00:00Z,A-(401호 회로창고 1),25.5,58.5
2026-08-04T17:00:00Z,B-(401호 회로창고 2),25.1,57.9
2026-08-04T18:00:00Z,A-(401호 회로창고 1),25.6,59.5
2026-08-04T18:00:00Z,B-(401호 회로창고 2),25.1,58.3
2026-08-04T19:00:00Z,A-(401호 회로창고 1),25.7,60.8
2026-08-04T19:00:00Z,B-(401호 회로창고 2),25.2,59.9
2026-08-04T20:00:00Z,A-(401호 회로창고 1),25.7,60.9
2026-08-04T20:00:00Z,B-(401호 회로창고 2),25.2,59.7
2026-08-04T21:00:00Z,A-(401호 회로창고 1),25.8,61.3
2026-08-04T21:00:00Z,B-(401호 회로창고 2),25.2,60.0
2026-08-04T22:00:00Z,A-(401호 회로창고 1),25.9,62.2
2026-08-04T22:00:00Z,B-(401호 회로창고 2),25.3,60.5
2026-08-04T23:00:00Z,A-(401호 회로창고 1),25.9,62.4
2026-08-04T23:00:00Z,B-(401호 회로창고 2),25.4,61.4
2026-08-05T00:00:00Z,A-(401호 회로창고 1),25.8,58.8
2026-08-05T00:00:00Z,B-(401호 회로창고 2),25.5,57.8
2026-08-05T00:00:00Z,C-(402호 수입검사),24.8,65.0
2026-08-05T00:00:00Z,D-(406호 기구창고),27.7,59.7
2026-08-05T00:00:00Z,E-(408호 OQC),23.0,68.3
2026-08-05T00:00:00Z,F-(807호 생산 Line),25.3,57.4
2026-08-05T00:00:00Z,G-(401호 기구창고),23.1,65.4
2026-08-05T01:00:00Z,A-(401호 회로창고 1),25.5,54.7
2026-08-05T01:00:00Z,B-(401호 회로창고 2),25.4,52.2
2026-08-05T01:00:00Z,C-(402호 수입검사),24.1,58.4
2026-08-05T01:00:00Z,D-(406호 기구창고),27.4,57.6
2026-08-05T01:00:00Z,E-(408호 OQC),23.0,79.1
2026-08-05T01:00:00Z,F-(807호 생산 Line),25.2,56.7
2026-08-05T01:00:00Z,G-(401호 기구창고),22.2,63.8
2026-08-05T02:00:00Z,A-(401호 회로창고 1),25.6,53.2
2026-08-05T02:00:00Z,B-(401호 회로창고 2),25.5,52.4
2026-08-05T02:00:00Z,C-(402호 수입검사),23.8,57.5
2026-08-05T02:00:00Z,D-(406호 기구창고),27.0,55.3
2026-08-05T02:00:00Z,E-(408호 OQC),22.6,84.2
2026-08-05T02:00:00Z,F-(807호 생산 Line),25.0,56.0
2026-08-05T02:00:00Z,G-(401호 기구창고),23.0,72.6
2026-08-05T03:00:00Z,A-(401호 회로창고 1),25.4,52.2
2026-08-05T03:00:00Z,B-(401호 회로창고 2),25.5,48.6
2026-08-05T03:00:00Z,C-(402호 수입검사),23.6,57.8
2026-08-05T03:00:00Z,D-(406호 기구창고),26.2,56.1
2026-08-05T03:00:00Z,E-(408호 OQC),21.5,64.2
2026-08-05T03:00:00Z,F-(807호 생산 Line),24.8,54.8
2026-08-05T03:00:00Z,G-(401호 기구창고),22.4,65.5
2026-08-05T04:00:00Z,A-(401호 회로창고 1),25.3,49.9
2026-08-05T04:00:00Z,B-(401호 회로창고 2),25.5,46.0
2026-08-05T04:00:00Z,C-(402호 수입검사),25.5,51.2
2026-08-05T04:00:00Z,D-(406호 기구창고),25.9,55.3
2026-08-05T04:00:00Z,E-(408호 OQC),21.7,63.5
2026-08-05T04:00:00Z,F-(807호 생산 Line),24.6,55.5
2026-08-05T04:00:00Z,G-(401호 기구창고),22.2,62.0
2026-08-05T05:00:00Z,A-(401호 회로창고 1),23.6,55.3
2026-08-05T05:00:00Z,B-(401호 회로창고 2),25.5,46.2
2026-08-05T05:00:00Z,C-(402호 수입검사),24.2,54.6
2026-08-05T05:00:00Z,D-(406호 기구창고),25.2,55.0
2026-08-05T05:00:00Z,E-(408호 OQC),22.0,64.3
2026-08-05T05:00:00Z,F-(807호 생산 Line),24.6,55.6
2026-08-05T05:00:00Z,G-(401호 기구창고),21.7,61.9
2026-08-05T07:00:00Z,A-(401호 회로창고 1),22.4,54.6
2026-08-05T07:00:00Z,B-(401호 회로창고 2),24.2,49.8
2026-08-05T07:00:00Z,C-(402호 수입검사),23.3,55.6
2026-08-05T07:00:00Z,D-(406호 기구창고),25.2,54.1
2026-08-05T07:00:00Z,E-(408호 OQC),20.8,63.3
2026-08-05T07:00:00Z,F-(807호 생산 Line),24.6,56.1
2026-08-05T07:00:00Z,G-(401호 기구창고),20.8,61.5
2026-08-05T08:00:00Z,A-(401호 회로창고 1),22.4,53.1
2026-08-05T08:00:00Z,B-(401호 회로창고 2),23.9,48.3
2026-08-05T08:00:00Z,C-(402호 수입검사),23.2,56.5
2026-08-05T08:00:00Z,D-(406호 기구창고),25.2,53.8
2026-08-05T08:00:00Z,E-(408호 OQC),21.7,66.4
2026-08-05T08:00:00Z,F-(807호 생산 Line),24.6,55.8
2026-08-05T08:00:00Z,G-(401호 기구창고),20.6,62.9
2026-08-05T09:00:00Z,A-(401호 회로창고 1),22.3,52.4
2026-08-05T09:00:00Z,B-(401호 회로창고 2),23.6,48.0
2026-08-05T10:00:00Z,A-(401호 회로창고 1),22.4,52.5
2026-08-05T10:00:00Z,B-(401호 회로창고 2),23.6,51.8
2026-08-05T11:00:00Z,A-(401호 회로창고 1),22.3,51.9
2026-08-05T11:00:00Z,B-(401호 회로창고 2),23.4,48.2
2026-08-05T12:00:00Z,A-(401호 회로창고 1),22.4,52.0
2026-08-05T12:00:00Z,B-(401호 회로창고 2),23.4,48.6
2026-08-05T13:00:00Z,A-(401호 회로창고 1),22.4,56.1
2026-08-05T13:00:00Z,B-(401호 회로창고 2),23.4,48.9
2026-08-05T14:00:00Z,A-(401호 회로창고 1),22.3,52.7
2026-08-05T14:00:00Z,B-(401호 회로창고 2),23.3,49.3
2026-08-05T15:00:00Z,A-(401호 회로창고 1),22.4,53.9
2026-08-05T15:00:00Z,B-(401호 회로창고 2),23.3,50.5
2026-08-05T16:00:00Z,A-(401호 회로창고 1),22.3,52.3
2026-08-05T16:00:00Z,B-(401호 회로창고 2),23.3,51.6
2026-08-05T17:00:00Z,A-(401호 회로창고 1),22.2,52.4
2026-08-05T17:00:00Z,B-(401호 회로창고 2),23.2,48.7
2026-08-05T18:00:00Z,A-(401호 회로창고 1),22.2,51.7
2026-08-05T18:00:00Z,B-(401호 회로창고 2),23.1,48.6
2026-08-05T19:00:00Z,A-(401호 회로창고 1),22.2,53.0
2026-08-05T19:00:00Z,B-(401호 회로창고 2),23.1,49.6
2026-08-05T20:00:00Z,A-(401호 회로창고 1),22.1,52.3
2026-08-05T20:00:00Z,B-(401호 회로창고 2),23.0,49.2
2026-08-05T21:00:00Z,A-(401호 회로창고 1),22.1,51.7
2026-08-05T21:00:00Z,B-(401호 회로창고 2),23.0,48.3
2026-08-05T22:00:00Z,A-(401호 회로창고 1),22.0,51.6
2026-08-05T22:00:00Z,B-(401호 회로창고 2),22.9,48.4
2026-08-05T23:00:00Z,A-(401호 회로창고 1),22.1,51.9
2026-08-05T23:00:00Z,B-(401호 회로창고 2),23.0,48.8
2026-08-06T00:00:00Z,A-(401호 회로창고 1),22.3,52.7
2026-08-06T00:00:00Z,B-(401호 회로창고 2),23.2,49.2
2026-08-06T00:00:00Z,C-(402호 수입검사),24.4,57.1
2026-08-06T00:00:00Z,D-(406호 기구창고),27.4,57.5
2026-08-06T00:00:00Z,E-(408호 OQC),22.5,66.0
2026-08-06T00:00:00Z,F-(807호 생산 Line),25.0,57.3
2026-08-06T00:00:00Z,G-(401호 기구창고),22.2,60.5
2026-08-06T01:00:00Z,A-(401호 회로창고 1),22.3,52.7
2026-08-06T01:00:00Z,B-(401호 회로창고 2),23.4,49.2
2026-08-06T01:00:00Z,C-(402호 수입검사),23.9,56.7
2026-08-06T01:00:00Z,D-(406호 기구창고),27.8,56.0
2026-08-06T01:00:00Z,E-(408호 OQC),21.8,62.9
2026-08-06T01:00:00Z,F-(807호 생산 Line),24.9,57.5
2026-08-06T01:00:00Z,G-(401호 기구창고),20.8,59.8
2026-08-06T02:00:00Z,A-(401호 회로창고 1),22.4,52.1
2026-08-06T02:00:00Z,B-(401호 회로창고 2),23.5,48.3
2026-08-06T02:00:00Z,C-(402호 수입검사),24.1,60.5
2026-08-06T02:00:00Z,D-(406호 기구창고),27.7,54.5
2026-08-06T02:00:00Z,E-(408호 OQC),21.4,63.9
2026-08-06T02:00:00Z,F-(807호 생산 Line),24.8,57.5
2026-08-06T02:00:00Z,G-(401호 기구창고),23.0,73.9
2026-08-06T03:00:00Z,A-(401호 회로창고 1),22.3,52.8
2026-08-06T03:00:00Z,B-(401호 회로창고 2),23.6,48.5
2026-08-06T03:00:00Z,C-(402호 수입검사),23.6,56.3
2026-08-06T03:00:00Z,D-(406호 기구창고),27.3,52.6
2026-08-06T03:00:00Z,E-(408호 OQC),21.3,63.9
2026-08-06T03:00:00Z,F-(807호 생산 Line),24.7,56.3
2026-08-06T03:00:00Z,G-(401호 기구창고),20.4,62.6
2026-08-06T04:00:00Z,A-(401호 회로창고 1),22.3,53.4
2026-08-06T04:00:00Z,B-(401호 회로창고 2),23.6,49.1
2026-08-06T04:00:00Z,C-(402호 수입검사),24.2,53.6
2026-08-06T04:00:00Z,D-(406호 기구창고),26.9,51.4
2026-08-06T04:00:00Z,E-(408호 OQC),21.0,64.1
2026-08-06T04:00:00Z,F-(807호 생산 Line),24.5,56.1
2026-08-06T04:00:00Z,G-(401호 기구창고),20.0,62.3
2026-08-06T05:00:00Z,A-(401호 회로창고 1),22.3,52.4
2026-08-06T05:00:00Z,B-(401호 회로창고 2),23.6,48.0
2026-08-06T05:00:00Z,C-(402호 수입검사),23.7,54.7
2026-08-06T05:00:00Z,D-(406호 기구창고),26.7,51.9
2026-08-06T05:00:00Z,E-(408호 OQC),21.0,66.3
2026-08-06T05:00:00Z,F-(807호 생산 Line),24.4,57.4
2026-08-06T05:00:00Z,G-(401호 기구창고),20.3,62.4
2026-08-06T06:00:00Z,A-(401호 회로창고 1),22.8,54.9
2026-08-06T06:00:00Z,B-(401호 회로창고 2),23.6,52.8
2026-08-06T06:00:00Z,C-(402호 수입검사),23.6,55.1
2026-08-06T06:00:00Z,D-(406호 기구창고),26.4,50.3
2026-08-06T06:00:00Z,E-(408호 OQC),21.1,67.3
2026-08-06T06:00:00Z,F-(807호 생산 Line),24.5,57.0
2026-08-06T06:00:00Z,G-(401호 기구창고),25.0,93.9
2026-08-06T07:00:00Z,A-(401호 회로창고 1),23.0,59.0
2026-08-06T07:00:00Z,B-(401호 회로창고 2),23.6,55.0
2026-08-06T07:00:00Z,C-(402호 수입검사),23.3,55.3
2026-08-06T07:00:00Z,D-(406호 기구창고),26.3,51.2
2026-08-06T07:00:00Z,E-(408호 OQC),20.8,66.2
2026-08-06T07:00:00Z,F-(807호 생산 Line),24.5,57.3
2026-08-06T07:00:00Z,G-(401호 기구창고),23.1,67.8
2026-08-06T08:00:00Z,A-(401호 회로창고 1),22.7,54.2
2026-08-06T08:00:00Z,B-(401호 회로창고 2),23.5,54.6
2026-08-06T08:00:00Z,C-(402호 수입검사),23.0,53.8
2026-08-06T08:00:00Z,D-(406호 기구창고),26.7,58.1
2026-08-06T08:00:00Z,E-(408호 OQC),21.0,69.7
2026-08-06T08:00:00Z,F-(807호 생산 Line),24.5,57.5
2026-08-06T08:00:00Z,G-(401호 기구창고),21.6,69.2
2026-08-06T09:00:00Z,A-(401호 회로창고 1),22.7,52.1
2026-08-06T09:00:00Z,B-(401호 회로창고 2),23.1,50.2
2026-08-06T10:00:00Z,A-(401호 회로창고 1),22.7,50.8
2026-08-06T10:00:00Z,B-(401호 회로창고 2),23.1,51.4
2026-08-06T11:00:00Z,A-(401호 회로창고 1),22.8,52.0
2026-08-06T11:00:00Z,B-(401호 회로창고 2),23.0,50.5
2026-08-06T12:00:00Z,A-(401호 회로창고 1),22.7,51.2
2026-08-06T12:00:00Z,B-(401호 회로창고 2),22.9,49.9
2026-08-06T13:00:00Z,A-(401호 회로창고 1),22.7,50.4
2026-08-06T13:00:00Z,B-(401호 회로창고 2),22.8,49.2
2026-08-06T14:00:00Z,A-(401호 회로창고 1),22.8,53.7
2026-08-06T14:00:00Z,B-(401호 회로창고 2),22.9,52.6
2026-08-06T21:00:00Z,A-(401호 회로창고 1),22.7,54.1
2026-08-06T21:00:00Z,B-(401호 회로창고 2),22.6,49.2
2026-08-06T22:00:00Z,A-(401호 회로창고 1),22.6,50.7
2026-08-06T22:00:00Z,B-(401호 회로창고 2),22.7,49.8
2026-08-06T23:00:00Z,A-(401호 회로창고 1),22.6,51.6
2026-08-06T23:00:00Z,B-(401호 회로창고 2),22.7,50.7
2026-08-07T00:00:00Z,A-(401호 회로창고 1),22.7,51.2
2026-08-07T00:00:00Z,B-(401호 회로창고 2),22.9,53.2
2026-08-07T00:00:00Z,C-(402호 수입검사),24.4,58.6
2026-08-07T00:00:00Z,D-(406호 기구창고),27.3,54.0
2026-08-07T00:00:00Z,E-(408호 OQC),21.5,72.2
2026-08-07T00:00:00Z,F-(807호 생산 Line),25.5,56.9
2026-08-07T00:00:00Z,G-(401호 기구창고),21.5,58.0
2026-08-07T01:00:00Z,A-(401호 회로창고 1),22.8,53.9
2026-08-07T01:00:00Z,B-(401호 회로창고 2),23.0,49.2
2026-08-07T01:00:00Z,C-(402호 수입검사),23.8,55.0
2026-08-07T01:00:00Z,D-(406호 기구창고),27.2,52.8
2026-08-07T01:00:00Z,E-(408호 OQC),20.7,69.2
2026-08-07T01:00:00Z,F-(807호 생산 Line),25.2,57.3
2026-08-07T01:00:00Z,G-(401호 기구창고),20.8,58.5
2026-08-07T02:00:00Z,A-(401호 회로창고 1),22.7,51.3
2026-08-07T02:00:00Z,B-(401호 회로창고 2),23.1,49.5
2026-08-07T02:00:00Z,C-(402호 수입검사),23.6,55.0
2026-08-07T02:00:00Z,D-(406호 기구창고),26.3,54.5
2026-08-07T02:00:00Z,E-(408호 OQC),21.2,68.2
2026-08-07T02:00:00Z,F-(807호 생산 Line),25.2,58.0
2026-08-07T02:00:00Z,G-(401호 기구창고),20.5,59.7
2026-08-07T03:00:00Z,A-(401호 회로창고 1),22.4,53.3
2026-08-07T03:00:00Z,B-(401호 회로창고 2),23.5,51.9
2026-08-07T03:00:00Z,C-(402호 수입검사),23.6,55.7
2026-08-07T03:00:00Z,D-(406호 기구창고),26.3,53.3
2026-08-07T03:00:00Z,E-(408호 OQC),21.4,67.3
2026-08-07T03:00:00Z,F-(807호 생산 Line),25.1,57.7
2026-08-07T03:00:00Z,G-(401호 기구창고),20.3,59.8
2026-08-07T04:00:00Z,A-(401호 회로창고 1),22.4,52.1
2026-08-07T04:00:00Z,B-(401호 회로창고 2),23.5,48.5
2026-08-07T04:00:00Z,C-(402호 수입검사),24.1,52.9
2026-08-07T04:00:00Z,D-(406호 기구창고),26.1,51.9
2026-08-07T04:00:00Z,E-(408호 OQC),21.1,73.0
2026-08-07T04:00:00Z,F-(807호 생산 Line),25.0,57.7
2026-08-07T04:00:00Z,G-(401호 기구창고),20.2,59.2
2026-08-07T05:00:00Z,A-(401호 회로창고 1),22.6,55.9
2026-08-07T05:00:00Z,B-(401호 회로창고 2),23.7,51.8
2026-08-07T05:00:00Z,C-(402호 수입검사),23.5,54.3
2026-08-07T05:00:00Z,D-(406호 기구창고),25.8,51.5
2026-08-07T05:00:00Z,E-(408호 OQC),21.2,73.1
2026-08-07T05:00:00Z,F-(807호 생산 Line),24.9,56.7
2026-08-07T05:00:00Z,G-(401호 기구창고),26.8,100.0
2026-08-07T06:00:00Z,A-(401호 회로창고 1),22.6,61.6
2026-08-07T06:00:00Z,B-(401호 회로창고 2),23.9,55.2
2026-08-07T06:00:00Z,C-(402호 수입검사),23.3,54.0
2026-08-07T06:00:00Z,D-(406호 기구창고),25.7,52.1
2026-08-07T06:00:00Z,E-(408호 OQC),21.2,73.0
2026-08-07T06:00:00Z,F-(807호 생산 Line),24.8,55.5
2026-08-07T06:00:00Z,G-(401호 기구창고),21.7,61.3
2026-08-07T07:00:00Z,A-(401호 회로창고 1),22.6,61.1
2026-08-07T07:00:00Z,B-(401호 회로창고 2),23.9,53.6
2026-08-07T07:00:00Z,C-(402호 수입검사),23.1,54.1
2026-08-07T07:00:00Z,D-(406호 기구창고),25.5,52.6
2026-08-07T07:00:00Z,E-(408호 OQC),21.1,72.7
2026-08-07T07:00:00Z,F-(807호 생산 Line),24.7,55.4
2026-08-07T07:00:00Z,G-(401호 기구창고),27.6,79.6
2026-08-07T08:00:00Z,A-(401호 회로창고 1),22.8,58.8
2026-08-07T08:00:00Z,B-(401호 회로창고 2),23.8,54.8
2026-08-07T08:00:00Z,C-(402호 수입검사),23.4,54.8
2026-08-07T08:00:00Z,D-(406호 기구창고),25.2,52.1
2026-08-07T08:00:00Z,E-(408호 OQC),21.4,71.9
2026-08-07T08:00:00Z,F-(807호 생산 Line),24.6,54.8
2026-08-07T08:00:00Z,G-(401호 기구창고),21.2,60.0
2026-08-07T09:00:00Z,A-(401호 회로창고 1),22.4,53.8
2026-08-07T09:00:00Z,B-(401호 회로창고 2),23.4,50.9
2026-08-07T10:00:00Z,A-(401호 회로창고 1),22.5,52.4
2026-08-07T10:00:00Z,B-(401호 회로창고 2),23.1,49.8
2026-08-07T11:00:00Z,A-(401호 회로창고 1),22.5,51.3
2026-08-07T11:00:00Z,B-(401호 회로창고 2),23.1,49.1
2026-08-07T12:00:00Z,A-(401호 회로창고 1),22.5,52.0
2026-08-07T12:00:00Z,B-(401호 회로창고 2),23.0,49.8
2026-08-07T13:00:00Z,A-(401호 회로창고 1),22.5,52.8
2026-08-07T13:00:00Z,B-(401호 회로창고 2),23.1,50.7
2026-08-07T14:00:00Z,A-(401호 회로창고 1),22.3,51.7
2026-08-07T14:00:00Z,B-(401호 회로창고 2),22.9,50.2
2026-08-07T15:00:00Z,A-(401호 회로창고 1),22.5,51.2
2026-08-07T15:00:00Z,B-(401호 회로창고 2),22.9,50.8
2026-08-07T16:00:00Z,A-(401호 회로창고 1),22.4,51.2
2026-08-07T16:00:00Z,B-(401호 회로창고 2),23.0,52.2
2026-08-07T17:00:00Z,A-(401호 회로창고 1),22.6,54.2
2026-08-07T17:00:00Z,B-(401호 회로창고 2),23.0,52.0
2026-08-07T18:00:00Z,A-(401호 회로창고 1),22.6,53.8
2026-08-07T18:00:00Z,B-(401호 회로창고 2),23.0,51.4
2026-08-07T19:00:00Z,A-(401호 회로창고 1),22.4,51.9
2026-08-07T19:00:00Z,B-(401호 회로창고 2),22.9,50.0
2026-08-07T20:00:00Z,A-(401호 회로창고 1),22.4,51.2
2026-08-07T20:00:00Z,B-(401호 회로창고 2),22.9,49.3
2026-08-07T21:00:00Z,A-(401호 회로창고 1),22.4,51.5
2026-08-07T21:00:00Z,B-(401호 회로창고 2),22.9,49.4
2026-08-07T22:00:00Z,A-(401호 회로창고 1),22.3,51.0
2026-08-07T22:00:00Z,B-(401호 회로창고 2),22.9,49.0
2026-08-07T23:00:00Z,A-(401호 회로창고 1),22.3,51.1
2026-08-07T23:00:00Z,B-(401호 회로창고 2),22.9,49.0
2026-08-08T00:00:00Z,A-(401호 회로창고 1),22.3,51.2
2026-08-08T00:00:00Z,B-(401호 회로창고 2),22.9,49.1
2026-08-08T01:00:00Z,A-(401호 회로창고 1),22.5,52.0
2026-08-08T01:00:00Z,B-(401호 회로창고 2),23.0,49.8
2026-08-08T02:00:00Z,A-(401호 회로창고 1),22.3,51.2
2026-08-08T02:00:00Z,B-(401호 회로창고 2),23.0,48.5
2026-08-08T03:00:00Z,A-(401호 회로창고 1),22.4,51.7
2026-08-08T03:00:00Z,B-(401호 회로창고 2),23.1,48.9
2026-08-08T04:00:00Z,A-(401호 회로창고 1),22.6,53.9
2026-08-08T04:00:00Z,B-(401호 회로창고 2),23.2,51.0
2026-08-08T05:00:00Z,A-(401호 회로창고 1),22.5,51.6
2026-08-08T05:00:00Z,B-(401호 회로창고 2),23.2,48.7
2026-08-08T06:00:00Z,A-(401호 회로창고 1),22.7,57.4
2026-08-08T06:00:00Z,B-(401호 회로창고 2),23.2,48.5
2026-08-08T07:00:00Z,A-(401호 회로창고 1),22.5,52.3
2026-08-08T07:00:00Z,B-(401호 회로창고 2),23.2,49.4
2026-08-08T08:00:00Z,A-(401호 회로창고 1),22.5,51.8
2026-08-08T08:00:00Z,B-(401호 회로창고 2),23.2,49.0
2026-08-08T09:00:00Z,A-(401호 회로창고 1),22.4,51.7
2026-08-08T09:00:00Z,B-(401호 회로창고 2),23.2,49.1
2026-08-08T10:00:00Z,A-(401호 회로창고 1),22.7,55.3
2026-08-08T10:00:00Z,B-(401호 회로창고 2),23.1,49.1
2026-08-08T11:00:00Z,A-(401호 회로창고 1),22.5,51.0
2026-08-08T11:00:00Z,B-(401호 회로창고 2),23.1,48.7
2026-08-08T12:00:00Z,A-(401호 회로창고 1),22.6,56.7
2026-08-08T12:00:00Z,B-(401호 회로창고 2),23.1,50.7
2026-08-08T13:00:00Z,A-(401호 회로창고 1),22.4,51.1
2026-08-08T13:00:00Z,B-(401호 회로창고 2),23.0,48.7
2026-08-08T14:00:00Z,A-(401호 회로창고 1),22.5,51.3
2026-08-08T14:00:00Z,B-(401호 회로창고 2),23.0,49.4
2026-08-08T15:00:00Z,A-(401호 회로창고 1),22.5,52.1
2026-08-08T15:00:00Z,B-(401호 회로창고 2),23.0,50.1
2026-08-08T16:00:00Z,A-(401호 회로창고 1),22.5,52.1
2026-08-08T16:00:00Z,B-(401호 회로창고 2),23.0,50.4
2026-08-08T17:00:00Z,A-(401호 회로창고 1),22.5,52.1
2026-08-08T17:00:00Z,B-(401호 회로창고 2),23.0,50.3
2026-08-08T18:00:00Z,A-(401호 회로창고 1),22.5,51.8
2026-08-08T18:00:00Z,B-(401호 회로창고 2),23.0,50.3
2026-08-08T19:00:00Z,A-(401호 회로창고 1),22.5,51.1
2026-08-08T19:00:00Z,B-(401호 회로창고 2),22.9,49.6
2026-08-08T20:00:00Z,A-(401호 회로창고 1),22.5,55.2
2026-08-08T20:00:00Z,B-(401호 회로창고 2),22.9,49.4
2026-08-08T21:00:00Z,A-(401호 회로창고 1),22.5,55.2
2026-08-08T21:00:00Z,B-(401호 회로창고 2),22.9,51.3
2026-08-08T22:00:00Z,A-(401호 회로창고 1),22.7,57.5
2026-08-08T22:00:00Z,B-(401호 회로창고 2),22.9,52.6
2026-08-08T23:00:00Z,A-(401호 회로창고 1),22.6,57.2
2026-08-08T23:00:00Z,B-(401호 회로창고 2),23.0,52.2
2026-08-09T00:00:00Z,A-(401호 회로창고 1),22.5,54.9
2026-08-09T00:00:00Z,B-(401호 회로창고 2),22.9,50.5
2026-08-09T01:00:00Z,A-(401호 회로창고 1),22.5,51.0
2026-08-09T01:00:00Z,B-(401호 회로창고 2),23.0,49.4
2026-08-09T02:00:00Z,A-(401호 회로창고 1),22.5,52.4
2026-08-09T02:00:00Z,B-(401호 회로창고 2),23.0,50.7
2026-08-09T03:00:00Z,A-(401호 회로창고 1),22.4,50.7
2026-08-09T03:00:00Z,B-(401호 회로창고 2),23.0,48.5
2026-08-09T04:00:00Z,A-(401호 회로창고 1),22.4,52.1
2026-08-09T04:00:00Z,B-(401호 회로창고 2),23.1,49.9
2026-08-09T05:00:00Z,A-(401호 회로창고 1),22.3,51.2
2026-08-09T05:00:00Z,B-(401호 회로창고 2),23.1,48.6
2026-08-09T06:00:00Z,A-(401호 회로창고 1),22.4,53.9
2026-08-09T06:00:00Z,B-(401호 회로창고 2),23.1,48.5
2026-08-09T07:00:00Z,A-(401호 회로창고 1),22.6,53.4
2026-08-09T07:00:00Z,B-(401호 회로창고 2),23.2,51.3
2026-08-09T08:00:00Z,A-(401호 회로창고 1),22.4,52.4
2026-08-09T08:00:00Z,B-(401호 회로창고 2),23.1,49.9
2026-08-09T09:00:00Z,A-(401호 회로창고 1),22.5,55.9
2026-08-09T09:00:00Z,B-(401호 회로창고 2),23.1,50.5
2026-08-09T10:00:00Z,A-(401호 회로창고 1),22.5,51.2
2026-08-09T10:00:00Z,B-(401호 회로창고 2),23.1,49.1
2026-08-09T11:00:00Z,A-(401호 회로창고 1),22.5,52.4
2026-08-09T11:00:00Z,B-(401호 회로창고 2),23.1,50.3
2026-08-09T12:00:00Z,A-(401호 회로창고 1),22.3,50.8
2026-08-09T12:00:00Z,B-(401호 회로창고 2),22.9,48.6
2026-08-09T13:00:00Z,A-(401호 회로창고 1),22.5,51.6
2026-08-09T13:00:00Z,B-(401호 회로창고 2),23.0,49.5
2026-08-09T14:00:00Z,A-(401호 회로창고 1),22.4,51.6
2026-08-09T14:00:00Z,B-(401호 회로창고 2),23.0,49.9
2026-08-09T15:00:00Z,A-(401호 회로창고 1),22.5,52.0
2026-08-09T15:00:00Z,B-(401호 회로창고 2),23.0,50.3
2026-08-09T16:00:00Z,A-(401호 회로창고 1),22.5,51.9
2026-08-09T16:00:00Z,B-(401호 회로창고 2),23.0,50.4
2026-08-09T17:00:00Z,A-(401호 회로창고 1),22.5,52.0
2026-08-09T17:00:00Z,B-(401호 회로창고 2),23.0,50.4
2026-08-09T18:00:00Z,A-(401호 회로창고 1),22.5,51.5
2026-08-09T18:00:00Z,B-(401호 회로창고 2),23.0,49.9
2026-08-09T19:00:00Z,A-(401호 회로창고 1),22.5,51.2
2026-08-09T19:00:00Z,B-(401호 회로창고 2),22.9,49.7
2026-08-09T20:00:00Z,A-(401호 회로창고 1),22.6,57.3
2026-08-09T20:00:00Z,B-(401호 회로창고 2),22.9,50.3
2026-08-09T21:00:00Z,A-(401호 회로창고 1),22.7,54.5
2026-08-09T21:00:00Z,B-(401호 회로창고 2),23.0,52.5
2026-08-09T22:00:00Z,A-(401호 회로창고 1),22.5,52.2
2026-08-09T22:00:00Z,B-(401호 회로창고 2),22.9,50.8
2026-08-09T23:00:00Z,A-(401호 회로창고 1),22.6,57.1
2026-08-09T23:00:00Z,B-(401호 회로창고 2),22.9,51.6
2026-08-10T00:00:00Z,A-(401호 회로창고 1),22.3,57.2
2026-08-10T00:00:00Z,B-(401호 회로창고 2),23.0,49.2
2026-08-10T00:00:00Z,C-(402호 수입검사),22.8,56.2
2026-08-10T00:00:00Z,D-(406호 기구창고),27.4,53.0
2026-08-10T00:00:00Z,E-(408호 OQC),23.2,58.8
2026-08-10T00:00:00Z,F-(807호 생산 Line),25.7,50.1
2026-08-10T00:00:00Z,G-(401호 기구창고),22.1,56.7
2026-08-10T01:00:00Z,A-(401호 회로창고 1),22.2,52.9
2026-08-10T01:00:00Z,B-(401호 회로창고 2),23.0,50.7
2026-08-10T01:00:00Z,C-(402호 수입검사),22.6,57.9
2026-08-10T01:00:00Z,D-(406호 기구창고),27.2,53.5
2026-08-10T01:00:00Z,E-(408호 OQC),21.9,57.8
2026-08-10T01:00:00Z,F-(807호 생산 Line),25.3,50.2
2026-08-10T01:00:00Z,G-(401호 기구창고),23.4,59.4
2026-08-10T02:00:00Z,A-(401호 회로창고 1),22.5,56.5
2026-08-10T02:00:00Z,B-(401호 회로창고 2),23.1,50.3
2026-08-10T02:00:00Z,C-(402호 수입검사),22.4,60.6
2026-08-10T02:00:00Z,D-(406호 기구창고),27.9,51.1
2026-08-10T02:00:00Z,E-(408호 OQC),21.7,59.3
2026-08-10T02:00:00Z,F-(807호 생산 Line),24.9,51.7
2026-08-10T02:00:00Z,G-(401호 기구창고),21.3,56.8
2026-08-10T03:00:00Z,A-(401호 회로창고 1),22.4,51.8
2026-08-10T03:00:00Z,B-(401호 회로창고 2),23.2,49.3
2026-08-10T03:00:00Z,C-(402호 수입검사),22.3,59.5
2026-08-10T03:00:00Z,D-(406호 기구창고),27.6,49.9
2026-08-10T03:00:00Z,E-(408호 OQC),22.6,62.3
2026-08-10T03:00:00Z,F-(807호 생산 Line),24.6,50.8
2026-08-10T03:00:00Z,G-(401호 기구창고),21.1,57.3
2026-08-10T04:00:00Z,A-(401호 회로창고 1),22.3,52.0
2026-08-10T04:00:00Z,B-(401호 회로창고 2),23.4,49.1
2026-08-10T04:00:00Z,C-(402호 수입검사),22.2,62.2
2026-08-10T04:00:00Z,D-(406호 기구창고),27.3,48.2
2026-08-10T04:00:00Z,E-(408호 OQC),22.7,63.7
2026-08-10T04:00:00Z,F-(807호 생산 Line),24.4,50.3
2026-08-10T04:00:00Z,G-(401호 기구창고),20.7,56.5
2026-08-10T05:00:00Z,A-(401호 회로창고 1),22.3,51.8
2026-08-10T05:00:00Z,B-(401호 회로창고 2),23.5,51.6
2026-08-10T05:00:00Z,C-(402호 수입검사),22.3,60.3
2026-08-10T05:00:00Z,D-(406호 기구창고),27.1,48.9
2026-08-10T05:00:00Z,E-(408호 OQC),22.2,60.8
2026-08-10T05:00:00Z,F-(807호 생산 Line),24.2,51.0
2026-08-10T05:00:00Z,G-(401호 기구창고),20.6,58.1
2026-08-10T06:00:00Z,A-(401호 회로창고 1),22.4,51.7
2026-08-10T06:00:00Z,B-(401호 회로창고 2),23.7,51.4
2026-08-10T06:00:00Z,C-(402호 수입검사),22.2,61.9
2026-08-10T06:00:00Z,D-(406호 기구창고),27.0,51.0
2026-08-10T06:00:00Z,E-(408호 OQC),22.5,63.9
2026-08-10T06:00:00Z,F-(807호 생산 Line),24.1,51.7
2026-08-10T06:00:00Z,G-(401호 기구창고),20.5,57.5
2026-08-10T07:00:00Z,A-(401호 회로창고 1),22.7,53.4
2026-08-10T07:00:00Z,B-(401호 회로창고 2),23.5,50.4
2026-08-10T07:00:00Z,C-(402호 수입검사),23.4,58.9
2026-08-10T07:00:00Z,D-(406호 기구창고),26.5,48.8
2026-08-10T07:00:00Z,E-(408호 OQC),22.7,64.3
2026-08-10T07:00:00Z,F-(807호 생산 Line),24.0,52.1
2026-08-10T07:00:00Z,G-(401호 기구창고),20.9,94.1
2026-08-10T08:00:00Z,A-(401호 회로창고 1),22.8,57.2
2026-08-10T08:00:00Z,B-(401호 회로창고 2),23.4,49.4
2026-08-10T08:00:00Z,C-(402호 수입검사),24.3,59.9
2026-08-10T08:00:00Z,D-(406호 기구창고),26.5,49.2
2026-08-10T08:00:00Z,E-(408호 OQC),21.6,60.3
2026-08-10T08:00:00Z,F-(807호 생산 Line),24.0,52.2
2026-08-10T08:00:00Z,G-(401호 기구창고),22.1,63.3
2026-08-10T09:00:00Z,A-(401호 회로창고 1),22.6,50.5
2026-08-10T09:00:00Z,B-(401호 회로창고 2),23.0,48.8
2026-08-10T10:00:00Z,A-(401호 회로창고 1),22.7,51.8
2026-08-10T10:00:00Z,B-(401호 회로창고 2),22.9,50.6
2026-08-10T11:00:00Z,A-(401호 회로창고 1),22.6,54.3
2026-08-10T11:00:00Z,B-(401호 회로창고 2),22.8,53.5
2026-08-10T12:00:00Z,A-(401호 회로창고 1),22.6,50.4
2026-08-10T12:00:00Z,B-(401호 회로창고 2),22.6,49.5
2026-08-10T13:00:00Z,A-(401호 회로창고 1),22.6,51.2
2026-08-10T13:00:00Z,B-(401호 회로창고 2),22.6,50.5
2026-08-10T14:00:00Z,A-(401호 회로창고 1),22.7,51.9
2026-08-10T14:00:00Z,B-(401호 회로창고 2),22.6,51.4
2026-08-10T15:00:00Z,A-(401호 회로창고 1),22.8,53.3
2026-08-10T15:00:00Z,B-(401호 회로창고 2),22.7,52.5
2026-08-10T16:00:00Z,A-(401호 회로창고 1),22.8,52.1
2026-08-10T16:00:00Z,B-(401호 회로창고 2),22.7,51.7
2026-08-10T17:00:00Z,A-(401호 회로창고 1),22.7,51.4
2026-08-10T17:00:00Z,B-(401호 회로창고 2),22.6,51.3
2026-08-10T18:00:00Z,A-(401호 회로창고 1),22.6,50.8
2026-08-10T18:00:00Z,B-(401호 회로창고 2),22.6,50.5
2026-08-10T19:00:00Z,A-(401호 회로창고 1),22.7,55.2
2026-08-10T19:00:00Z,B-(401호 회로창고 2),22.6,50.4
2026-08-10T20:00:00Z,A-(401호 회로창고 1),22.9,56.6
2026-08-10T20:00:00Z,B-(401호 회로창고 2),22.6,53.5
2026-08-10T21:00:00Z,A-(401호 회로창고 1),22.8,53.6
2026-08-10T21:00:00Z,B-(401호 회로창고 2),22.6,53.1
2026-08-10T22:00:00Z,A-(401호 회로창고 1),22.6,51.6
2026-08-10T22:00:00Z,B-(401호 회로창고 2),22.5,51.4
2026-08-10T23:00:00Z,A-(401호 회로창고 1),22.7,56.5
2026-08-10T23:00:00Z,B-(401호 회로창고 2),22.5,50.7
2026-08-11T00:00:00Z,A-(401호 회로창고 1),22.7,53.4
2026-08-11T00:00:00Z,B-(401호 회로창고 2),22.9,52.9
2026-08-11T00:00:00Z,C-(402호 수입검사),24.9,54.0
2026-08-11T00:00:00Z,D-(406호 기구창고),26.0,51.4
2026-08-11T00:00:00Z,E-(408호 OQC),22.7,61.8
2026-08-11T00:00:00Z,F-(807호 생산 Line),23.6,50.0
2026-08-11T00:00:00Z,G-(401호 기구창고),21.5,57.3
2026-08-11T01:00:00Z,A-(401호 회로창고 1),22.6,58.0
2026-08-11T01:00:00Z,B-(401호 회로창고 2),23.1,51.9
2026-08-11T01:00:00Z,C-(402호 수입검사),24.4,59.5
2026-08-11T01:00:00Z,D-(406호 기구창고),25.4,51.9
2026-08-11T01:00:00Z,E-(408호 OQC),22.5,59.1
2026-08-11T01:00:00Z,F-(807호 생산 Line),23.4,50.3
2026-08-11T01:00:00Z,G-(401호 기구창고),20.7,57.6
2026-08-11T02:00:00Z,A-(401호 회로창고 1),22.3,51.5
2026-08-11T02:00:00Z,B-(401호 회로창고 2),23.2,49.2
2026-08-11T02:00:00Z,C-(402호 수입검사),24.0,53.7
2026-08-11T02:00:00Z,D-(406호 기구창고),25.7,51.8
2026-08-11T02:00:00Z,E-(408호 OQC),21.7,58.2
2026-08-11T02:00:00Z,F-(807호 생산 Line),23.2,51.3
2026-08-11T02:00:00Z,G-(401호 기구창고),20.4,57.1
2026-08-11T03:00:00Z,A-(401호 회로창고 1),22.4,51.4
2026-08-11T03:00:00Z,B-(401호 회로창고 2),23.2,50.3
2026-08-11T03:00:00Z,C-(402호 수입검사),22.9,55.1
2026-08-11T03:00:00Z,D-(406호 기구창고),25.4,50.5
2026-08-11T03:00:00Z,E-(408호 OQC),21.9,59.9
2026-08-11T03:00:00Z,F-(807호 생산 Line),23.2,52.6
2026-08-11T03:00:00Z,G-(401호 기구창고),20.1,57.4
2026-08-11T04:00:00Z,A-(401호 회로창고 1),22.6,53.9
2026-08-11T04:00:00Z,B-(401호 회로창고 2),23.5,51.2
2026-08-11T04:00:00Z,C-(402호 수입검사),22.5,55.5
2026-08-11T04:00:00Z,D-(406호 기구창고),25.1,50.3
2026-08-11T04:00:00Z,E-(408호 OQC),22.0,59.6
2026-08-11T04:00:00Z,F-(807호 생산 Line),23.4,53.2
2026-08-11T04:00:00Z,G-(401호 기구창고),19.9,58.2
2026-08-11T05:00:00Z,A-(401호 회로창고 1),22.4,53.2
2026-08-11T05:00:00Z,B-(401호 회로창고 2),23.4,50.3
2026-08-11T05:00:00Z,C-(402호 수입검사),23.1,58.8
2026-08-11T05:00:00Z,D-(406호 기구창고),25.2,49.9
2026-08-11T05:00:00Z,E-(408호 OQC),22.3,60.8
2026-08-11T05:00:00Z,F-(807호 생산 Line),23.4,54.4
2026-08-11T05:00:00Z,G-(401호 기구창고),21.1,68.0
2026-08-11T06:00:00Z,A-(401호 회로창고 1),22.5,51.6
2026-08-11T06:00:00Z,B-(401호 회로창고 2),23.5,51.8
2026-08-11T06:00:00Z,C-(402호 수입검사),22.5,54.1
2026-08-11T06:00:00Z,D-(406호 기구창고),25.1,49.7
2026-08-11T06:00:00Z,E-(408호 OQC),21.4,59.5
2026-08-11T06:00:00Z,F-(807호 생산 Line),23.6,55.2
2026-08-11T06:00:00Z,G-(401호 기구창고),21.3,65.8
2026-08-11T07:00:00Z,A-(401호 회로창고 1),22.8,53.2
2026-08-11T07:00:00Z,B-(401호 회로창고 2),23.4,50.4
2026-08-11T07:00:00Z,C-(402호 수입검사),22.3,53.1
2026-08-11T07:00:00Z,D-(406호 기구창고),24.5,52.6
2026-08-11T07:00:00Z,E-(408호 OQC),21.5,59.9
2026-08-11T07:00:00Z,F-(807호 생산 Line),23.6,56.0
2026-08-11T07:00:00Z,G-(401호 기구창고),21.2,69.8
2026-08-11T08:00:00Z,A-(401호 회로창고 1),22.2,55.4
2026-08-11T08:00:00Z,B-(401호 회로창고 2),23.3,49.7
2026-08-11T08:00:00Z,C-(402호 수입검사),22.4,54.6
2026-08-11T08:00:00Z,D-(406호 기구창고),24.8,50.3
2026-08-11T08:00:00Z,E-(408호 OQC),21.9,59.2
2026-08-11T08:00:00Z,F-(807호 생산 Line),23.7,55.8
2026-08-11T08:00:00Z,G-(401호 기구창고),21.6,68.2
2026-08-11T09:00:00Z,A-(401호 회로창고 1),22.2,51.8
2026-08-11T09:00:00Z,B-(401호 회로창고 2),23.1,49.2
2026-08-11T10:00:00Z,A-(401호 회로창고 1),22.1,51.1
2026-08-11T10:00:00Z,B-(401호 회로창고 2),22.9,52.0
2026-08-11T11:00:00Z,A-(401호 회로창고 1),22.2,51.7
2026-08-11T11:00:00Z,B-(401호 회로창고 2),22.8,49.6
2026-08-11T12:00:00Z,A-(401호 회로창고 1),22.3,53.8
2026-08-11T12:00:00Z,B-(401호 회로창고 2),22.8,52.2
2026-08-11T13:00:00Z,A-(401호 회로창고 1),22.4,55.9
2026-08-11T13:00:00Z,B-(401호 회로창고 2),22.8,52.8
2026-08-11T14:00:00Z,A-(401호 회로창고 1),22.1,55.2
2026-08-11T14:00:00Z,B-(401호 회로창고 2),22.7,49.4
2026-08-11T15:00:00Z,A-(401호 회로창고 1),22.4,54.3
2026-08-11T15:00:00Z,B-(401호 회로창고 2),22.8,53.7
2026-08-11T16:00:00Z,A-(401호 회로창고 1),22.3,52.9
2026-08-11T16:00:00Z,B-(401호 회로창고 2),22.7,51.0
2026-08-11T17:00:00Z,A-(401호 회로창고 1),22.2,51.6
2026-08-11T17:00:00Z,B-(401호 회로창고 2),22.6,50.2
2026-08-11T18:00:00Z,A-(401호 회로창고 1),22.2,56.5
2026-08-11T18:00:00Z,B-(401호 회로창고 2),22.6,52.9
2026-08-11T19:00:00Z,A-(401호 회로창고 1),22.3,53.0
2026-08-11T19:00:00Z,B-(401호 회로창고 2),22.6,52.2
2026-08-11T20:00:00Z,A-(401호 회로창고 1),22.2,57.1
2026-08-11T20:00:00Z,B-(401호 회로창고 2),22.6,50.4
2026-08-11T21:00:00Z,A-(401호 회로창고 1),22.3,53.0
2026-08-11T21:00:00Z,B-(401호 회로창고 2),22.6,54.5
2026-08-11T22:00:00Z,A-(401호 회로창고 1),22.2,51.8
2026-08-11T22:00:00Z,B-(401호 회로창고 2),22.6,51.2
2026-08-11T23:00:00Z,A-(401호 회로창고 1),22.3,57.1
2026-08-11T23:00:00Z,B-(401호 회로창고 2),22.6,53.0
2026-08-12T00:00:00Z,A-(401호 회로창고 1),22.2,50.9
2026-08-12T00:00:00Z,B-(401호 회로창고 2),22.8,54.0
2026-08-12T00:00:00Z,C-(402호 수입검사),23.1,51.2
2026-08-12T00:00:00Z,D-(406호 기구창고),26.8,48.2
2026-08-12T00:00:00Z,E-(408호 OQC),22.5,54.2
2026-08-12T00:00:00Z,F-(807호 생산 Line),22.5,51.8
2026-08-12T00:00:00Z,G-(401호 기구창고),21.9,60.3
2026-08-12T01:00:00Z,A-(401호 회로창고 1),22.3,52.9
2026-08-12T01:00:00Z,B-(401호 회로창고 2),22.9,49.4
2026-08-12T01:00:00Z,C-(402호 수입검사),23.0,56.0
2026-08-12T01:00:00Z,D-(406호 기구창고),25.8,49.7
2026-08-12T01:00:00Z,E-(408호 OQC),22.2,56.6
2026-08-12T01:00:00Z,F-(807호 생산 Line),22.5,51.9
2026-08-12T01:00:00Z,G-(401호 기구창고),21.3,64.8
2026-08-12T02:00:00Z,A-(401호 회로창고 1),22.3,51.5
2026-08-12T02:00:00Z,B-(401호 회로창고 2),22.9,49.3
2026-08-12T02:00:00Z,C-(402호 수입검사),23.0,55.8
2026-08-12T02:00:00Z,D-(406호 기구창고),25.6,49.4
2026-08-12T02:00:00Z,E-(408호 OQC),21.6,55.7
2026-08-12T02:00:00Z,F-(807호 생산 Line),22.5,52.5
2026-08-12T02:00:00Z,G-(401호 기구창고),23.9,62.3
2026-08-12T03:00:00Z,A-(401호 회로창고 1),22.3,52.5
2026-08-12T03:00:00Z,B-(401호 회로창고 2),22.9,50.0
2026-08-12T03:00:00Z,C-(402호 수입검사),22.9,54.6
2026-08-12T03:00:00Z,D-(406호 기구창고),25.2,49.2
2026-08-12T03:00:00Z,E-(408호 OQC),21.5,58.4
2026-08-12T03:00:00Z,F-(807호 생산 Line),22.5,52.4
2026-08-12T03:00:00Z,G-(401호 기구창고),21.5,62.6
2026-08-12T04:00:00Z,A-(401호 회로창고 1),22.1,51.2
2026-08-12T04:00:00Z,B-(401호 회로창고 2),22.9,48.6
2026-08-12T04:00:00Z,C-(402호 수입검사),23.6,55.0
2026-08-12T04:00:00Z,D-(406호 기구창고),24.8,51.0
2026-08-12T04:00:00Z,E-(408호 OQC),21.1,57.9
2026-08-12T04:00:00Z,F-(807호 생산 Line),22.5,51.8
2026-08-12T04:00:00Z,G-(401호 기구창고),21.4,67.6
2026-08-12T05:00:00Z,A-(401호 회로창고 1),22.4,53.4
2026-08-12T05:00:00Z,B-(401호 회로창고 2),23.1,53.1
2026-08-12T05:00:00Z,C-(402호 수입검사),23.1,56.0
2026-08-12T05:00:00Z,D-(406호 기구창고),24.8,49.2
2026-08-12T05:00:00Z,E-(408호 OQC),21.4,59.0
2026-08-12T05:00:00Z,F-(807호 생산 Line),22.4,53.0
2026-08-12T05:00:00Z,G-(401호 기구창고),23.9,80.6
2026-08-12T06:00:00Z,A-(401호 회로창고 1),22.5,52.1
2026-08-12T06:00:00Z,B-(401호 회로창고 2),22.9,50.4
2026-08-12T06:00:00Z,C-(402호 수입검사),23.1,57.0
2026-08-12T06:00:00Z,D-(406호 기구창고),24.7,49.0
2026-08-12T06:00:00Z,E-(408호 OQC),21.2,61.1
2026-08-12T06:00:00Z,F-(807호 생산 Line),22.5,54.0
2026-08-12T06:00:00Z,G-(401호 기구창고),22.4,64.5
2026-08-12T07:00:00Z,A-(401호 회로창고 1),22.2,51.6
2026-08-12T07:00:00Z,B-(401호 회로창고 2),23.3,49.3
2026-08-12T07:00:00Z,C-(402호 수입검사),23.1,59.6
2026-08-12T07:00:00Z,D-(406호 기구창고),24.0,53.2
2026-08-12T07:00:00Z,E-(408호 OQC),21.5,64.6
2026-08-12T07:00:00Z,F-(807호 생산 Line),22.6,54.5
2026-08-12T07:00:00Z,G-(401호 기구창고),21.5,67.6
2026-08-12T08:00:00Z,A-(401호 회로창고 1),22.5,58.1
2026-08-12T08:00:00Z,B-(401호 회로창고 2),23.2,50.1
2026-08-12T08:00:00Z,C-(402호 수입검사),23.9,60.4
2026-08-12T08:00:00Z,D-(406호 기구창고),22.5,52.9
2026-08-12T08:00:00Z,E-(408호 OQC),21.7,65.5
2026-08-12T08:00:00Z,F-(807호 생산 Line),22.7,54.9
2026-08-12T08:00:00Z,G-(401호 기구창고),22.0,69.8
2026-08-12T09:00:00Z,A-(401호 회로창고 1),22.2,52.0
2026-08-12T09:00:00Z,B-(401호 회로창고 2),22.8,49.0
2026-08-12T10:00:00Z,A-(401호 회로창고 1),22.3,52.7
2026-08-12T10:00:00Z,B-(401호 회로창고 2),22.8,51.0
2026-08-12T11:00:00Z,A-(401호 회로창고 1),22.2,52.9
2026-08-12T11:00:00Z,B-(401호 회로창고 2),22.7,52.7
2026-08-12T12:00:00Z,A-(401호 회로창고 1),22.3,51.0
2026-08-12T12:00:00Z,B-(401호 회로창고 2),22.6,49.9
2026-08-12T13:00:00Z,A-(401호 회로창고 1),22.3,53.4
2026-08-12T13:00:00Z,B-(401호 회로창고 2),22.6,50.0
2026-08-12T14:00:00Z,A-(401호 회로창고 1),22.2,50.8
2026-08-12T14:00:00Z,B-(401호 회로창고 2),22.6,49.9
2026-08-12T15:00:00Z,A-(401호 회로창고 1),22.4,56.7
2026-08-12T15:00:00Z,B-(401호 회로창고 2),22.6,50.2
2026-08-12T16:00:00Z,A-(401호 회로창고 1),22.5,57.7
2026-08-12T16:00:00Z,B-(401호 회로창고 2),22.6,54.1
2026-08-12T17:00:00Z,A-(401호 회로창고 1),22.5,54.6
2026-08-12T17:00:00Z,B-(401호 회로창고 2),22.6,53.7
2026-08-12T18:00:00Z,A-(401호 회로창고 1),22.3,52.8
2026-08-12T18:00:00Z,B-(401호 회로창고 2),22.5,52.4
2026-08-12T19:00:00Z,A-(401호 회로창고 1),22.3,52.0
2026-08-12T19:00:00Z,B-(401호 회로창고 2),22.5,51.3
2026-08-12T20:00:00Z,A-(401호 회로창고 1),22.4,58.0
2026-08-12T20:00:00Z,B-(401호 회로창고 2),22.5,50.7
2026-08-12T21:00:00Z,A-(401호 회로창고 1),22.4,53.4
2026-08-12T21:00:00Z,B-(401호 회로창고 2),22.6,54.4
2026-08-12T22:00:00Z,A-(401호 회로창고 1),22.2,52.2
2026-08-12T22:00:00Z,B-(401호 회로창고 2),22.5,51.8
2026-08-12T23:00:00Z,A-(401호 회로창고 1),22.2,51.3
2026-08-12T23:00:00Z,B-(401호 회로창고 2),22.5,50.8
2026-08-13T00:00:00Z,A-(401호 회로창고 1),22.3,50.7
2026-08-13T00:00:00Z,B-(401호 회로창고 2),22.7,50.0
2026-08-13T00:00:00Z,C-(402호 수입검사),23.7,58.6
2026-08-13T00:00:00Z,D-(406호 기구창고),24.0,52.9
2026-08-13T00:00:00Z,E-(408호 OQC),21.7,57.7
2026-08-13T00:00:00Z,F-(807호 생산 Line),22.4,53.9
2026-08-13T00:00:00Z,G-(401호 기구창고),21.7,66.0
2026-08-13T01:00:00Z,A-(401호 회로창고 1),22.2,51.9
2026-08-13T01:00:00Z,B-(401호 회로창고 2),22.8,50.1
2026-08-13T01:00:00Z,C-(402호 수입검사),23.5,59.8
2026-08-13T01:00:00Z,D-(406호 기구창고),24.0,53.5
2026-08-13T01:00:00Z,E-(408호 OQC),21.2,61.0
2026-08-13T01:00:00Z,F-(807호 생산 Line),22.4,54.2
2026-08-13T01:00:00Z,G-(401호 기구창고),21.3,64.0
2026-08-13T02:00:00Z,A-(401호 회로창고 1),22.4,53.1
2026-08-13T02:00:00Z,B-(401호 회로창고 2),22.9,51.1
2026-08-13T02:00:00Z,C-(402호 수입검사),23.3,61.0
2026-08-13T02:00:00Z,D-(406호 기구창고),23.7,51.9
2026-08-13T02:00:00Z,E-(408호 OQC),21.4,62.4
2026-08-13T02:00:00Z,F-(807호 생산 Line),22.5,54.5
2026-08-13T02:00:00Z,G-(401호 기구창고),21.2,66.3
2026-08-13T03:00:00Z,A-(401호 회로창고 1),22.5,53.5
2026-08-13T03:00:00Z,B-(401호 회로창고 2),23.0,51.2
2026-08-13T03:00:00Z,C-(402호 수입검사),23.3,60.7
2026-08-13T03:00:00Z,D-(406호 기구창고),23.5,52.1
2026-08-13T03:00:00Z,E-(408호 OQC),21.1,63.4
2026-08-13T03:00:00Z,F-(807호 생산 Line),22.6,55.0
2026-08-13T03:00:00Z,G-(401호 기구창고),21.4,70.3
2026-08-13T04:00:00Z,A-(401호 회로창고 1),22.3,51.8
2026-08-13T04:00:00Z,B-(401호 회로창고 2),22.9,49.5
2026-08-13T04:00:00Z,C-(402호 수입검사),23.2,59.3
2026-08-13T04:00:00Z,D-(406호 기구창고),23.2,52.5
2026-08-13T04:00:00Z,E-(408호 OQC),21.0,65.7
2026-08-13T04:00:00Z,F-(807호 생산 Line),22.5,54.9
2026-08-13T04:00:00Z,G-(401호 기구창고),21.2,65.6
2026-08-13T05:00:00Z,A-(401호 회로창고 1),22.2,51.4
2026-08-13T05:00:00Z,B-(401호 회로창고 2),22.9,49.0
2026-08-13T05:00:00Z,C-(402호 수입검사),23.2,61.1
2026-08-13T05:00:00Z,D-(406호 기구창고),22.9,52.8
2026-08-13T05:00:00Z,E-(408호 OQC),21.2,67.5
2026-08-13T05:00:00Z,F-(807호 생산 Line),22.6,55.9
2026-08-13T05:00:00Z,G-(401호 기구창고),22.4,100.0
2026-08-13T06:00:00Z,A-(401호 회로창고 1),22.2,53.0
2026-08-13T06:00:00Z,B-(401호 회로창고 2),22.9,49.1
2026-08-13T06:00:00Z,C-(402호 수입검사),23.2,60.7
2026-08-13T06:00:00Z,D-(406호 기구창고),22.9,56.8
2026-08-13T06:00:00Z,E-(408호 OQC),21.2,66.8
2026-08-13T06:00:00Z,F-(807호 생산 Line),22.7,56.8
2026-08-13T06:00:00Z,G-(401호 기구창고),22.0,100.0
2026-08-13T07:00:00Z,A-(401호 회로창고 1),22.2,51.6
2026-08-13T07:00:00Z,B-(401호 회로창고 2),23.0,49.0
2026-08-13T07:00:00Z,C-(402호 수입검사),23.3,63.0
2026-08-13T07:00:00Z,D-(406호 기구창고),23.0,55.5
2026-08-13T07:00:00Z,E-(408호 OQC),21.1,67.8
2026-08-13T07:00:00Z,F-(807호 생산 Line),22.7,56.4
2026-08-13T07:00:00Z,G-(401호 기구창고),21.6,89.6
2026-08-13T08:00:00Z,A-(401호 회로창고 1),22.3,54.3
2026-08-13T08:00:00Z,B-(401호 회로창고 2),23.1,51.7
2026-08-13T08:00:00Z,C-(402호 수입검사),24.1,63.3
2026-08-13T08:00:00Z,D-(406호 기구창고),22.8,56.7
2026-08-13T08:00:00Z,E-(408호 OQC),21.5,70.5
2026-08-13T08:00:00Z,F-(807호 생산 Line),22.7,56.3
2026-08-13T08:00:00Z,G-(401호 기구창고),21.6,78.0
2026-08-13T09:00:00Z,A-(401호 회로창고 1),22.4,56.4
2026-08-13T09:00:00Z,B-(401호 회로창고 2),22.9,50.5
2026-08-13T10:00:00Z,A-(401호 회로창고 1),22.0,52.2
2026-08-13T10:00:00Z,B-(401호 회로창고 2),22.7,49.2
2026-08-13T11:00:00Z,A-(401호 회로창고 1),22.3,59.1
2026-08-13T11:00:00Z,B-(401호 회로창고 2),22.7,52.3
2026-08-13T12:00:00Z,A-(401호 회로창고 1),22.0,51.2
2026-08-13T12:00:00Z,B-(401호 회로창고 2),22.6,49.5
2026-08-13T13:00:00Z,A-(401호 회로창고 1),22.3,55.2
2026-08-13T13:00:00Z,B-(401호 회로창고 2),22.6,51.8
2026-08-13T14:00:00Z,A-(401호 회로창고 1),22.0,51.1
2026-08-13T14:00:00Z,B-(401호 회로창고 2),22.6,52.3
2026-08-13T15:00:00Z,A-(401호 회로창고 1),22.1,51.9
2026-08-13T15:00:00Z,B-(401호 회로창고 2),22.6,50.6
2026-08-13T16:00:00Z,A-(401호 회로창고 1),22.1,52.5
2026-08-13T16:00:00Z,B-(401호 회로창고 2),22.5,51.4
2026-08-13T17:00:00Z,A-(401호 회로창고 1),22.1,52.3
2026-08-13T17:00:00Z,B-(401호 회로창고 2),22.5,51.3
2026-08-13T18:00:00Z,A-(401호 회로창고 1),22.1,52.3
2026-08-13T18:00:00Z,B-(401호 회로창고 2),22.5,51.6
2026-08-13T19:00:00Z,A-(401호 회로창고 1),22.0,52.2
2026-08-13T19:00:00Z,B-(401호 회로창고 2),22.5,50.5
2026-08-13T20:00:00Z,A-(401호 회로창고 1),22.1,56.9
2026-08-13T20:00:00Z,B-(401호 회로창고 2),22.5,52.7
2026-08-13T21:00:00Z,A-(401호 회로창고 1),22.2,54.5
2026-08-13T21:00:00Z,B-(401호 회로창고 2),22.5,53.4
2026-08-13T22:00:00Z,A-(401호 회로창고 1),22.0,52.2
2026-08-13T22:00:00Z,B-(401호 회로창고 2),22.4,51.2
2026-08-13T23:00:00Z,A-(401호 회로창고 1),21.9,51.5
2026-08-13T23:00:00Z,B-(401호 회로창고 2),22.4,53.0
2026-08-14T00:00:00Z,A-(401호 회로창고 1),22.0,52.1
2026-08-14T00:00:00Z,B-(401호 회로창고 2),22.5,51.0
2026-08-14T00:00:00Z,C-(402호 수입검사),23.6,58.2
2026-08-14T00:00:00Z,D-(406호 기구창고),24.4,54.7
2026-08-14T00:00:00Z,E-(408호 OQC),21.4,61.2
2026-08-14T00:00:00Z,F-(807호 생산 Line),23.1,55.3
2026-08-14T00:00:00Z,G-(401호 기구창고),21.5,69.0
2026-08-14T01:00:00Z,A-(401호 회로창고 1),22.0,53.8
2026-08-14T01:00:00Z,B-(401호 회로창고 2),22.7,49.1
2026-08-14T01:00:00Z,C-(402호 수입검사),23.4,61.2
2026-08-14T01:00:00Z,D-(406호 기구창고),24.8,53.2
2026-08-14T01:00:00Z,E-(408호 OQC),21.1,61.7
2026-08-14T01:00:00Z,F-(807호 생산 Line),22.9,55.6
2026-08-14T01:00:00Z,G-(401호 기구창고),21.5,75.1
2026-08-14T02:00:00Z,A-(401호 회로창고 1),22.1,51.7
2026-08-14T02:00:00Z,B-(401호 회로창고 2),23.0,53.2
2026-08-14T02:00:00Z,C-(402호 수입검사),23.3,61.2
2026-08-14T02:00:00Z,D-(406호 기구창고),24.6,57.3
2026-08-14T02:00:00Z,E-(408호 OQC),20.9,64.9
2026-08-14T02:00:00Z,F-(807호 생산 Line),22.9,55.9
2026-08-14T02:00:00Z,G-(401호 기구창고),21.6,75.0
2026-08-14T03:00:00Z,A-(401호 회로창고 1),22.4,56.6
2026-08-14T03:00:00Z,B-(401호 회로창고 2),23.0,50.5
2026-08-14T03:00:00Z,C-(402호 수입검사),23.2,62.4
2026-08-14T03:00:00Z,D-(406호 기구창고),23.9,54.7
2026-08-14T03:00:00Z,E-(408호 OQC),21.0,67.9
2026-08-14T03:00:00Z,F-(807호 생산 Line),22.8,56.0
2026-08-14T03:00:00Z,G-(401호 기구창고),21.4,73.9
2026-08-14T04:00:00Z,A-(401호 회로창고 1),22.1,51.3
2026-08-14T04:00:00Z,B-(401호 회로창고 2),23.0,48.7
2026-08-14T04:00:00Z,C-(402호 수입검사),23.5,62.4
2026-08-14T04:00:00Z,D-(406호 기구창고),23.6,54.8
2026-08-14T04:00:00Z,E-(408호 OQC),21.0,65.3
2026-08-14T04:00:00Z,F-(807호 생산 Line),22.7,55.8
2026-08-14T04:00:00Z,G-(401호 기구창고),21.1,74.8
2026-08-14T05:00:00Z,A-(401호 회로창고 1),22.1,52.1
2026-08-14T05:00:00Z,B-(401호 회로창고 2),23.0,48.7
2026-08-14T05:00:00Z,C-(402호 수입검사),23.2,61.7
2026-08-14T05:00:00Z,D-(406호 기구창고),23.3,54.2
2026-08-14T05:00:00Z,E-(408호 OQC),21.1,67.6
2026-08-14T05:00:00Z,F-(807호 생산 Line),22.6,56.7
2026-08-14T05:00:00Z,G-(401호 기구창고),21.6,76.0
2026-08-14T06:00:00Z,A-(401호 회로창고 1),22.1,51.7
2026-08-14T06:00:00Z,B-(401호 회로창고 2),23.0,48.5
2026-08-14T06:00:00Z,C-(402호 수입검사),23.1,61.0
2026-08-14T06:00:00Z,D-(406호 기구창고),23.6,59.8
2026-08-14T06:00:00Z,E-(408호 OQC),21.0,67.7
2026-08-14T06:00:00Z,F-(807호 생산 Line),22.7,56.9
2026-08-14T06:00:00Z,G-(401호 기구창고),21.0,73.5
2026-08-14T07:00:00Z,A-(401호 회로창고 1),22.2,52.0
2026-08-14T07:00:00Z,B-(401호 회로창고 2),23.0,49.5
2026-08-14T07:00:00Z,C-(402호 수입검사),23.0,61.4
2026-08-14T07:00:00Z,D-(406호 기구창고),23.2,56.7
2026-08-14T07:00:00Z,E-(408호 OQC),21.0,68.6
2026-08-14T07:00:00Z,F-(807호 생산 Line),22.7,57.1
2026-08-14T07:00:00Z,G-(401호 기구창고),21.0,75.7
2026-08-14T08:00:00Z,A-(401호 회로창고 1),22.3,54.5
2026-08-14T08:00:00Z,B-(401호 회로창고 2),23.1,51.6
2026-08-14T08:00:00Z,C-(402호 수입검사),23.7,64.0
2026-08-14T08:00:00Z,D-(406호 기구창고),22.9,57.3
2026-08-14T08:00:00Z,E-(408호 OQC),21.5,71.1
2026-08-14T08:00:00Z,F-(807호 생산 Line),22.7,56.4
2026-08-14T08:00:00Z,G-(401호 기구창고),20.9,77.1
2026-08-14T09:00:00Z,A-(401호 회로창고 1),22.4,56.2
2026-08-14T09:00:00Z,B-(401호 회로창고 2),22.8,50.3
2026-08-14T10:00:00Z,A-(401호 회로창고 1),22.1,53.0
2026-08-14T10:00:00Z,B-(401호 회로창고 2),22.6,49.8
2026-08-14T11:00:00Z,A-(401호 회로창고 1),22.2,52.5
2026-08-14T11:00:00Z,B-(401호 회로창고 2),22.6,51.2
2026-08-14T12:00:00Z,A-(401호 회로창고 1),22.1,51.0
2026-08-14T12:00:00Z,B-(401호 회로창고 2),22.6,53.2
2026-08-14T13:00:00Z,A-(401호 회로창고 1),22.2,51.9
2026-08-14T13:00:00Z,B-(401호 회로창고 2),22.5,50.9
2026-08-14T14:00:00Z,A-(401호 회로창고 1),22.4,56.2
2026-08-14T14:00:00Z,B-(401호 회로창고 2),22.6,54.5
2026-08-14T15:00:00Z,A-(401호 회로창고 1),22.1,50.8
2026-08-14T15:00:00Z,B-(401호 회로창고 2),22.5,49.9
2026-08-14T16:00:00Z,A-(401호 회로창고 1),22.2,52.4
2026-08-14T16:00:00Z,B-(401호 회로창고 2),22.5,51.7
2026-08-14T17:00:00Z,A-(401호 회로창고 1),22.4,56.4
2026-08-14T17:00:00Z,B-(401호 회로창고 2),22.5,53.4
2026-08-14T18:00:00Z,A-(401호 회로창고 1),22.4,59.2
2026-08-14T18:00:00Z,B-(401호 회로창고 2),22.5,54.1
2026-08-14T19:00:00Z,A-(401호 회로창고 1),22.3,53.8
2026-08-14T19:00:00Z,B-(401호 회로창고 2),22.5,54.0
2026-08-14T20:00:00Z,A-(401호 회로창고 1),22.2,52.8
2026-08-14T20:00:00Z,B-(401호 회로창고 2),22.5,52.5
2026-08-14T21:00:00Z,A-(401호 회로창고 1),22.2,52.1
2026-08-14T21:00:00Z,B-(401호 회로창고 2),22.4,51.6
2026-08-14T22:00:00Z,A-(401호 회로창고 1),22.4,57.2
2026-08-14T22:00:00Z,B-(401호 회로창고 2),22.5,55.1
2026-08-14T23:00:00Z,A-(401호 회로창고 1),22.1,50.9
2026-08-14T23:00:00Z,B-(401호 회로창고 2),22.4,53.7
2026-08-15T00:00:00Z,A-(401호 회로창고 1),22.1,51.5
2026-08-15T00:00:00Z,B-(401호 회로창고 2),22.4,50.7
2026-08-15T01:00:00Z,A-(401호 회로창고 1),22.4,56.9
2026-08-15T01:00:00Z,B-(401호 회로창고 2),22.4,52.7
2026-08-15T02:00:00Z,A-(401호 회로창고 1),22.1,51.1
2026-08-15T02:00:00Z,B-(401호 회로창고 2),22.4,52.9
2026-08-15T03:00:00Z,A-(401호 회로창고 1),22.2,52.1
2026-08-15T03:00:00Z,B-(401호 회로창고 2),22.5,51.3
2026-08-15T04:00:00Z,A-(401호 회로창고 1),22.1,51.6
2026-08-15T04:00:00Z,B-(401호 회로창고 2),22.6,54.0
2026-08-15T05:00:00Z,A-(401호 회로창고 1),22.1,51.7
2026-08-15T05:00:00Z,B-(401호 회로창고 2),22.6,50.4
2026-08-15T06:00:00Z,A-(401호 회로창고 1),22.1,51.9
2026-08-15T06:00:00Z,B-(401호 회로창고 2),22.6,53.3
2026-08-15T07:00:00Z,A-(401호 회로창고 1),22.4,55.6
2026-08-15T07:00:00Z,B-(401호 회로창고 2),22.6,51.3
2026-08-15T08:00:00Z,A-(401호 회로창고 1),22.1,51.9
2026-08-15T08:00:00Z,B-(401호 회로창고 2),22.5,49.8
2026-08-15T09:00:00Z,A-(401호 회로창고 1),22.4,58.4
2026-08-15T09:00:00Z,B-(401호 회로창고 2),22.6,52.1
2026-08-15T10:00:00Z,A-(401호 회로창고 1),22.1,51.2
2026-08-15T10:00:00Z,B-(401호 회로창고 2),22.5,49.9
2026-08-15T11:00:00Z,A-(401호 회로창고 1),22.2,52.9
2026-08-15T11:00:00Z,B-(401호 회로창고 2),22.5,51.9
2026-08-15T12:00:00Z,A-(401호 회로창고 1),22.1,51.1
2026-08-15T12:00:00Z,B-(401호 회로창고 2),22.5,53.6
2026-08-15T13:00:00Z,A-(401호 회로창고 1),22.1,52.1
2026-08-15T13:00:00Z,B-(401호 회로창고 2),22.5,51.1
2026-08-15T14:00:00Z,A-(401호 회로창고 1),22.1,54.1
2026-08-15T14:00:00Z,B-(401호 회로창고 2),22.5,54.7
2026-08-15T15:00:00Z,A-(401호 회로창고 1),22.1,51.5
2026-08-15T15:00:00Z,B-(401호 회로창고 2),22.4,50.5
2026-08-15T16:00:00Z,A-(401호 회로창고 1),22.3,59.1
2026-08-15T16:00:00Z,B-(401호 회로창고 2),22.5,53.2
2026-08-15T17:00:00Z,A-(401호 회로창고 1),22.1,51.3
2026-08-15T17:00:00Z,B-(401호 회로창고 2),22.4,50.3
2026-08-15T18:00:00Z,A-(401호 회로창고 1),22.2,52.8
2026-08-15T18:00:00Z,B-(401호 회로창고 2),22.4,52.2
2026-08-15T19:00:00Z,A-(401호 회로창고 1),22.2,53.8
2026-08-15T19:00:00Z,B-(401호 회로창고 2),22.5,54.6
2026-08-15T20:00:00Z,A-(401호 회로창고 1),22.1,52.3
2026-08-15T20:00:00Z,B-(401호 회로창고 2),22.4,52.0
2026-08-15T21:00:00Z,A-(401호 회로창고 1),22.2,56.6
2026-08-15T21:00:00Z,B-(401호 회로창고 2),22.3,53.0
2026-08-15T22:00:00Z,A-(401호 회로창고 1),22.3,53.9
2026-08-15T22:00:00Z,B-(401호 회로창고 2),22.4,53.7
2026-08-15T23:00:00Z,A-(401호 회로창고 1),22.1,52.3
2026-08-15T23:00:00Z,B-(401호 회로창고 2),22.3,51.6
2026-08-16T00:00:00Z,A-(401호 회로창고 1),22.2,58.1
2026-08-16T00:00:00Z,B-(401호 회로창고 2),22.4,55.1
2026-08-16T01:00:00Z,A-(401호 회로창고 1),22.2,57.8
2026-08-16T01:00:00Z,B-(401호 회로창고 2),22.4,54.3
2026-08-16T02:00:00Z,A-(401호 회로창고 1),22.2,54.0
2026-08-16T02:00:00Z,B-(401호 회로창고 2),22.5,54.5
2026-08-16T03:00:00Z,A-(401호 회로창고 1),22.2,53.1
2026-08-16T03:00:00Z,B-(401호 회로창고 2),22.4,52.6
2026-08-16T04:00:00Z,A-(401호 회로창고 1),22.1,52.1
2026-08-16T04:00:00Z,B-(401호 회로창고 2),22.4,51.6
2026-08-16T05:00:00Z,A-(401호 회로창고 1),22.3,55.1
2026-08-16T05:00:00Z,B-(401호 회로창고 2),22.4,52.2
2026-08-16T06:00:00Z,A-(401호 회로창고 1),22.0,51.1
2026-08-16T06:00:00Z,B-(401호 회로창고 2),22.4,54.5
2026-08-16T07:00:00Z,A-(401호 회로창고 1),22.1,51.5
2026-08-16T07:00:00Z,B-(401호 회로창고 2),22.4,50.6
2026-08-16T08:00:00Z,A-(401호 회로창고 1),22.3,56.7
2026-08-16T08:00:00Z,B-(401호 회로창고 2),22.4,52.9
2026-08-16T09:00:00Z,A-(401호 회로창고 1),22.1,51.1
2026-08-16T09:00:00Z,B-(401호 회로창고 2),22.4,54.0
2026-08-16T10:00:00Z,A-(401호 회로창고 1),22.1,51.9
2026-08-16T10:00:00Z,B-(401호 회로창고 2),22.4,51.1
2026-08-16T11:00:00Z,A-(401호 회로창고 1),22.4,57.3
2026-08-16T11:00:00Z,B-(401호 회로창고 2),22.5,53.1
2026-08-16T12:00:00Z,A-(401호 회로창고 1),22.1,51.2
2026-08-16T12:00:00Z,B-(401호 회로창고 2),22.4,54.2
2026-08-16T13:00:00Z,A-(401호 회로창고 1),22.1,51.9
2026-08-16T13:00:00Z,B-(401호 회로창고 2),22.4,51.2
2026-08-16T14:00:00Z,A-(401호 회로창고 1),22.3,55.8
2026-08-16T14:00:00Z,B-(401호 회로창고 2),22.4,53.4
2026-08-16T15:00:00Z,A-(401호 회로창고 1),22.0,50.9
2026-08-16T15:00:00Z,B-(401호 회로창고 2),22.3,54.8
2026-08-16T16:00:00Z,A-(401호 회로창고 1),22.1,51.5
2026-08-16T16:00:00Z,B-(401호 회로창고 2),22.3,51.0
2026-08-16T17:00:00Z,A-(401호 회로창고 1),22.1,51.7
2026-08-16T17:00:00Z,B-(401호 회로창고 2),22.3,51.2
2026-08-16T18:00:00Z,A-(401호 회로창고 1),22.3,58.2
2026-08-16T18:00:00Z,B-(401호 회로창고 2),22.4,54.6
2026-08-16T19:00:00Z,A-(401호 회로창고 1),22.3,58.6
2026-08-16T19:00:00Z,B-(401호 회로창고 2),22.4,55.0
2026-08-16T20:00:00Z,A-(401호 회로창고 1),22.2,53.4
2026-08-16T20:00:00Z,B-(401호 회로창고 2),22.3,53.4
2026-08-16T21:00:00Z,A-(401호 회로창고 1),22.1,52.0
2026-08-16T21:00:00Z,B-(401호 회로창고 2),22.3,51.8
2026-08-16T22:00:00Z,A-(401호 회로창고 1),22.2,57.8
2026-08-16T22:00:00Z,B-(401호 회로창고 2),22.3,55.3
2026-08-16T23:00:00Z,A-(401호 회로창고 1),22.2,53.6
2026-08-16T23:00:00Z,B-(401호 회로창고 2),22.3,53.4
2026-08-17T00:00:00Z,A-(401호 회로창고 1),22.0,52.4
2026-08-17T00:00:00Z,B-(401호 회로창고 2),22.3,51.9
2026-08-17T00:00:00Z,C-(402호 수입검사),25.9,72.4
2026-08-17T00:00:00Z,D-(406호 기구창고),27.6,67.9
2026-08-17T00:00:00Z,E-(408호 OQC),26.1,87.5
2026-08-17T00:00:00Z,F-(807호 생산 Line),26.5,51.2
2026-08-17T00:00:00Z,G-(401호 기구창고),24.2,77.4
2026-08-17T01:00:00Z,A-(401호 회로창고 1),22.1,52.5
2026-08-17T01:00:00Z,B-(401호 회로창고 2),22.3,52.1
2026-08-17T01:00:00Z,C-(402호 수입검사),25.9,72.3
2026-08-17T01:00:00Z,D-(406호 기구창고),27.6,67.9
2026-08-17T01:00:00Z,E-(408호 OQC),26.1,88.2
2026-08-17T01:00:00Z,F-(807호 생산 Line),26.5,50.8
2026-08-17T01:00:00Z,G-(401호 기구창고),24.2,78.0
2026-08-17T02:00:00Z,A-(401호 회로창고 1),22.3,57.3
2026-08-17T02:00:00Z,B-(401호 회로창고 2),22.3,53.6
2026-08-17T02:00:00Z,C-(402호 수입검사),25.9,72.4
2026-08-17T02:00:00Z,D-(406호 기구창고),27.8,67.6
2026-08-17T02:00:00Z,E-(408호 OQC),26.2,88.4
2026-08-17T02:00:00Z,F-(807호 생산 Line),26.5,51.0
2026-08-17T02:00:00Z,G-(401호 기구창고),24.2,79.0
2026-08-17T03:00:00Z,A-(401호 회로창고 1),22.0,51.4
2026-08-17T03:00:00Z,B-(401호 회로창고 2),22.3,50.7
2026-08-17T03:00:00Z,C-(402호 수입검사),26.0,72.4
2026-08-17T03:00:00Z,D-(406호 기구창고),28.1,67.7
2026-08-17T03:00:00Z,E-(408호 OQC),26.3,88.7
2026-08-17T03:00:00Z,F-(807호 생산 Line),26.5,51.6
2026-08-17T03:00:00Z,G-(401호 기구창고),24.2,79.9
2026-08-17T04:00:00Z,A-(401호 회로창고 1),22.1,52.9
2026-08-17T04:00:00Z,B-(401호 회로창고 2),22.4,52.3
2026-08-17T04:00:00Z,C-(402호 수입검사),26.0,72.7
2026-08-17T04:00:00Z,D-(406호 기구창고),28.2,67.4
2026-08-17T04:00:00Z,E-(408호 OQC),26.3,89.0
2026-08-17T04:00:00Z,F-(807호 생산 Line),26.5,52.7
2026-08-17T04:00:00Z,G-(401호 기구창고),24.2,80.6
2026-08-17T05:00:00Z,A-(401호 회로창고 1),22.0,52.6
2026-08-17T05:00:00Z,B-(401호 회로창고 2),22.4,53.7
2026-08-17T05:00:00Z,C-(402호 수입검사),26.0,72.7
2026-08-17T05:00:00Z,D-(406호 기구창고),28.3,67.0
2026-08-17T05:00:00Z,E-(408호 OQC),26.3,89.1
2026-08-17T05:00:00Z,F-(807호 생산 Line),26.6,53.0
2026-08-17T05:00:00Z,G-(401호 기구창고),24.2,80.4
2026-08-17T06:00:00Z,A-(401호 회로창고 1),22.1,51.9
2026-08-17T06:00:00Z,B-(401호 회로창고 2),22.4,50.7
2026-08-17T06:00:00Z,C-(402호 수입검사),26.1,73.1
2026-08-17T06:00:00Z,D-(406호 기구창고),28.4,67.4
2026-08-17T06:00:00Z,E-(408호 OQC),26.4,89.1
2026-08-17T06:00:00Z,F-(807호 생산 Line),26.5,52.6
2026-08-17T06:00:00Z,G-(401호 기구창고),24.2,81.3
2026-08-17T07:00:00Z,A-(401호 회로창고 1),22.3,59.4
2026-08-17T07:00:00Z,B-(401호 회로창고 2),22.5,53.2
2026-08-17T07:00:00Z,C-(402호 수입검사),26.1,73.1
2026-08-17T07:00:00Z,D-(406호 기구창고),28.3,67.5
2026-08-17T07:00:00Z,E-(408호 OQC),26.4,89.0
2026-08-17T07:00:00Z,F-(807호 생산 Line),26.5,52.3
2026-08-17T07:00:00Z,G-(401호 기구창고),24.2,82.2
2026-08-17T08:00:00Z,A-(401호 회로창고 1),22.0,52.7
2026-08-17T08:00:00Z,B-(401호 회로창고 2),22.3,50.2
2026-08-17T08:00:00Z,C-(402호 수입검사),26.1,72.9
2026-08-17T08:00:00Z,D-(406호 기구창고),28.2,67.7
2026-08-17T08:00:00Z,E-(408호 OQC),26.4,89.0
2026-08-17T08:00:00Z,F-(807호 생산 Line),26.5,52.1
2026-08-17T08:00:00Z,G-(401호 기구창고),24.2,82.4
2026-08-17T09:00:00Z,A-(401호 회로창고 1),22.1,52.8
2026-08-17T09:00:00Z,B-(401호 회로창고 2),22.4,52.1
2026-08-17T10:00:00Z,A-(401호 회로창고 1),22.0,52.5
2026-08-17T10:00:00Z,B-(401호 회로창고 2),22.3,50.2
2026-08-17T11:00:00Z,A-(401호 회로창고 1),22.1,51.7
2026-08-17T11:00:00Z,B-(401호 회로창고 2),22.3,50.7
2026-08-17T12:00:00Z,A-(401호 회로창고 1),22.3,58.0
2026-08-17T12:00:00Z,B-(401호 회로창고 2),22.4,55.2
2026-08-17T13:00:00Z,A-(401호 회로창고 1),22.1,55.0
2026-08-17T13:00:00Z,B-(401호 회로창고 2),22.3,52.8
2026-08-17T15:00:00Z,A-(401호 회로창고 1),22.3,55.4
2026-08-17T15:00:00Z,B-(401호 회로창고 2),22.4,54.3
2026-08-17T16:00:00Z,A-(401호 회로창고 1),22.0,51.5
2026-08-17T16:00:00Z,B-(401호 회로창고 2),22.3,50.3
2026-08-17T18:00:00Z,A-(401호 회로창고 1),22.3,57.3
2026-08-17T18:00:00Z,B-(401호 회로창고 2),22.4,55.5
2026-08-17T19:00:00Z,A-(401호 회로창고 1),22.0,51.3
2026-08-17T19:00:00Z,B-(401호 회로창고 2),22.3,50.6
2026-08-17T21:00:00Z,A-(401호 회로창고 1),22.3,55.4
2026-08-17T21:00:00Z,B-(401호 회로창고 2),22.4,54.5
2026-08-17T22:00:00Z,A-(401호 회로창고 1),22.0,55.0
2026-08-17T22:00:00Z,B-(401호 회로창고 2),22.2,52.2
2026-08-17T23:00:00Z,A-(401호 회로창고 1),22.1,51.9
2026-08-17T23:00:00Z,B-(401호 회로창고 2),22.3,51.5
2026-08-18T00:00:00Z,A-(401호 회로창고 1),22.1,51.6
2026-08-18T00:00:00Z,B-(401호 회로창고 2),22.5,50.7
2026-08-18T00:00:00Z,C-(402호 수입검사),23.4,58.9
2026-08-18T00:00:00Z,D-(406호 기구창고),24.1,59.9
2026-08-18T00:00:00Z,E-(408호 OQC),22.3,67.6
2026-08-18T00:00:00Z,F-(807호 생산 Line),22.9,56.1
2026-08-18T00:00:00Z,G-(401호 기구창고),21.2,60.8
2026-08-18T01:00:00Z,A-(401호 회로창고 1),22.3,56.2
2026-08-18T01:00:00Z,B-(401호 회로창고 2),22.7,51.3
2026-08-18T01:00:00Z,C-(402호 수입검사),23.0,61.6
2026-08-18T01:00:00Z,D-(406호 기구창고),24.2,58.6
2026-08-18T01:00:00Z,E-(408호 OQC),21.4,67.2
2026-08-18T01:00:00Z,F-(807호 생산 Line),22.8,56.1
2026-08-18T01:00:00Z,G-(401호 기구창고),22.5,91.7
2026-08-18T02:00:00Z,A-(401호 회로창고 1),22.0,52.5
2026-08-18T02:00:00Z,B-(401호 회로창고 2),23.0,51.6
2026-08-18T02:00:00Z,C-(402호 수입검사),23.8,68.1
2026-08-18T02:00:00Z,D-(406호 기구창고),24.3,57.7
2026-08-18T02:00:00Z,E-(408호 OQC),21.4,62.9
2026-08-18T02:00:00Z,F-(807호 생산 Line),22.8,56.1
2026-08-18T02:00:00Z,G-(401호 기구창고),20.8,65.6
2026-08-18T03:00:00Z,A-(401호 회로창고 1),22.0,51.9
2026-08-18T03:00:00Z,B-(401호 회로창고 2),22.9,49.0
2026-08-18T03:00:00Z,C-(402호 수입검사),23.9,66.7
2026-08-18T03:00:00Z,D-(406호 기구창고),24.3,57.1
2026-08-18T03:00:00Z,E-(408호 OQC),18.1,69.8
2026-08-18T03:00:00Z,F-(807호 생산 Line),22.8,56.7
2026-08-18T03:00:00Z,G-(401호 기구창고),22.0,71.8
2026-08-18T04:00:00Z,A-(401호 회로창고 1),22.0,52.2
2026-08-18T04:00:00Z,B-(401호 회로창고 2),22.9,49.3
2026-08-18T04:00:00Z,C-(402호 수입검사),23.7,57.6
2026-08-18T04:00:00Z,D-(406호 기구창고),23.8,56.8
2026-08-18T04:00:00Z,E-(408호 OQC),17.8,69.1
2026-08-18T04:00:00Z,F-(807호 생산 Line),22.6,55.6
2026-08-18T04:00:00Z,G-(401호 기구창고),19.9,66.2
2026-08-18T05:00:00Z,A-(401호 회로창고 1),22.0,53.1
2026-08-18T05:00:00Z,B-(401호 회로창고 2),23.0,50.2
2026-08-18T05:00:00Z,C-(402호 수입검사),23.2,60.8
2026-08-18T05:00:00Z,D-(406호 기구창고),23.8,59.8
2026-08-18T05:00:00Z,E-(408호 OQC),18.4,81.1
2026-08-18T05:00:00Z,F-(807호 생산 Line),22.6,56.8
2026-08-18T05:00:00Z,G-(401호 기구창고),19.8,65.3
2026-08-18T06:00:00Z,A-(401호 회로창고 1),22.1,52.9
2026-08-18T06:00:00Z,B-(401호 회로창고 2),23.0,50.0
2026-08-18T06:00:00Z,C-(402호 수입검사),23.3,62.9
2026-08-18T06:00:00Z,D-(406호 기구창고),23.9,59.8
2026-08-18T06:00:00Z,E-(408호 OQC),18.8,74.9
2026-08-18T06:00:00Z,F-(807호 생산 Line),22.6,56.8
2026-08-18T06:00:00Z,G-(401호 기구창고),19.7,63.7
2026-08-18T07:00:00Z,A-(401호 회로창고 1),22.0,52.0
2026-08-18T07:00:00Z,B-(401호 회로창고 2),23.0,49.0
2026-08-18T07:00:00Z,C-(402호 수입검사),23.1,61.6
2026-08-18T07:00:00Z,D-(406호 기구창고),23.2,57.9
2026-08-18T07:00:00Z,E-(408호 OQC),18.1,71.9
2026-08-18T07:00:00Z,F-(807호 생산 Line),22.6,56.8
2026-08-18T07:00:00Z,G-(401호 기구창고),19.5,65.0
2026-08-18T08:00:00Z,A-(401호 회로창고 1),21.9,52.2
2026-08-18T08:00:00Z,B-(401호 회로창고 2),23.0,49.1
2026-08-18T08:00:00Z,C-(402호 수입검사),23.5,61.3
2026-08-18T08:00:00Z,D-(406호 기구창고),23.0,56.4
2026-08-18T08:00:00Z,E-(408호 OQC),20.1,70.7
2026-08-18T08:00:00Z,F-(807호 생산 Line),22.6,56.8
2026-08-18T08:00:00Z,G-(401호 기구창고),19.4,64.7
2026-08-18T09:00:00Z,A-(401호 회로창고 1),22.0,51.7
2026-08-18T09:00:00Z,B-(401호 회로창고 2),23.0,50.8
2026-08-18T10:00:00Z,A-(401호 회로창고 1),22.1,52.9
2026-08-18T10:00:00Z,B-(401호 회로창고 2),23.0,50.1
2026-08-18T11:00:00Z,A-(401호 회로창고 1),22.3,55.2
2026-08-18T11:00:00Z,B-(401호 회로창고 2),23.0,52.2
2026-08-18T12:00:00Z,A-(401호 회로창고 1),22.3,56.2
2026-08-18T12:00:00Z,B-(401호 회로창고 2),23.0,52.7
2026-08-18T13:00:00Z,A-(401호 회로창고 1),22.2,53.7
2026-08-18T13:00:00Z,B-(401호 회로창고 2),22.9,51.7
2026-08-18T14:00:00Z,A-(401호 회로창고 1),22.1,53.0
2026-08-18T14:00:00Z,B-(401호 회로창고 2),22.9,51.0
2026-08-18T15:00:00Z,A-(401호 회로창고 1),22.1,52.5
2026-08-18T15:00:00Z,B-(401호 회로창고 2),22.9,50.5
2026-08-18T16:00:00Z,A-(401호 회로창고 1),22.1,56.1
2026-08-18T16:00:00Z,B-(401호 회로창고 2),22.9,49.7
2026-08-18T17:00:00Z,A-(401호 회로창고 1),22.3,59.3
2026-08-18T18:00:00Z,A-(401호 회로창고 1),22.1,53.4
2026-08-18T18:00:00Z,B-(401호 회로창고 2),22.9,51.8
2026-08-18T19:00:00Z,A-(401호 회로창고 1),22.1,52.3
2026-08-18T19:00:00Z,B-(401호 회로창고 2),22.8,50.3
2026-08-18T20:00:00Z,A-(401호 회로창고 1),22.2,54.9
2026-08-18T20:00:00Z,B-(401호 회로창고 2),22.9,53.9
2026-08-18T21:00:00Z,A-(401호 회로창고 1),22.1,53.2
2026-08-18T21:00:00Z,B-(401호 회로창고 2),22.8,51.4
2026-08-18T22:00:00Z,A-(401호 회로창고 1),22.0,54.9
2026-08-18T22:00:00Z,B-(401호 회로창고 2),22.8,50.0
2026-08-18T23:00:00Z,A-(401호 회로창고 1),22.0,51.9
2026-08-18T23:00:00Z,B-(401호 회로창고 2),22.8,49.8
2026-08-19T00:00:00Z,A-(401호 회로창고 1),22.0,51.7
2026-08-19T00:00:00Z,B-(401호 회로창고 2),22.9,52.9
2026-08-19T00:00:00Z,C-(402호 수입검사),23.1,57.8
2026-08-19T00:00:00Z,D-(406호 기구창고),23.7,58.8
2026-08-19T00:00:00Z,E-(408호 OQC),21.6,61.4
2026-08-19T00:00:00Z,F-(807호 생산 Line),22.5,56.8
2026-08-19T00:00:00Z,G-(401호 기구창고),20.6,60.6
2026-08-19T01:00:00Z,A-(401호 회로창고 1),22.1,52.2
2026-08-19T01:00:00Z,B-(401호 회로창고 2),22.9,50.1
2026-08-19T01:00:00Z,C-(402호 수입검사),22.6,57.4
2026-08-19T01:00:00Z,D-(406호 기구창고),23.5,58.2
2026-08-19T01:00:00Z,E-(408호 OQC),21.3,59.6
2026-08-19T01:00:00Z,F-(807호 생산 Line),22.6,57.3
2026-08-19T01:00:00Z,G-(401호 기구창고),19.6,61.6
2026-08-19T02:00:00Z,A-(401호 회로창고 1),22.0,51.7
2026-08-19T02:00:00Z,B-(401호 회로창고 2),23.0,49.1
2026-08-19T02:00:00Z,C-(402호 수입검사),23.0,64.0
2026-08-19T02:00:00Z,D-(406호 기구창고),23.4,56.9
2026-08-19T02:00:00Z,E-(408호 OQC),21.7,64.7
2026-08-19T02:00:00Z,F-(807호 생산 Line),22.7,59.8
2026-08-19T02:00:00Z,G-(401호 기구창고),19.5,63.7
2026-08-19T03:00:00Z,A-(401호 회로창고 1),22.2,54.8
2026-08-19T03:00:00Z,B-(401호 회로창고 2),23.1,52.1
2026-08-19T03:00:00Z,C-(402호 수입검사),23.1,64.0
2026-08-19T03:00:00Z,D-(406호 기구창고),23.2,56.7
2026-08-19T03:00:00Z,E-(408호 OQC),21.5,62.9
2026-08-19T03:00:00Z,F-(807호 생산 Line),22.7,58.5
2026-08-19T03:00:00Z,G-(401호 기구창고),19.5,68.2
2026-08-19T04:00:00Z,A-(401호 회로창고 1),22.3,56.5
2026-08-19T04:00:00Z,B-(401호 회로창고 2),23.1,50.0
2026-08-19T04:00:00Z,C-(402호 수입검사),25.5,56.6
2026-08-19T04:00:00Z,D-(406호 기구창고),22.9,56.0
2026-08-19T04:00:00Z,E-(408호 OQC),21.4,62.7
2026-08-19T04:00:00Z,F-(807호 생산 Line),22.7,58.3
2026-08-19T04:00:00Z,G-(401호 기구창고),19.6,71.3
2026-08-19T05:00:00Z,A-(401호 회로창고 1),22.0,52.5
2026-08-19T05:00:00Z,B-(401호 회로창고 2),23.0,49.2
2026-08-19T05:00:00Z,C-(402호 수입검사),24.0,60.7
2026-08-19T05:00:00Z,D-(406호 기구창고),23.8,63.4
2026-08-19T05:00:00Z,E-(408호 OQC),21.8,66.8
2026-08-19T05:00:00Z,F-(807호 생산 Line),22.7,59.0
2026-08-19T05:00:00Z,G-(401호 기구창고),19.5,70.2
2026-08-19T06:00:00Z,A-(401호 회로창고 1),22.1,52.9
2026-08-19T06:00:00Z,B-(401호 회로창고 2),23.0,49.2
2026-08-19T06:00:00Z,C-(402호 수입검사),23.4,60.3
2026-08-19T06:00:00Z,D-(406호 기구창고),23.3,58.4
2026-08-19T06:00:00Z,E-(408호 OQC),21.9,69.5
2026-08-19T06:00:00Z,F-(807호 생산 Line),22.8,59.2
2026-08-19T06:00:00Z,G-(401호 기구창고),19.5,68.4
2026-08-19T07:00:00Z,A-(401호 회로창고 1),22.0,52.8
2026-08-19T07:00:00Z,B-(401호 회로창고 2),23.0,49.0
2026-08-19T07:00:00Z,C-(402호 수입검사),23.2,61.1
2026-08-19T07:00:00Z,D-(406호 기구창고),22.8,57.0
2026-08-19T07:00:00Z,E-(408호 OQC),21.4,65.0
2026-08-19T07:00:00Z,F-(807호 생산 Line),22.8,59.4
2026-08-19T07:00:00Z,G-(401호 기구창고),21.0,70.8
2026-08-19T08:00:00Z,A-(401호 회로창고 1),22.2,59.2
2026-08-19T08:00:00Z,B-(401호 회로창고 2),23.1,50.7
2026-08-19T08:00:00Z,C-(402호 수입검사),23.5,64.9
2026-08-19T08:00:00Z,D-(406호 기구창고),22.6,56.4
2026-08-19T08:00:00Z,E-(408호 OQC),21.3,65.0
2026-08-19T08:00:00Z,F-(807호 생산 Line),23.0,62.7
2026-08-19T08:00:00Z,G-(401호 기구창고),19.7,73.9
2026-08-19T09:00:00Z,A-(401호 회로창고 1),22.0,54.3
2026-08-19T09:00:00Z,B-(401호 회로창고 2),22.7,49.2
2026-08-19T10:00:00Z,A-(401호 회로창고 1),22.0,52.9
2026-08-19T10:00:00Z,B-(401호 회로창고 2),22.6,51.2
2026-08-19T11:00:00Z,A-(401호 회로창고 1),21.9,51.3
2026-08-19T11:00:00Z,B-(401호 회로창고 2),22.6,52.6
2026-08-19T12:00:00Z,A-(401호 회로창고 1),22.1,51.9
2026-08-19T12:00:00Z,B-(401호 회로창고 2),22.5,50.6
2026-08-19T13:00:00Z,A-(401호 회로창고 1),22.3,59.4
2026-08-19T13:00:00Z,B-(401호 회로창고 2),22.6,53.1
2026-08-19T14:00:00Z,A-(401호 회로창고 1),22.0,51.4
2026-08-19T14:00:00Z,B-(401호 회로창고 2),22.5,52.7
2026-08-19T15:00:00Z,A-(401호 회로창고 1),22.1,52.1
2026-08-19T15:00:00Z,B-(401호 회로창고 2),22.5,51.2
2026-08-19T16:00:00Z,A-(401호 회로창고 1),22.3,58.3
2026-08-19T16:00:00Z,B-(401호 회로창고 2),22.5,53.3
2026-08-19T17:00:00Z,A-(401호 회로창고 1),22.1,53.4
2026-08-19T17:00:00Z,B-(401호 회로창고 2),22.5,53.7
2026-08-19T18:00:00Z,A-(401호 회로창고 1),22.0,52.9
2026-08-19T18:00:00Z,B-(401호 회로창고 2),22.4,52.0
2026-08-19T19:00:00Z,A-(401호 회로창고 1),22.0,52.4
2026-08-19T19:00:00Z,B-(401호 회로창고 2),22.4,51.4
2026-08-19T20:00:00Z,A-(401호 회로창고 1),22.1,57.3
2026-08-19T20:00:00Z,B-(401호 회로창고 2),22.3,50.8
2026-08-19T21:00:00Z,A-(401호 회로창고 1),22.2,54.2
2026-08-19T21:00:00Z,B-(401호 회로창고 2),22.4,53.2
2026-08-19T22:00:00Z,A-(401호 회로창고 1),22.1,53.1
2026-08-19T22:00:00Z,B-(401호 회로창고 2),22.4,52.6
2026-08-19T23:00:00Z,A-(401호 회로창고 1),22.0,52.3
2026-08-19T23:00:00Z,B-(401호 회로창고 2),22.3,51.6
2026-08-20T00:00:00Z,A-(401호 회로창고 1),22.2,58.4
2026-08-20T00:00:00Z,B-(401호 회로창고 2),22.6,52.9
2026-08-20T00:00:00Z,C-(402호 수입검사),23.7,63.6
2026-08-20T00:00:00Z,D-(406호 기구창고),23.0,57.8
2026-08-20T00:00:00Z,E-(408호 OQC),21.4,60.6
2026-08-20T00:00:00Z,F-(807호 생산 Line),22.3,58.7
2026-08-20T00:00:00Z,G-(401호 기구창고),20.0,60.9
2026-08-20T01:00:00Z,A-(401호 회로창고 1),22.0,51.4
2026-08-20T01:00:00Z,B-(401호 회로창고 2),22.7,49.6
2026-08-20T01:00:00Z,C-(402호 수입검사),23.4,64.6
2026-08-20T01:00:00Z,D-(406호 기구창고),22.7,57.4
2026-08-20T01:00:00Z,E-(408호 OQC),21.2,60.4
2026-08-20T01:00:00Z,F-(807호 생산 Line),22.3,57.0
2026-08-20T01:00:00Z,G-(401호 기구창고),19.7,66.4
2026-08-20T02:00:00Z,A-(401호 회로창고 1),22.4,57.4
2026-08-20T02:00:00Z,B-(401호 회로창고 2),22.6,51.4
2026-08-20T02:00:00Z,C-(402호 수입검사),23.3,66.2
2026-08-20T02:00:00Z,D-(406호 기구창고),22.5,57.7
2026-08-20T02:00:00Z,E-(408호 OQC),21.0,59.1
2026-08-20T02:00:00Z,F-(807호 생산 Line),22.3,59.0
2026-08-20T02:00:00Z,G-(401호 기구창고),20.1,76.6
2026-08-20T03:00:00Z,A-(401호 회로창고 1),22.2,51.2
2026-08-20T03:00:00Z,B-(401호 회로창고 2),22.6,49.7
2026-08-20T03:00:00Z,C-(402호 수입검사),23.1,67.9
2026-08-20T03:00:00Z,D-(406호 기구창고),22.4,56.9
2026-08-20T03:00:00Z,E-(408호 OQC),20.9,60.7
2026-08-20T03:00:00Z,F-(807호 생산 Line),22.4,59.8
2026-08-20T03:00:00Z,G-(401호 기구창고),19.7,76.9
2026-08-20T04:00:00Z,A-(401호 회로창고 1),22.3,51.0
2026-08-20T04:00:00Z,B-(401호 회로창고 2),22.7,52.2
2026-08-20T04:00:00Z,C-(402호 수입검사),25.0,62.2
2026-08-20T04:00:00Z,D-(406호 기구창고),22.1,56.5
2026-08-20T04:00:00Z,E-(408호 OQC),22.0,83.2
2026-08-20T04:00:00Z,F-(807호 생산 Line),22.4,59.8
2026-08-20T04:00:00Z,G-(401호 기구창고),19.5,70.0
2026-08-20T05:00:00Z,A-(401호 회로창고 1),21.9,52.5
2026-08-20T05:00:00Z,B-(401호 회로창고 2),22.5,50.3
2026-08-20T05:00:00Z,C-(402호 수입검사),23.8,66.1
2026-08-20T05:00:00Z,D-(406호 기구창고),22.7,60.1
2026-08-20T05:00:00Z,E-(408호 OQC),21.6,72.1
2026-08-20T05:00:00Z,F-(807호 생산 Line),22.3,59.7
2026-08-20T05:00:00Z,G-(401호 기구창고),19.6,72.1
2026-08-20T06:00:00Z,A-(401호 회로창고 1),22.2,52.3
2026-08-20T06:00:00Z,B-(401호 회로창고 2),22.7,51.2
2026-08-20T06:00:00Z,C-(402호 수입검사),23.4,67.5
2026-08-20T06:00:00Z,D-(406호 기구창고),22.5,59.2
2026-08-20T06:00:00Z,E-(408호 OQC),21.1,69.6
2026-08-20T06:00:00Z,F-(807호 생산 Line),22.4,61.1
2026-08-20T06:00:00Z,G-(401호 기구창고),19.6,75.7
2026-08-20T07:00:00Z,A-(401호 회로창고 1),22.3,52.1
2026-08-20T07:00:00Z,B-(401호 회로창고 2),22.7,52.6
2026-08-20T07:00:00Z,C-(402호 수입검사),23.3,67.0
2026-08-20T07:00:00Z,D-(406호 기구창고),22.1,57.7
2026-08-20T07:00:00Z,E-(408호 OQC),20.8,64.7
2026-08-20T07:00:00Z,F-(807호 생산 Line),22.4,61.0
2026-08-20T07:00:00Z,G-(401호 기구창고),21.5,80.5
2026-08-20T08:00:00Z,A-(401호 회로창고 1),21.9,52.7
2026-08-20T08:00:00Z,B-(401호 회로창고 2),22.6,50.7
2026-08-20T08:00:00Z,C-(402호 수입검사),23.5,70.1
2026-08-20T08:00:00Z,D-(406호 기구창고),22.3,60.7
2026-08-20T08:00:00Z,E-(408호 OQC),20.8,63.0
2026-08-20T08:00:00Z,F-(807호 생산 Line),22.6,62.7
2026-08-20T08:00:00Z,G-(401호 기구창고),20.0,80.2
2026-08-20T09:00:00Z,A-(401호 회로창고 1),22.1,52.7
2026-08-20T09:00:00Z,B-(401호 회로창고 2),22.4,51.7
2026-08-20T10:00:00Z,A-(401호 회로창고 1),21.8,52.9
2026-08-20T10:00:00Z,B-(401호 회로창고 2),22.2,51.5
2026-08-20T11:00:00Z,A-(401호 회로창고 1),22.0,52.4
2026-08-20T11:00:00Z,B-(401호 회로창고 2),22.1,51.7
2026-08-20T12:00:00Z,A-(401호 회로창고 1),22.0,52.2
2026-08-20T12:00:00Z,B-(401호 회로창고 2),22.1,51.8
2026-08-20T13:00:00Z,A-(401호 회로창고 1),22.0,52.3
2026-08-20T13:00:00Z,B-(401호 회로창고 2),22.1,51.9
2026-08-20T14:00:00Z,A-(401호 회로창고 1),21.9,53.1
2026-08-20T14:00:00Z,B-(401호 회로창고 2),22.0,51.4
2026-08-20T15:00:00Z,A-(401호 회로창고 1),22.0,55.6
2026-08-20T15:00:00Z,B-(401호 회로창고 2),22.0,51.6
2026-08-20T16:00:00Z,A-(401호 회로창고 1),22.0,57.0
2026-08-20T16:00:00Z,B-(401호 회로창고 2),22.0,54.4
2026-08-20T17:00:00Z,A-(401호 회로창고 1),22.0,57.7
2026-08-20T17:00:00Z,B-(401호 회로창고 2),22.0,55.6
2026-08-20T18:00:00Z,A-(401호 회로창고 1),22.2,58.6
2026-08-20T18:00:00Z,B-(401호 회로창고 2),22.0,56.3
2026-08-20T19:00:00Z,A-(401호 회로창고 1),22.2,59.7
2026-08-20T19:00:00Z,B-(401호 회로창고 2),22.0,55.1
2026-08-20T20:00:00Z,A-(401호 회로창고 1),22.3,56.9
2026-08-20T20:00:00Z,B-(401호 회로창고 2),22.0,55.8
2026-08-20T21:00:00Z,A-(401호 회로창고 1),22.3,56.7
2026-08-20T21:00:00Z,B-(401호 회로창고 2),22.1,55.8
2026-08-20T22:00:00Z,A-(401호 회로창고 1),22.1,54.4
2026-08-20T22:00:00Z,B-(401호 회로창고 2),22.0,54.1
2026-08-20T23:00:00Z,A-(401호 회로창고 1),21.9,54.2
2026-08-20T23:00:00Z,B-(401호 회로창고 2),22.0,53.4
2026-08-21T00:00:00Z,A-(401호 회로창고 1),22.2,53.6
2026-08-21T00:00:00Z,B-(401호 회로창고 2),22.2,53.2
2026-08-21T00:00:00Z,C-(402호 수입검사),23.5,67.0
2026-08-21T00:00:00Z,D-(406호 기구창고),21.4,60.4
2026-08-21T00:00:00Z,E-(408호 OQC),21.7,69.1
2026-08-21T00:00:00Z,F-(807호 생산 Line),22.1,59.5
2026-08-21T00:00:00Z,G-(401호 기구창고),20.2,69.3
2026-08-21T01:00:00Z,A-(401호 회로창고 1),22.2,54.5
2026-08-21T01:00:00Z,B-(401호 회로창고 2),22.3,53.6
2026-08-21T01:00:00Z,C-(402호 수입검사),23.4,69.3
2026-08-21T01:00:00Z,D-(406호 기구창고),21.4,62.7
2026-08-21T01:00:00Z,E-(408호 OQC),20.9,62.7
2026-08-21T01:00:00Z,F-(807호 생산 Line),22.2,58.7
2026-08-21T01:00:00Z,G-(401호 기구창고),19.5,67.7
2026-08-21T02:00:00Z,A-(401호 회로창고 1),22.2,53.6
2026-08-21T02:00:00Z,B-(401호 회로창고 2),22.4,53.0
2026-08-21T02:00:00Z,C-(402호 수입검사),23.5,74.0
2026-08-21T02:00:00Z,D-(406호 기구창고),21.9,72.5
2026-08-21T02:00:00Z,E-(408호 OQC),21.3,69.8
2026-08-21T02:00:00Z,F-(807호 생산 Line),22.2,58.5
2026-08-21T02:00:00Z,G-(401호 기구창고),19.4,74.4
2026-08-21T03:00:00Z,A-(401호 회로창고 1),22.2,57.8
2026-08-21T03:00:00Z,B-(401호 회로창고 2),22.5,53.1
2026-08-21T03:00:00Z,C-(402호 수입검사),23.3,72.8
2026-08-21T03:00:00Z,D-(406호 기구창고),21.8,65.5
2026-08-21T03:00:00Z,E-(408호 OQC),21.8,78.3
2026-08-21T03:00:00Z,F-(807호 생산 Line),22.1,57.2
2026-08-21T03:00:00Z,G-(401호 기구창고),19.1,68.2
2026-08-21T04:00:00Z,A-(401호 회로창고 1),22.2,51.6
2026-08-21T04:00:00Z,B-(401호 회로창고 2),22.5,50.5
2026-08-21T04:00:00Z,C-(402호 수입검사),24.1,74.6
2026-08-21T04:00:00Z,D-(406호 기구창고),21.1,63.9
2026-08-21T04:00:00Z,E-(408호 OQC),22.1,79.4
2026-08-21T04:00:00Z,F-(807호 생산 Line),21.9,57.2
2026-08-21T04:00:00Z,G-(401호 기구창고),19.0,69.7
2026-08-21T05:00:00Z,A-(401호 회로창고 1),22.1,51.4
2026-08-21T05:00:00Z,B-(401호 회로창고 2),22.6,54.5
2026-08-21T05:00:00Z,C-(402호 수입검사),23.2,71.0
2026-08-21T05:00:00Z,D-(406호 기구창고),20.9,63.5
2026-08-21T05:00:00Z,E-(408호 OQC),22.0,74.1
2026-08-21T05:00:00Z,F-(807호 생산 Line),21.8,57.8
2026-08-21T05:00:00Z,G-(401호 기구창고),19.0,80.5
2026-08-21T06:00:00Z,A-(401호 회로창고 1),22.3,53.3
2026-08-21T06:00:00Z,B-(401호 회로창고 2),22.7,51.4
2026-08-21T06:00:00Z,C-(402호 수입검사),23.1,71.0
2026-08-21T06:00:00Z,D-(406호 기구창고),21.1,63.9
2026-08-21T06:00:00Z,E-(408호 OQC),21.9,73.8
2026-08-21T06:00:00Z,F-(807호 생산 Line),21.8,58.6
2026-08-21T06:00:00Z,G-(401호 기구창고),25.4,100.0
2026-08-21T07:00:00Z,A-(401호 회로창고 1),22.4,56.7
2026-08-21T07:00:00Z,B-(401호 회로창고 2),22.7,52.3
2026-08-21T07:00:00Z,C-(402호 수입검사),23.0,70.6
2026-08-21T07:00:00Z,D-(406호 기구창고),20.9,63.1
2026-08-21T07:00:00Z,E-(408호 OQC),21.9,73.7
2026-08-21T07:00:00Z,F-(807호 생산 Line),21.9,59.4
2026-08-21T07:00:00Z,G-(401호 기구창고),20.8,77.7
2026-08-21T08:00:00Z,A-(401호 회로창고 1),22.1,51.2
2026-08-21T08:00:00Z,B-(401호 회로창고 2),22.6,49.7
2026-08-21T08:00:00Z,C-(402호 수입검사),23.5,71.5
2026-08-21T08:00:00Z,D-(406호 기구창고),20.8,62.3
2026-08-21T08:00:00Z,E-(408호 OQC),21.7,83.5
2026-08-21T08:00:00Z,F-(807호 생산 Line),22.0,61.6
2026-08-21T08:00:00Z,G-(401호 기구창고),19.7,83.9
2026-08-21T09:00:00Z,A-(401호 회로창고 1),22.4,56.4
2026-08-21T09:00:00Z,B-(401호 회로창고 2),22.6,52.3
2026-08-21T10:00:00Z,A-(401호 회로창고 1),22.1,51.4
2026-08-21T10:00:00Z,B-(401호 회로창고 2),22.4,53.2
2026-08-21T11:00:00Z,A-(401호 회로창고 1),22.2,52.0
2026-08-21T11:00:00Z,B-(401호 회로창고 2),22.3,51.8
2026-08-21T12:00:00Z,A-(401호 회로창고 1),22.4,56.6
2026-08-21T12:00:00Z,B-(401호 회로창고 2),22.4,55.0
2026-08-21T13:00:00Z,A-(401호 회로창고 1),22.1,51.4
2026-08-21T13:00:00Z,B-(401호 회로창고 2),22.3,51.1
2026-08-21T14:00:00Z,A-(401호 회로창고 1),22.4,57.7
2026-08-21T14:00:00Z,B-(401호 회로창고 2),22.3,55.5
2026-08-21T15:00:00Z,A-(401호 회로창고 1),22.2,55.0
2026-08-21T15:00:00Z,B-(401호 회로창고 2),22.2,52.4
2026-08-21T16:00:00Z,A-(401호 회로창고 1),22.2,52.2
2026-08-21T16:00:00Z,B-(401호 회로창고 2),22.3,52.0
2026-08-21T17:00:00Z,A-(401호 회로창고 1),22.1,54.6
2026-08-21T17:00:00Z,B-(401호 회로창고 2),22.2,53.2
2026-08-21T18:00:00Z,A-(401호 회로창고 1),22.1,51.0
2026-08-21T18:00:00Z,B-(401호 회로창고 2),22.2,50.9
2026-08-21T19:00:00Z,A-(401호 회로창고 1),22.4,55.7
2026-08-21T19:00:00Z,B-(401호 회로창고 2),22.3,55.2
2026-08-21T20:00:00Z,A-(401호 회로창고 1),22.1,51.2
2026-08-21T20:00:00Z,B-(401호 회로창고 2),22.2,54.2
2026-08-21T21:00:00Z,A-(401호 회로창고 1),22.2,52.1
2026-08-21T21:00:00Z,B-(401호 회로창고 2),22.2,52.2
2026-08-21T22:00:00Z,A-(401호 회로창고 1),22.2,53.8
2026-08-21T22:00:00Z,B-(401호 회로창고 2),22.3,54.8
2026-08-21T23:00:00Z,A-(401호 회로창고 1),22.3,59.0
2026-08-21T23:00:00Z,B-(401호 회로창고 2),22.2,56.7
2026-08-22T00:00:00Z,A-(401호 회로창고 1),22.0,51.1
2026-08-22T00:00:00Z,B-(401호 회로창고 2),22.1,50.7
2026-08-22T01:00:00Z,A-(401호 회로창고 1),22.3,55.2
2026-08-22T01:00:00Z,B-(401호 회로창고 2),22.2,52.5
2026-08-22T02:00:00Z,A-(401호 회로창고 1),22.1,51.5
2026-08-22T02:00:00Z,B-(401호 회로창고 2),22.2,53.6
2026-08-22T03:00:00Z,A-(401호 회로창고 1),22.2,52.6
2026-08-22T03:00:00Z,B-(401호 회로창고 2),22.3,52.1
2026-08-22T04:00:00Z,A-(401호 회로창고 1),22.1,51.7
2026-08-22T04:00:00Z,B-(401호 회로창고 2),22.4,54.8
2026-08-22T05:00:00Z,A-(401호 회로창고 1),22.2,52.4
2026-08-22T05:00:00Z,B-(401호 회로창고 2),22.4,51.7
2026-08-22T06:00:00Z,A-(401호 회로창고 1),22.3,55.7
2026-08-22T06:00:00Z,B-(401호 회로창고 2),22.4,54.5
2026-08-22T07:00:00Z,A-(401호 회로창고 1),22.1,51.2
2026-08-22T07:00:00Z,B-(401호 회로창고 2),22.2,50.5
2026-08-22T08:00:00Z,A-(401호 회로창고 1),22.1,52.4
2026-08-22T08:00:00Z,B-(401호 회로창고 2),22.2,52.1
2026-08-22T09:00:00Z,A-(401호 회로창고 1),22.2,56.7
2026-08-22T09:00:00Z,B-(401호 회로창고 2),22.2,51.3
2026-08-22T10:00:00Z,A-(401호 회로창고 1),22.3,57.5
2026-08-22T10:00:00Z,B-(401호 회로창고 2),22.2,55.9
2026-08-22T11:00:00Z,A-(401호 회로창고 1),22.2,53.7
2026-08-22T11:00:00Z,B-(401호 회로창고 2),22.2,53.8
2026-08-22T12:00:00Z,A-(401호 회로창고 1),22.1,52.5
2026-08-22T12:00:00Z,B-(401호 회로창고 2),22.2,52.7
2026-08-22T13:00:00Z,A-(401호 회로창고 1),22.2,56.0
2026-08-22T13:00:00Z,B-(401호 회로창고 2),22.1,51.7
2026-08-22T14:00:00Z,A-(401호 회로창고 1),22.3,58.2
2026-08-22T14:00:00Z,B-(401호 회로창고 2),22.2,56.0
2026-08-22T15:00:00Z,A-(401호 회로창고 1),22.2,52.7
2026-08-22T15:00:00Z,B-(401호 회로창고 2),22.1,53.3
2026-08-22T16:00:00Z,A-(401호 회로창고 1),22.1,51.8
2026-08-22T16:00:00Z,B-(401호 회로창고 2),22.1,52.1
2026-08-22T17:00:00Z,A-(401호 회로창고 1),22.2,57.1
2026-08-22T17:00:00Z,B-(401호 회로창고 2),22.1,55.6
2026-08-22T18:00:00Z,A-(401호 회로창고 1),22.3,54.9
2026-08-22T18:00:00Z,B-(401호 회로창고 2),22.2,54.6
2026-08-22T19:00:00Z,A-(401호 회로창고 1),22.1,52.8
2026-08-22T19:00:00Z,B-(401호 회로창고 2),22.1,53.4
2026-08-22T20:00:00Z,A-(401호 회로창고 1),22.1,51.8
2026-08-22T20:00:00Z,B-(401호 회로창고 2),22.1,52.2
2026-08-22T21:00:00Z,A-(401호 회로창고 1),22.2,55.6
2026-08-22T21:00:00Z,B-(401호 회로창고 2),22.1,52.3
2026-08-22T22:00:00Z,A-(401호 회로창고 1),22.1,56.7
2026-08-22T22:00:00Z,B-(401호 회로창고 2),22.1,55.5
2026-08-22T23:00:00Z,A-(401호 회로창고 1),22.3,56.4
2026-08-22T23:00:00Z,B-(401호 회로창고 2),22.1,55.3
2026-08-23T00:00:00Z,A-(401호 회로창고 1),22.0,54.6
2026-08-23T00:00:00Z,B-(401호 회로창고 2),22.1,53.8
2026-08-23T01:00:00Z,A-(401호 회로창고 1),22.1,52.9
2026-08-23T01:00:00Z,B-(401호 회로창고 2),22.3,52.7
2026-08-23T02:00:00Z,A-(401호 회로창고 1),22.1,52.6
2026-08-23T02:00:00Z,B-(401호 회로창고 2),22.3,50.8
2026-08-23T03:00:00Z,A-(401호 회로창고 1),22.2,57.2
2026-08-23T03:00:00Z,B-(401호 회로창고 2),22.5,52.3
2026-08-23T04:00:00Z,A-(401호 회로창고 1),22.1,52.6
2026-08-23T04:00:00Z,B-(401호 회로창고 2),22.5,50.9
2026-08-23T05:00:00Z,A-(401호 회로창고 1),22.2,54.2
2026-08-23T05:00:00Z,B-(401호 회로창고 2),22.6,52.5
2026-08-23T06:00:00Z,A-(401호 회로창고 1),22.1,51.8
2026-08-23T06:00:00Z,B-(401호 회로창고 2),22.5,50.0
2026-08-23T07:00:00Z,A-(401호 회로창고 1),22.3,58.2
2026-08-23T07:00:00Z,B-(401호 회로창고 2),22.6,50.2
2026-08-23T08:00:00Z,A-(401호 회로창고 1),22.3,58.1
2026-08-23T08:00:00Z,B-(401호 회로창고 2),22.6,50.4
2026-08-23T09:00:00Z,A-(401호 회로창고 1),22.2,58.1
2026-08-23T09:00:00Z,B-(401호 회로창고 2),22.6,50.7
2026-08-23T10:00:00Z,A-(401호 회로창고 1),22.3,59.0
2026-08-23T10:00:00Z,B-(401호 회로창고 2),22.5,50.9
2026-08-23T11:00:00Z,A-(401호 회로창고 1),22.1,52.1
2026-08-23T11:00:00Z,B-(401호 회로창고 2),22.4,50.7
2026-08-23T12:00:00Z,A-(401호 회로창고 1),22.3,57.5
2026-08-23T12:00:00Z,B-(401호 회로창고 2),22.5,53.0
2026-08-23T13:00:00Z,A-(401호 회로창고 1),22.1,51.6
2026-08-23T13:00:00Z,B-(401호 회로창고 2),22.4,50.6
2026-08-23T14:00:00Z,A-(401호 회로창고 1),22.4,58.7
2026-08-23T14:00:00Z,B-(401호 회로창고 2),22.4,53.1
2026-08-23T15:00:00Z,A-(401호 회로창고 1),22.1,52.8
2026-08-23T15:00:00Z,B-(401호 회로창고 2),22.3,50.3
2026-08-23T16:00:00Z,A-(401호 회로창고 1),22.2,52.3
2026-08-23T16:00:00Z,B-(401호 회로창고 2),22.4,51.8
2026-08-23T17:00:00Z,A-(401호 회로창고 1),22.1,53.6
2026-08-23T17:00:00Z,B-(401호 회로창고 2),22.4,54.3
2026-08-23T18:00:00Z,A-(401호 회로창고 1),22.1,51.3
2026-08-23T18:00:00Z,B-(401호 회로창고 2),22.3,50.8
2026-08-23T19:00:00Z,A-(401호 회로창고 1),22.4,59.2
2026-08-23T19:00:00Z,B-(401호 회로창고 2),22.4,53.6
2026-08-23T20:00:00Z,A-(401호 회로창고 1),22.1,53.5
2026-08-23T20:00:00Z,B-(401호 회로창고 2),22.3,51.4
2026-08-23T21:00:00Z,A-(401호 회로창고 1),22.2,51.9
2026-08-23T21:00:00Z,B-(401호 회로창고 2),22.3,51.4
2026-08-23T22:00:00Z,A-(401호 회로창고 1),22.4,55.5
2026-08-23T22:00:00Z,B-(401호 회로창고 2),22.4,54.6
2026-08-23T23:00:00Z,A-(401호 회로창고 1),22.1,51.2
2026-08-23T23:00:00Z,B-(401호 회로창고 2),22.3,50.5
2026-08-24T00:00:00Z,A-(401호 회로창고 1),22.3,54.4
2026-08-24T00:00:00Z,B-(401호 회로창고 2),22.4,53.8
2026-08-24T00:00:00Z,C-(402호 수입검사),23.3,63.8
2026-08-24T00:00:00Z,D-(406호 기구창고),24.8,66.9
2026-08-24T00:00:00Z,E-(408호 OQC),22.3,75.2
2026-08-24T00:00:00Z,F-(807호 생산 Line),23.0,59.5
2026-08-24T00:00:00Z,G-(401호 기구창고),20.5,70.9
2026-08-24T01:00:00Z,A-(401호 회로창고 1),22.3,54.0
2026-08-24T01:00:00Z,B-(401호 회로창고 2),22.7,52.7
2026-08-24T01:00:00Z,C-(402호 수입검사),23.2,66.8
2026-08-24T01:00:00Z,D-(406호 기구창고),24.7,59.9
2026-08-24T01:00:00Z,E-(408호 OQC),21.8,68.0
2026-08-24T01:00:00Z,F-(807호 생산 Line),23.0,59.1
2026-08-24T01:00:00Z,G-(401호 기구창고),19.9,67.2
2026-08-24T02:00:00Z,A-(401호 회로창고 1),22.2,52.4
2026-08-24T02:00:00Z,B-(401호 회로창고 2),22.9,51.6
2026-08-24T02:00:00Z,C-(402호 수입검사),23.0,64.4
2026-08-24T02:00:00Z,D-(406호 기구창고),24.7,63.6
2026-08-24T02:00:00Z,E-(408호 OQC),21.7,66.5
2026-08-24T02:00:00Z,F-(807호 생산 Line),24.3,58.5
2026-08-24T02:00:00Z,G-(401호 기구창고),19.8,70.3
2026-08-24T03:00:00Z,A-(401호 회로창고 1),22.2,52.2
2026-08-24T03:00:00Z,B-(401호 회로창고 2),23.0,49.6
2026-08-24T03:00:00Z,C-(402호 수입검사),22.9,66.0
2026-08-24T03:00:00Z,D-(406호 기구창고),23.7,60.5
2026-08-24T03:00:00Z,E-(408호 OQC),22.0,75.6
2026-08-24T03:00:00Z,F-(807호 생산 Line),25.0,56.7
2026-08-24T03:00:00Z,G-(401호 기구창고),19.8,70.1
2026-08-24T04:00:00Z,A-(401호 회로창고 1),22.2,52.6
2026-08-24T04:00:00Z,B-(401호 회로창고 2),23.1,52.9
2026-08-24T04:00:00Z,C-(402호 수입검사),24.4,57.0
2026-08-24T04:00:00Z,D-(406호 기구창고),23.3,58.8
2026-08-24T04:00:00Z,E-(408호 OQC),22.8,76.1
2026-08-24T04:00:00Z,F-(807호 생산 Line),25.1,56.0
2026-08-24T04:00:00Z,G-(401호 기구창고),19.7,72.8
2026-08-24T05:00:00Z,A-(401호 회로창고 1),22.3,52.2
2026-08-24T05:00:00Z,B-(401호 회로창고 2),23.0,49.5
2026-08-24T05:00:00Z,C-(402호 수입검사),23.3,62.4
2026-08-24T05:00:00Z,D-(406호 기구창고),24.7,61.7
2026-08-24T05:00:00Z,E-(408호 OQC),21.2,70.4
2026-08-24T05:00:00Z,F-(807호 생산 Line),25.2,55.9
2026-08-24T05:00:00Z,G-(401호 기구창고),19.7,70.8
2026-08-24T06:00:00Z,A-(401호 회로창고 1),22.2,52.7
2026-08-24T06:00:00Z,B-(401호 회로창고 2),23.0,49.7
2026-08-24T06:00:00Z,C-(402호 수입검사),23.1,64.6
2026-08-24T06:00:00Z,D-(406호 기구창고),24.7,58.9
2026-08-24T06:00:00Z,E-(408호 OQC),21.2,70.6
2026-08-24T06:00:00Z,F-(807호 생산 Line),25.3,56.8
2026-08-24T06:00:00Z,G-(401호 기구창고),19.7,76.2
2026-08-24T07:00:00Z,A-(401호 회로창고 1),22.2,53.2
2026-08-24T07:00:00Z,B-(401호 회로창고 2),23.0,49.9
2026-08-24T07:00:00Z,C-(402호 수입검사),22.9,65.3
2026-08-24T07:00:00Z,D-(406호 기구창고),24.8,61.0
2026-08-24T07:00:00Z,E-(408호 OQC),21.1,69.9
2026-08-24T07:00:00Z,F-(807호 생산 Line),25.3,57.7
2026-08-24T07:00:00Z,G-(401호 기구창고),19.5,72.3
2026-08-24T08:00:00Z,A-(401호 회로창고 1),22.2,52.0
2026-08-24T08:00:00Z,B-(401호 회로창고 2),23.0,49.3
2026-08-24T08:00:00Z,C-(402호 수입검사),23.1,68.1
2026-08-24T08:00:00Z,D-(406호 기구창고),24.3,57.5
2026-08-24T08:00:00Z,E-(408호 OQC),21.2,72.7
2026-08-24T08:00:00Z,F-(807호 생산 Line),25.4,58.1
2026-08-24T08:00:00Z,G-(401호 기구창고),19.7,76.7
2026-08-24T09:00:00Z,A-(401호 회로창고 1),22.1,52.3
2026-08-24T09:00:00Z,B-(401호 회로창고 2),22.7,49.8
2026-08-24T10:00:00Z,A-(401호 회로창고 1),22.4,55.1
2026-08-24T10:00:00Z,B-(401호 회로창고 2),22.7,51.5
2026-08-24T11:00:00Z,A-(401호 회로창고 1),22.1,51.7
2026-08-24T11:00:00Z,B-(401호 회로창고 2),22.5,51.1
2026-08-24T12:00:00Z,A-(401호 회로창고 1),22.2,52.7
2026-08-24T12:00:00Z,B-(401호 회로창고 2),22.5,51.6
2026-08-24T13:00:00Z,A-(401호 회로창고 1),22.1,51.5
2026-08-24T13:00:00Z,B-(401호 회로창고 2),22.4,50.4
2026-08-24T14:00:00Z,A-(401호 회로창고 1),22.2,51.9
2026-08-24T14:00:00Z,B-(401호 회로창고 2),22.5,51.1
2026-08-24T15:00:00Z,A-(401호 회로창고 1),22.4,55.4
2026-08-24T15:00:00Z,B-(401호 회로창고 2),22.5,53.9
2026-08-24T16:00:00Z,A-(401호 회로창고 1),22.1,50.8
2026-08-24T16:00:00Z,B-(401호 회로창고 2),22.4,50.1
2026-08-24T17:00:00Z,A-(401호 회로창고 1),22.2,53.0
2026-08-24T17:00:00Z,B-(401호 회로창고 2),22.4,52.2
2026-08-24T18:00:00Z,A-(401호 회로창고 1),22.1,51.3
2026-08-24T18:00:00Z,B-(401호 회로창고 2),22.4,53.0
2026-08-24T19:00:00Z,A-(401호 회로창고 1),22.2,51.9
2026-08-24T19:00:00Z,B-(401호 회로창고 2),22.4,51.1
2026-08-24T20:00:00Z,A-(401호 회로창고 1),22.3,55.1
2026-08-24T20:00:00Z,B-(401호 회로창고 2),22.5,53.6
2026-08-24T21:00:00Z,A-(401호 회로창고 1),22.1,51.5
2026-08-24T21:00:00Z,B-(401호 회로창고 2),22.4,50.5
2026-08-24T22:00:00Z,A-(401호 회로창고 1),22.4,57.1
2026-08-24T22:00:00Z,B-(401호 회로창고 2),22.4,52.9
2026-08-24T23:00:00Z,A-(401호 회로창고 1),22.2,54.8
2026-08-24T23:00:00Z,B-(401호 회로창고 2),22.3,52.6
2026-08-25T00:00:00Z,A-(401호 회로창고 1),22.5,58.1
2026-08-25T00:00:00Z,B-(401호 회로창고 2),22.5,52.1
2026-08-25T00:00:00Z,C-(402호 수입검사),23.7,67.4
2026-08-25T00:00:00Z,D-(406호 기구창고),24.2,58.1
2026-08-25T00:00:00Z,E-(408호 OQC),21.6,73.6
2026-08-25T00:00:00Z,F-(807호 생산 Line),25.6,59.0
2026-08-25T00:00:00Z,G-(401호 기구창고),20.2,67.7
2026-08-25T01:00:00Z,A-(401호 회로창고 1),22.2,51.3
2026-08-25T01:00:00Z,B-(401호 회로창고 2),22.7,49.8
2026-08-25T01:00:00Z,C-(402호 수입검사),23.4,67.6
2026-08-25T01:00:00Z,D-(406호 기구창고),24.8,59.5
2026-08-25T01:00:00Z,E-(408호 OQC),20.7,71.8
2026-08-25T01:00:00Z,F-(807호 생산 Line),25.6,59.0
2026-08-25T01:00:00Z,G-(401호 기구창고),19.5,63.5
2026-08-25T02:00:00Z,A-(401호 회로창고 1),22.2,51.3
2026-08-25T02:00:00Z,B-(401호 회로창고 2),23.0,53.1
2026-08-25T02:00:00Z,C-(402호 수입검사),23.5,68.8
2026-08-25T02:00:00Z,D-(406호 기구창고),24.5,62.9
2026-08-25T02:00:00Z,E-(408호 OQC),20.6,73.5
2026-08-25T02:00:00Z,F-(807호 생산 Line),25.5,59.1
2026-08-25T02:00:00Z,G-(401호 기구창고),19.3,64.6
2026-08-25T03:00:00Z,A-(401호 회로창고 1),22.6,56.9
2026-08-25T03:00:00Z,B-(401호 회로창고 2),23.0,50.5
2026-08-25T03:00:00Z,C-(402호 수입검사),23.2,68.0
2026-08-25T03:00:00Z,D-(406호 기구창고),23.8,58.2
2026-08-25T03:00:00Z,E-(408호 OQC),21.9,82.0
2026-08-25T03:00:00Z,F-(807호 생산 Line),25.2,57.0
2026-08-25T03:00:00Z,G-(401호 기구창고),19.4,67.6
2026-08-25T04:00:00Z,A-(401호 회로창고 1),22.2,51.1
2026-08-25T04:00:00Z,B-(401호 회로창고 2),23.0,48.9
2026-08-25T04:00:00Z,C-(402호 수입검사),23.2,65.6
2026-08-25T04:00:00Z,D-(406호 기구창고),23.7,56.0
2026-08-25T04:00:00Z,E-(408호 OQC),21.1,77.1
2026-08-25T04:00:00Z,F-(807호 생산 Line),24.9,57.0
2026-08-25T04:00:00Z,G-(401호 기구창고),19.4,69.3
2026-08-25T05:00:00Z,A-(401호 회로창고 1),22.1,51.5
2026-08-25T05:00:00Z,B-(401호 회로창고 2),22.9,49.1
2026-08-25T05:00:00Z,C-(402호 수입검사),23.1,65.9
2026-08-25T05:00:00Z,D-(406호 기구창고),24.3,63.5
2026-08-25T05:00:00Z,E-(408호 OQC),21.1,75.7
2026-08-25T05:00:00Z,F-(807호 생산 Line),24.7,57.4
2026-08-25T05:00:00Z,G-(401호 기구창고),19.2,68.2
2026-08-25T06:00:00Z,A-(401호 회로창고 1),22.3,53.4
2026-08-25T06:00:00Z,B-(401호 회로창고 2),22.9,49.1
2026-08-25T06:00:00Z,C-(402호 수입검사),23.0,67.1
2026-08-25T06:00:00Z,D-(406호 기구창고),24.3,61.2
2026-08-25T06:00:00Z,E-(408호 OQC),21.0,76.9
2026-08-25T06:00:00Z,F-(807호 생산 Line),24.6,57.4
2026-08-25T06:00:00Z,G-(401호 기구창고),19.6,96.2
2026-08-25T07:00:00Z,A-(401호 회로창고 1),22.3,52.4
2026-08-25T07:00:00Z,B-(401호 회로창고 2),23.0,51.1
2026-08-25T07:00:00Z,C-(402호 수입검사),22.9,64.1
2026-08-25T07:00:00Z,D-(406호 기구창고),23.9,57.4
2026-08-25T07:00:00Z,E-(408호 OQC),20.9,75.7
2026-08-25T07:00:00Z,F-(807호 생산 Line),24.5,57.5
2026-08-25T07:00:00Z,G-(401호 기구창고),20.5,100.0
2026-08-25T08:00:00Z,A-(401호 회로창고 1),22.2,51.9
2026-08-25T08:00:00Z,B-(401호 회로창고 2),22.9,49.4
2026-08-25T08:00:00Z,C-(402호 수입검사),23.2,68.5
2026-08-25T08:00:00Z,D-(406호 기구창고),24.4,67.5
2026-08-25T08:00:00Z,E-(408호 OQC),21.2,77.3
2026-08-25T08:00:00Z,F-(807호 생산 Line),24.5,57.9
2026-08-25T08:00:00Z,G-(401호 기구창고),20.1,83.2
2026-08-25T09:00:00Z,A-(401호 회로창고 1),22.2,55.9
2026-08-25T09:00:00Z,B-(401호 회로창고 2),22.8,51.7
2026-08-25T10:00:00Z,A-(401호 회로창고 1),22.1,51.6
2026-08-25T10:00:00Z,B-(401호 회로창고 2),22.6,50.1
2026-08-25T11:00:00Z,A-(401호 회로창고 1),22.3,57.8
2026-08-25T11:00:00Z,B-(401호 회로창고 2),22.6,52.5
2026-08-25T12:00:00Z,A-(401호 회로창고 1),22.1,51.4
2026-08-25T12:00:00Z,B-(401호 회로창고 2),22.5,50.2
2026-08-25T13:00:00Z,A-(401호 회로창고 1),22.4,57.0
2026-08-25T13:00:00Z,B-(401호 회로창고 2),22.5,52.5
2026-08-25T14:00:00Z,A-(401호 회로창고 1),22.1,54.1
2026-08-25T14:00:00Z,B-(401호 회로창고 2),22.4,51.9
2026-08-25T15:00:00Z,A-(401호 회로창고 1),22.2,52.4
2026-08-25T15:00:00Z,B-(401호 회로창고 2),22.5,51.7
2026-08-25T16:00:00Z,A-(401호 회로창고 1),22.4,58.2
2026-08-25T16:00:00Z,B-(401호 회로창고 2),22.5,53.8
2026-08-25T17:00:00Z,A-(401호 회로창고 1),22.1,51.2
2026-08-25T17:00:00Z,B-(401호 회로창고 2),22.4,50.3
2026-08-25T18:00:00Z,A-(401호 회로창고 1),22.2,53.0
2026-08-25T18:00:00Z,B-(401호 회로창고 2),22.4,52.4
2026-08-25T19:00:00Z,A-(401호 회로창고 1),22.1,54.0
2026-08-25T19:00:00Z,B-(401호 회로창고 2),22.4,53.5
2026-08-25T20:00:00Z,A-(401호 회로창고 1),22.1,51.1
2026-08-25T20:00:00Z,B-(401호 회로창고 2),22.4,50.5
2026-08-25T21:00:00Z,A-(401호 회로창고 1),22.2,52.8
2026-08-25T21:00:00Z,B-(401호 회로창고 2),22.4,52.4
2026-08-25T22:00:00Z,A-(401호 회로창고 1),22.2,56.4
2026-08-25T22:00:00Z,B-(401호 회로창고 2),22.3,51.1
2026-08-25T23:00:00Z,A-(401호 회로창고 1),22.1,51.6
2026-08-25T23:00:00Z,B-(401호 회로창고 2),22.3,50.8
2026-08-26T00:00:00Z,A-(401호 회로창고 1),22.1,52.1
2026-08-26T00:00:00Z,B-(401호 회로창고 2),22.5,51.1
2026-08-26T00:00:00Z,C-(402호 수입검사),23.4,65.5
2026-08-26T00:00:00Z,D-(406호 기구창고),24.6,58.0
2026-08-26T00:00:00Z,E-(408호 OQC),22.0,74.8
2026-08-26T00:00:00Z,F-(807호 생산 Line),24.1,54.5
2026-08-26T00:00:00Z,G-(401호 기구창고),20.8,75.5
2026-08-26T01:00:00Z,A-(401호 회로창고 1),22.1,52.3
2026-08-26T01:00:00Z,B-(401호 회로창고 2),22.8,52.5
2026-08-26T01:00:00Z,C-(402호 수입검사),23.3,66.7
2026-08-26T01:00:00Z,D-(406호 기구창고),23.8,59.3
2026-08-26T01:00:00Z,E-(408호 OQC),21.0,75.0
2026-08-26T01:00:00Z,F-(807호 생산 Line),23.9,54.3
2026-08-26T01:00:00Z,G-(401호 기구창고),20.0,71.9
2026-08-26T02:00:00Z,A-(401호 회로창고 1),22.1,51.9
2026-08-26T02:00:00Z,B-(401호 회로창고 2),23.0,53.6
2026-08-26T02:00:00Z,C-(402호 수입검사),23.1,65.0
2026-08-26T02:00:00Z,D-(406호 기구창고),23.5,58.9
2026-08-26T02:00:00Z,E-(408호 OQC),20.9,75.6
2026-08-26T02:00:00Z,F-(807호 생산 Line),23.8,54.7
2026-08-26T02:00:00Z,G-(401호 기구창고),19.4,68.5
2026-08-26T03:00:00Z,A-(401호 회로창고 1),22.3,53.0
2026-08-26T03:00:00Z,B-(401호 회로창고 2),23.0,50.7
2026-08-26T03:00:00Z,C-(402호 수입검사),23.0,64.7
2026-08-26T03:00:00Z,D-(406호 기구창고),24.0,59.4
2026-08-26T03:00:00Z,E-(408호 OQC),21.0,75.4
2026-08-26T03:00:00Z,F-(807호 생산 Line),23.8,55.0
2026-08-26T03:00:00Z,G-(401호 기구창고),21.3,97.2
2026-08-26T04:00:00Z,A-(401호 회로창고 1),22.2,52.9
2026-08-26T04:00:00Z,B-(401호 회로창고 2),22.9,49.4
2026-08-26T04:00:00Z,C-(402호 수입검사),22.8,66.2
2026-08-26T04:00:00Z,D-(406호 기구창고),23.5,56.8
2026-08-26T04:00:00Z,E-(408호 OQC),22.4,82.3
2026-08-26T04:00:00Z,F-(807호 생산 Line),23.8,54.2
2026-08-26T04:00:00Z,G-(401호 기구창고),19.7,76.1
2026-08-26T05:00:00Z,A-(401호 회로창고 1),22.2,51.4
2026-08-26T05:00:00Z,B-(401호 회로창고 2),23.0,49.3
2026-08-26T05:00:00Z,C-(402호 수입검사),23.2,72.8
2026-08-26T05:00:00Z,D-(406호 기구창고),23.8,59.1
2026-08-26T05:00:00Z,E-(408호 OQC),21.2,76.1
2026-08-26T05:00:00Z,F-(807호 생산 Line),23.7,55.2
2026-08-26T05:00:00Z,G-(401호 기구창고),19.7,81.3
2026-08-26T06:00:00Z,A-(401호 회로창고 1),22.3,51.5
2026-08-26T06:00:00Z,B-(401호 회로창고 2),22.9,49.4
2026-08-26T06:00:00Z,C-(402호 수입검사),23.0,67.6
2026-08-26T06:00:00Z,D-(406호 기구창고),23.7,57.8
2026-08-26T06:00:00Z,E-(408호 OQC),20.9,76.7
2026-08-26T06:00:00Z,F-(807호 생산 Line),23.7,55.3
2026-08-26T06:00:00Z,G-(401호 기구창고),19.8,92.2
2026-08-26T07:00:00Z,A-(401호 회로창고 1),22.3,51.2
2026-08-26T07:00:00Z,B-(401호 회로창고 2),22.9,49.4
2026-08-26T07:00:00Z,C-(402호 수입검사),23.0,68.5
2026-08-26T07:00:00Z,D-(406호 기구창고),23.5,54.7
2026-08-26T07:00:00Z,E-(408호 OQC),20.9,79.7
2026-08-26T07:00:00Z,F-(807호 생산 Line),23.7,56.2
2026-08-26T07:00:00Z,G-(401호 기구창고),19.6,75.5
2026-08-26T08:00:00Z,A-(401호 회로창고 1),22.3,51.3
2026-08-26T08:00:00Z,B-(401호 회로창고 2),22.9,50.5
2026-08-26T08:00:00Z,C-(402호 수입검사),23.4,70.3
2026-08-26T08:00:00Z,D-(406호 기구창고),23.4,55.8
2026-08-26T08:00:00Z,E-(408호 OQC),21.1,79.8
2026-08-26T08:00:00Z,F-(807호 생산 Line),23.7,56.8
2026-08-26T08:00:00Z,G-(401호 기구창고),20.0,76.7
2026-08-26T09:00:00Z,A-(401호 회로창고 1),22.6,57.8
2026-08-26T09:00:00Z,B-(401호 회로창고 2),22.8,51.7
2026-08-26T10:00:00Z,A-(401호 회로창고 1),22.3,52.5
2026-08-26T10:00:00Z,B-(401호 회로창고 2),22.6,50.0
2026-08-26T11:00:00Z,A-(401호 회로창고 1),22.4,52.4
2026-08-26T11:00:00Z,B-(401호 회로창고 2),22.6,51.9
2026-08-26T12:00:00Z,A-(401호 회로창고 1),22.3,50.8
2026-08-26T12:00:00Z,B-(401호 회로창고 2),22.5,52.8
2026-08-26T13:00:00Z,A-(401호 회로창고 1),22.4,51.6
2026-08-26T13:00:00Z,B-(401호 회로창고 2),22.5,51.2
2026-08-26T14:00:00Z,A-(401호 회로창고 1),22.3,54.0
2026-08-26T14:00:00Z,B-(401호 회로창고 2),22.5,53.5
2026-08-26T15:00:00Z,A-(401호 회로창고 1),22.3,50.9
2026-08-26T15:00:00Z,B-(401호 회로창고 2),22.4,50.6
2026-08-26T16:00:00Z,A-(401호 회로창고 1),22.6,57.5
2026-08-26T16:00:00Z,B-(401호 회로창고 2),22.5,53.8
2026-08-26T17:00:00Z,A-(401호 회로창고 1),22.3,54.8
2026-08-26T17:00:00Z,B-(401호 회로창고 2),22.4,52.0
2026-08-26T18:00:00Z,A-(401호 회로창고 1),22.4,51.3
2026-08-26T18:00:00Z,B-(401호 회로창고 2),22.4,51.2
2026-08-26T19:00:00Z,A-(401호 회로창고 1),22.5,58.4
2026-08-26T19:00:00Z,B-(401호 회로창고 2),22.5,53.8
2026-08-26T20:00:00Z,A-(401호 회로창고 1),22.2,53.3
2026-08-26T20:00:00Z,B-(401호 회로창고 2),22.4,50.2
2026-08-26T21:00:00Z,A-(401호 회로창고 1),22.3,51.4
2026-08-26T21:00:00Z,B-(401호 회로창고 2),22.4,51.6
2026-08-26T22:00:00Z,A-(401호 회로창고 1),22.5,58.3
2026-08-26T22:00:00Z,B-(401호 회로창고 2),22.5,53.7
2026-08-26T23:00:00Z,A-(401호 회로창고 1),22.3,52.8
2026-08-26T23:00:00Z,B-(401호 회로창고 2),22.3,50.8
2026-08-27T00:00:00Z,A-(401호 회로창고 1),22.4,51.7
2026-08-27T00:00:00Z,B-(401호 회로창고 2),22.5,51.3
2026-08-27T00:00:00Z,C-(402호 수입검사),23.6,65.9
2026-08-27T00:00:00Z,D-(406호 기구창고),23.5,58.0
2026-08-27T00:00:00Z,E-(408호 OQC),20.9,71.6
2026-08-27T00:00:00Z,F-(807호 생산 Line),24.8,53.4
2026-08-27T00:00:00Z,G-(401호 기구창고),20.3,62.2
2026-08-27T01:00:00Z,A-(401호 회로창고 1),22.3,50.9
2026-08-27T01:00:00Z,B-(401호 회로창고 2),22.7,49.8
2026-08-27T01:00:00Z,C-(402호 수입검사),23.4,67.0
2026-08-27T01:00:00Z,D-(406호 기구창고),23.3,57.0
2026-08-27T01:00:00Z,E-(408호 OQC),21.2,76.0
2026-08-27T01:00:00Z,F-(807호 생산 Line),24.8,54.5
2026-08-27T01:00:00Z,G-(401호 기구창고),19.8,69.3
2026-08-27T02:00:00Z,A-(401호 회로창고 1),22.1,52.1
2026-08-27T02:00:00Z,B-(401호 회로창고 2),22.9,52.9
2026-08-27T02:00:00Z,C-(402호 수입검사),23.2,68.3
2026-08-27T02:00:00Z,D-(406호 기구창고),22.7,58.2
2026-08-27T02:00:00Z,E-(408호 OQC),21.2,76.5
2026-08-27T02:00:00Z,F-(807호 생산 Line),24.8,54.7
2026-08-27T02:00:00Z,G-(401호 기구창고),19.8,66.8
2026-08-27T03:00:00Z,A-(401호 회로창고 1),22.3,55.3
2026-08-27T03:00:00Z,B-(401호 회로창고 2),22.7,50.7
2026-08-27T03:00:00Z,C-(402호 수입검사),23.1,67.0
2026-08-27T03:00:00Z,D-(406호 기구창고),22.6,58.9
2026-08-27T03:00:00Z,E-(408호 OQC),21.7,79.7
2026-08-27T03:00:00Z,F-(807호 생산 Line),24.8,53.5
2026-08-27T03:00:00Z,G-(401호 기구창고),20.5,73.5
2026-08-27T04:00:00Z,A-(401호 회로창고 1),22.3,52.0
2026-08-27T04:00:00Z,B-(401호 회로창고 2),22.9,50.1
2026-08-27T04:00:00Z,C-(402호 수입검사),23.4,66.3
2026-08-27T04:00:00Z,D-(406호 기구창고),22.5,57.1
2026-08-27T04:00:00Z,E-(408호 OQC),21.4,75.9
2026-08-27T04:00:00Z,F-(807호 생산 Line),24.3,53.5
2026-08-27T04:00:00Z,G-(401호 기구창고),19.5,69.5
2026-08-27T05:00:00Z,A-(401호 회로창고 1),22.5,56.2
2026-08-27T05:00:00Z,B-(401호 회로창고 2),22.9,50.1
2026-08-27T05:00:00Z,C-(402호 수입검사),23.0,63.4
2026-08-27T05:00:00Z,D-(406호 기구창고),22.6,56.7
2026-08-27T05:00:00Z,E-(408호 OQC),20.9,78.4
2026-08-27T05:00:00Z,F-(807호 생산 Line),24.1,54.2
2026-08-27T05:00:00Z,G-(401호 기구창고),19.2,66.4
2026-08-27T06:00:00Z,A-(401호 회로창고 1),22.3,52.7
2026-08-27T06:00:00Z,B-(401호 회로창고 2),22.9,50.3
2026-08-27T06:00:00Z,C-(402호 수입검사),22.9,66.3
2026-08-27T06:00:00Z,D-(406호 기구창고),22.9,57.0
2026-08-27T06:00:00Z,E-(408호 OQC),20.9,77.9
2026-08-27T06:00:00Z,F-(807호 생산 Line),24.0,56.5
2026-08-27T06:00:00Z,G-(401호 기구창고),19.5,76.1
2026-08-27T07:00:00Z,A-(401호 회로창고 1),22.2,54.9
2026-08-27T07:00:00Z,B-(401호 회로창고 2),23.0,51.7
2026-08-27T07:00:00Z,C-(402호 수입검사),22.9,65.3
2026-08-27T07:00:00Z,D-(406호 기구창고),22.3,56.5
2026-08-27T07:00:00Z,E-(408호 OQC),20.9,83.3
2026-08-27T07:00:00Z,F-(807호 생산 Line),24.2,57.4
2026-08-27T07:00:00Z,G-(401호 기구창고),19.5,74.3
2026-08-27T08:00:00Z,A-(401호 회로창고 1),22.2,52.3
2026-08-27T08:00:00Z,B-(401호 회로창고 2),22.8,49.9
2026-08-27T08:00:00Z,C-(402호 수입검사),23.3,67.0
2026-08-27T08:00:00Z,D-(406호 기구창고),22.8,56.5
2026-08-27T08:00:00Z,E-(408호 OQC),21.3,78.4
2026-08-27T08:00:00Z,F-(807호 생산 Line),24.5,56.4
2026-08-27T08:00:00Z,G-(401호 기구창고),20.0,81.2
2026-08-27T09:00:00Z,A-(401호 회로창고 1),22.1,51.6
2026-08-27T09:00:00Z,B-(401호 회로창고 2),22.6,54.4
2026-08-27T10:00:00Z,A-(401호 회로창고 1),22.4,58.6
2026-08-27T10:00:00Z,B-(401호 회로창고 2),22.5,55.3
2026-08-27T11:00:00Z,A-(401호 회로창고 1),22.1,51.5
2026-08-27T11:00:00Z,B-(401호 회로창고 2),22.3,50.3
2026-08-27T12:00:00Z,A-(401호 회로창고 1),22.1,52.1
2026-08-27T12:00:00Z,B-(401호 회로창고 2),22.2,51.5
2026-08-27T13:00:00Z,A-(401호 회로창고 1),22.3,55.4
2026-08-27T13:00:00Z,B-(401호 회로창고 2),22.2,52.1
2026-08-27T14:00:00Z,A-(401호 회로창고 1),22.3,57.4
2026-08-27T14:00:00Z,B-(401호 회로창고 2),22.3,55.1
2026-08-27T15:00:00Z,A-(401호 회로창고 1),22.3,57.5
2026-08-27T15:00:00Z,B-(401호 회로창고 2),22.2,55.2
2026-08-27T16:00:00Z,A-(401호 회로창고 1),22.4,56.5
2026-08-27T16:00:00Z,B-(401호 회로창고 2),22.3,55.1
2026-08-27T17:00:00Z,A-(401호 회로창고 1),22.3,57.5
2026-08-27T17:00:00Z,B-(401호 회로창고 2),22.2,54.9
2026-08-27T18:00:00Z,A-(401호 회로창고 1),22.3,54.9
2026-08-27T18:00:00Z,B-(401호 회로창고 2),22.2,54.0
2026-08-27T19:00:00Z,A-(401호 회로창고 1),22.1,53.2
2026-08-27T19:00:00Z,B-(401호 회로창고 2),22.2,52.7
2026-08-27T20:00:00Z,A-(401호 회로창고 1),22.1,52.8
2026-08-27T20:00:00Z,B-(401호 회로창고 2),22.1,52.5
2026-08-27T21:00:00Z,A-(401호 회로창고 1),22.1,52.4
2026-08-27T21:00:00Z,B-(401호 회로창고 2),22.1,52.3
2026-08-27T22:00:00Z,A-(401호 회로창고 1),22.0,52.3
2026-08-27T22:00:00Z,B-(401호 회로창고 2),22.1,52.0
2026-08-27T23:00:00Z,A-(401호 회로창고 1),22.1,52.1
2026-08-27T23:00:00Z,B-(401호 회로창고 2),22.1,51.9
2026-08-28T00:00:00Z,A-(401호 회로창고 1),22.1,51.8
2026-08-28T00:00:00Z,B-(401호 회로창고 2),22.4,54.9
2026-08-28T00:00:00Z,C-(402호 수입검사),23.6,66.0
2026-08-28T00:00:00Z,D-(406호 기구창고),23.2,60.9
2026-08-28T00:00:00Z,E-(408호 OQC),21.3,72.3
2026-08-28T00:00:00Z,F-(807호 생산 Line),25.0,55.7
2026-08-28T00:00:00Z,G-(401호 기구창고),21.1,72.8
2026-08-28T01:00:00Z,A-(401호 회로창고 1),22.1,56.2
2026-08-28T01:00:00Z,B-(401호 회로창고 2),22.5,52.3
2026-08-28T01:00:00Z,C-(402호 수입검사),23.3,64.4
2026-08-28T01:00:00Z,D-(406호 기구창고),23.0,60.4
2026-08-28T01:00:00Z,E-(408호 OQC),21.2,76.5
2026-08-28T01:00:00Z,F-(807호 생산 Line),24.7,54.9
2026-08-28T01:00:00Z,G-(401호 기구창고),19.7,66.6
2026-08-28T02:00:00Z,A-(401호 회로창고 1),22.4,56.6
2026-08-28T02:00:00Z,B-(401호 회로창고 2),22.6,50.9
2026-08-28T02:00:00Z,C-(402호 수입검사),23.3,67.8
2026-08-28T02:00:00Z,D-(406호 기구창고),23.4,59.1
2026-08-28T02:00:00Z,E-(408호 OQC),21.1,76.8
2026-08-28T02:00:00Z,F-(807호 생산 Line),24.5,56.0
2026-08-28T02:00:00Z,G-(401호 기구창고),19.7,84.2
2026-08-28T03:00:00Z,A-(401호 회로창고 1),22.6,56.0
2026-08-28T03:00:00Z,B-(401호 회로창고 2),22.7,51.1
2026-08-28T03:00:00Z,C-(402호 수입검사),23.2,68.5
2026-08-28T03:00:00Z,D-(406호 기구창고),23.3,58.3
2026-08-28T03:00:00Z,E-(408호 OQC),21.1,76.2
2026-08-28T03:00:00Z,F-(807호 생산 Line),24.3,55.6
2026-08-28T03:00:00Z,G-(401호 기구창고),19.7,74.0
2026-08-28T04:00:00Z,A-(401호 회로창고 1),22.3,50.7
2026-08-28T04:00:00Z,B-(401호 회로창고 2),22.8,49.3
2026-08-28T04:00:00Z,C-(402호 수입검사),24.7,69.8
2026-08-28T04:00:00Z,D-(406호 기구창고),23.4,57.5
2026-08-28T04:00:00Z,E-(408호 OQC),21.0,77.8
2026-08-28T04:00:00Z,F-(807호 생산 Line),24.1,56.4
2026-08-28T04:00:00Z,G-(401호 기구창고),19.6,78.8
2026-08-28T05:00:00Z,A-(401호 회로창고 1),22.6,53.4
2026-08-28T05:00:00Z,B-(401호 회로창고 2),23.0,52.2
2026-08-28T05:00:00Z,C-(402호 수입검사),24.4,66.1
2026-08-28T05:00:00Z,D-(406호 기구창고),23.3,58.5
2026-08-28T05:00:00Z,E-(408호 OQC),21.1,77.6
2026-08-28T05:00:00Z,F-(807호 생산 Line),24.0,56.6
2026-08-28T05:00:00Z,G-(401호 기구창고),19.7,79.8
2026-08-28T06:00:00Z,A-(401호 회로창고 1),22.6,57.8
2026-08-28T06:00:00Z,B-(401호 회로창고 2),22.9,50.5
2026-08-28T06:00:00Z,C-(402호 수입검사),23.3,67.5
2026-08-28T06:00:00Z,D-(406호 기구창고),23.3,58.0
2026-08-28T06:00:00Z,E-(408호 OQC),21.3,76.6
2026-08-28T06:00:00Z,F-(807호 생산 Line),24.0,56.8
2026-08-28T06:00:00Z,G-(401호 기구창고),22.1,85.5
2026-08-28T07:00:00Z,A-(401호 회로창고 1),22.3,51.0
2026-08-28T07:00:00Z,B-(401호 회로창고 2),22.9,49.5
2026-08-28T07:00:00Z,C-(402호 수입검사),23.1,69.5
2026-08-28T07:00:00Z,D-(406호 기구창고),23.2,57.6
2026-08-28T07:00:00Z,E-(408호 OQC),21.0,81.2
2026-08-28T07:00:00Z,F-(807호 생산 Line),24.2,56.1
2026-08-28T07:00:00Z,G-(401호 기구창고),19.9,79.5
2026-08-28T08:00:00Z,A-(401호 회로창고 1),22.6,57.2
2026-08-28T08:00:00Z,B-(401호 회로창고 2),22.9,52.1
2026-08-28T08:00:00Z,C-(402호 수입검사),23.9,69.3
2026-08-28T08:00:00Z,D-(406호 기구창고),22.6,58.8
2026-08-28T08:00:00Z,E-(408호 OQC),21.6,80.9
2026-08-28T08:00:00Z,F-(807호 생산 Line),24.3,55.6
2026-08-28T08:00:00Z,G-(401호 기구창고),20.6,78.3
2026-08-28T09:00:00Z,A-(401호 회로창고 1),22.6,57.7
2026-08-28T09:00:00Z,B-(401호 회로창고 2),22.6,53.8
2026-08-28T10:00:00Z,A-(401호 회로창고 1),22.6,54.5
2026-08-28T10:00:00Z,B-(401호 회로창고 2),22.5,53.7
2026-08-28T11:00:00Z,A-(401호 회로창고 1),22.4,52.2
2026-08-28T11:00:00Z,B-(401호 회로창고 2),22.4,52.3
2026-08-28T12:00:00Z,A-(401호 회로창고 1),22.3,51.8
2026-08-28T12:00:00Z,B-(401호 회로창고 2),22.4,51.8
2026-08-28T13:00:00Z,A-(401호 회로창고 1),22.4,51.2
2026-08-28T13:00:00Z,B-(401호 회로창고 2),22.3,51.3
2026-08-28T14:00:00Z,A-(401호 회로창고 1),22.4,56.0
2026-08-28T14:00:00Z,B-(401호 회로창고 2),22.3,51.1
2026-08-28T15:00:00Z,A-(401호 회로창고 1),22.5,54.8
2026-08-28T15:00:00Z,B-(401호 회로창고 2),22.4,54.6
2026-08-28T16:00:00Z,A-(401호 회로창고 1),22.5,52.9
2026-08-28T16:00:00Z,B-(401호 회로창고 2),22.4,53.3
2026-08-28T17:00:00Z,A-(401호 회로창고 1),22.4,51.9
2026-08-28T17:00:00Z,B-(401호 회로창고 2),22.3,52.5
2026-08-28T18:00:00Z,A-(401호 회로창고 1),22.3,51.2
2026-08-28T18:00:00Z,B-(401호 회로창고 2),22.3,51.4
2026-08-28T19:00:00Z,A-(401호 회로창고 1),22.5,56.9
2026-08-28T19:00:00Z,B-(401호 회로창고 2),22.3,55.1
2026-08-28T20:00:00Z,A-(401호 회로창고 1),22.5,52.9
2026-08-28T20:00:00Z,B-(401호 회로창고 2),22.4,54.9
2026-08-28T21:00:00Z,A-(401호 회로창고 1),22.4,52.5
2026-08-28T21:00:00Z,B-(401호 회로창고 2),22.3,52.9
2026-08-28T22:00:00Z,A-(401호 회로창고 1),22.3,51.7
2026-08-28T22:00:00Z,B-(401호 회로창고 2),22.3,52.0
2026-08-28T23:00:00Z,A-(401호 회로창고 1),22.3,51.2
2026-08-28T23:00:00Z,B-(401호 회로창고 2),22.3,51.5
2026-08-29T00:00:00Z,A-(401호 회로창고 1),22.6,55.9
2026-08-29T00:00:00Z,B-(401호 회로창고 2),22.3,52.4
2026-08-29T01:00:00Z,A-(401호 회로창고 1),22.2,50.9
2026-08-29T01:00:00Z,B-(401호 회로창고 2),22.3,50.6
2026-08-29T02:00:00Z,A-(401호 회로창고 1),22.4,55.9
2026-08-29T02:00:00Z,B-(401호 회로창고 2),22.5,52.8
2026-08-29T03:00:00Z,A-(401호 회로창고 1),22.3,51.3
2026-08-29T03:00:00Z,B-(401호 회로창고 2),22.5,50.6
2026-08-29T04:00:00Z,A-(401호 회로창고 1),22.3,51.2
2026-08-29T04:00:00Z,B-(401호 회로창고 2),22.5,52.7
2026-08-29T05:00:00Z,A-(401호 회로창고 1),22.4,52.4
2026-08-29T05:00:00Z,B-(401호 회로창고 2),22.5,51.8
2026-08-29T06:00:00Z,A-(401호 회로창고 1),22.5,56.9
2026-08-29T06:00:00Z,B-(401호 회로창고 2),22.6,52.0
2026-08-29T07:00:00Z,A-(401호 회로창고 1),22.3,51.2
2026-08-29T07:00:00Z,B-(401호 회로창고 2),22.6,50.3
2026-08-29T08:00:00Z,A-(401호 회로창고 1),22.4,54.2
2026-08-29T08:00:00Z,B-(401호 회로창고 2),22.5,50.2
2026-08-29T09:00:00Z,A-(401호 회로창고 1),22.4,55.8
2026-08-29T09:00:00Z,B-(401호 회로창고 2),22.6,52.1
2026-08-29T10:00:00Z,A-(401호 회로창고 1),22.4,50.9
2026-08-29T10:00:00Z,B-(401호 회로창고 2),22.5,50.4
2026-08-29T11:00:00Z,A-(401호 회로창고 1),22.4,55.8
2026-08-29T11:00:00Z,B-(401호 회로창고 2),22.6,53.6
2026-08-29T12:00:00Z,A-(401호 회로창고 1),22.4,50.4
2026-08-29T12:00:00Z,B-(401호 회로창고 2),22.4,50.1
2026-08-29T13:00:00Z,A-(401호 회로창고 1),22.4,51.0
2026-08-29T13:00:00Z,B-(401호 회로창고 2),22.4,50.8
2026-08-29T14:00:00Z,A-(401호 회로창고 1),22.5,56.3
2026-08-29T14:00:00Z,B-(401호 회로창고 2),22.4,53.0
2026-08-29T15:00:00Z,A-(401호 회로창고 1),22.6,54.3
2026-08-29T15:00:00Z,B-(401호 회로창고 2),22.5,54.0
2026-08-29T16:00:00Z,A-(401호 회로창고 1),22.4,52.1
2026-08-29T16:00:00Z,B-(401호 회로창고 2),22.4,52.3
2026-08-29T17:00:00Z,A-(401호 회로창고 1),22.4,50.9
2026-08-29T17:00:00Z,B-(401호 회로창고 2),22.4,51.1
2026-08-29T18:00:00Z,A-(401호 회로창고 1),22.6,57.4
2026-08-29T18:00:00Z,B-(401호 회로창고 2),22.4,54.4
2026-08-29T19:00:00Z,A-(401호 회로창고 1),22.5,52.7
2026-08-29T19:00:00Z,B-(401호 회로창고 2),22.4,53.2
2026-08-29T20:00:00Z,A-(401호 회로창고 1),22.4,51.6
2026-08-29T20:00:00Z,B-(401호 회로창고 2),22.4,51.9
2026-08-29T22:00:00Z,A-(401호 회로창고 1),22.6,54.5
2026-08-29T22:00:00Z,B-(401호 회로창고 2),22.4,54.3
2026-08-29T23:00:00Z,A-(401호 회로창고 1),22.4,52.3
2026-08-29T23:00:00Z,B-(401호 회로창고 2),22.4,52.6
2026-08-30T00:00:00Z,A-(401호 회로창고 1),22.4,51.3
2026-08-30T00:00:00Z,B-(401호 회로창고 2),22.4,51.4
2026-08-30T01:00:00Z,A-(401호 회로창고 1),22.4,56.0
2026-08-30T01:00:00Z,B-(401호 회로창고 2),22.4,52.8
2026-08-30T02:00:00Z,A-(401호 회로창고 1),22.5,54.2
2026-08-30T02:00:00Z,B-(401호 회로창고 2),22.5,53.4
2026-08-30T03:00:00Z,A-(401호 회로창고 1),22.3,50.4
2026-08-30T03:00:00Z,B-(401호 회로창고 2),22.5,53.9
2026-08-30T04:00:00Z,A-(401호 회로창고 1),22.4,51.2
2026-08-30T04:00:00Z,B-(401호 회로창고 2),22.5,50.9
2026-08-30T05:00:00Z,A-(401호 회로창고 1),22.3,50.7
2026-08-30T05:00:00Z,B-(401호 회로창고 2),22.6,54.3
2026-08-30T06:00:00Z,A-(401호 회로창고 1),22.4,51.6
2026-08-30T06:00:00Z,B-(401호 회로창고 2),22.6,51.1
2026-08-30T07:00:00Z,A-(401호 회로창고 1),22.3,50.6
2026-08-30T07:00:00Z,B-(401호 회로창고 2),22.6,53.0
2026-08-30T08:00:00Z,A-(401호 회로창고 1),22.4,51.6
2026-08-30T08:00:00Z,B-(401호 회로창고 2),22.5,51.2
2026-08-30T09:00:00Z,A-(401호 회로창고 1),22.3,50.5
2026-08-30T09:00:00Z,B-(401호 회로창고 2),22.5,53.3
2026-08-30T10:00:00Z,A-(401호 회로창고 1),22.4,51.1
2026-08-30T10:00:00Z,B-(401호 회로창고 2),22.5,50.9
2026-08-30T11:00:00Z,A-(401호 회로창고 1),22.6,55.5
2026-08-30T11:00:00Z,B-(401호 회로창고 2),22.5,54.5
2026-08-30T12:00:00Z,A-(401호 회로창고 1),22.4,50.7
2026-08-30T12:00:00Z,B-(401호 회로창고 2),22.4,50.4
2026-08-30T13:00:00Z,A-(401호 회로창고 1),22.3,51.2
2026-08-30T13:00:00Z,B-(401호 회로창고 2),22.4,51.0
2026-08-30T14:00:00Z,A-(401호 회로창고 1),22.4,53.8
2026-08-30T14:00:00Z,B-(401호 회로창고 2),22.4,50.8
2026-08-30T15:00:00Z,A-(401호 회로창고 1),22.6,54.9
2026-08-30T15:00:00Z,B-(401호 회로창고 2),22.4,55.0
2026-08-30T16:00:00Z,A-(401호 회로창고 1),22.5,53.3
2026-08-30T16:00:00Z,B-(401호 회로창고 2),22.5,53.3
2026-08-30T17:00:00Z,A-(401호 회로창고 1),22.4,52.1
2026-08-30T17:00:00Z,B-(401호 회로창고 2),22.4,52.3
2026-08-30T18:00:00Z,A-(401호 회로창고 1),22.5,53.3
2026-08-30T18:00:00Z,B-(401호 회로창고 2),22.5,54.9
2026-08-30T19:00:00Z,A-(401호 회로창고 1),22.5,52.4
2026-08-30T19:00:00Z,B-(401호 회로창고 2),22.4,52.7
2026-08-30T20:00:00Z,A-(401호 회로창고 1),22.4,51.6
2026-08-30T20:00:00Z,B-(401호 회로창고 2),22.4,51.8
2026-08-30T21:00:00Z,A-(401호 회로창고 1),22.4,55.3
2026-08-30T21:00:00Z,B-(401호 회로창고 2),22.4,51.2
2026-08-30T22:00:00Z,A-(401호 회로창고 1),22.5,56.8
2026-08-30T22:00:00Z,B-(401호 회로창고 2),22.3,55.0
2026-08-30T23:00:00Z,A-(401호 회로창고 1),22.6,54.0
2026-08-30T23:00:00Z,B-(401호 회로창고 2),22.4,53.6
2026-08-31T00:00:00Z,A-(401호 회로창고 1),22.5,52.6
2026-08-31T00:00:00Z,B-(401호 회로창고 2),22.6,52.7
2026-08-31T00:00:00Z,C-(402호 수입검사),23.7,64.3
2026-08-31T00:00:00Z,D-(406호 기구창고),24.2,58.8
2026-08-31T00:00:00Z,E-(408호 OQC),21.6,69.0
2026-08-31T00:00:00Z,F-(807호 생산 Line),25.7,61.1
2026-08-31T00:00:00Z,G-(401호 기구창고),20.8,65.4
2026-08-31T01:00:00Z,A-(401호 회로창고 1),22.6,55.8
2026-08-31T01:00:00Z,B-(401호 회로창고 2),22.8,52.9
2026-08-31T01:00:00Z,C-(402호 수입검사),23.5,67.8
2026-08-31T01:00:00Z,D-(406호 기구창고),24.0,60.1
2026-08-31T01:00:00Z,E-(408호 OQC),21.7,73.4
2026-08-31T01:00:00Z,F-(807호 생산 Line),25.6,60.3
2026-08-31T01:00:00Z,G-(401호 기구창고),20.0,63.9
2026-08-31T02:00:00Z,A-(401호 회로창고 1),22.7,56.7
2026-08-31T02:00:00Z,B-(401호 회로창고 2),22.8,53.7
2026-08-31T02:00:00Z,C-(402호 수입검사),23.4,69.1
2026-08-31T02:00:00Z,D-(406호 기구창고),23.9,59.5
2026-08-31T02:00:00Z,E-(408호 OQC),21.2,74.1
2026-08-31T02:00:00Z,F-(807호 생산 Line),25.5,60.0
2026-08-31T02:00:00Z,G-(401호 기구창고),19.8,67.3
2026-08-31T03:00:00Z,A-(401호 회로창고 1),22.5,56.8
2026-08-31T03:00:00Z,B-(401호 회로창고 2),22.8,53.9
2026-08-31T03:00:00Z,C-(402호 수입검사),23.3,70.7
2026-08-31T03:00:00Z,D-(406호 기구창고),23.8,57.8
2026-08-31T03:00:00Z,E-(408호 OQC),21.1,73.6
2026-08-31T03:00:00Z,F-(807호 생산 Line),25.4,59.3
2026-08-31T03:00:00Z,G-(401호 기구창고),19.8,66.0
2026-08-31T04:00:00Z,A-(401호 회로창고 1),22.5,57.9
2026-08-31T04:00:00Z,B-(401호 회로창고 2),22.9,53.8
2026-08-31T04:00:00Z,C-(402호 수입검사),23.9,68.2
2026-08-31T04:00:00Z,D-(406호 기구창고),23.6,56.1
2026-08-31T04:00:00Z,E-(408호 OQC),22.1,80.6
2026-08-31T04:00:00Z,F-(807호 생산 Line),25.3,58.7
2026-08-31T04:00:00Z,G-(401호 기구창고),19.7,69.9
2026-08-31T05:00:00Z,A-(401호 회로창고 1),22.5,57.2
2026-08-31T05:00:00Z,B-(401호 회로창고 2),22.8,53.9
2026-08-31T05:00:00Z,C-(402호 수입검사),23.4,68.4
2026-08-31T05:00:00Z,D-(406호 기구창고),23.7,57.5
2026-08-31T05:00:00Z,E-(408호 OQC),21.6,76.5
2026-08-31T05:00:00Z,F-(807호 생산 Line),25.2,55.4
2026-08-31T05:00:00Z,G-(401호 기구창고),20.0,75.0
2026-08-31T06:00:00Z,A-(401호 회로창고 1),22.5,56.2
2026-08-31T06:00:00Z,B-(401호 회로창고 2),22.8,53.9
2026-08-31T06:00:00Z,C-(402호 수입검사),23.4,69.8
2026-08-31T06:00:00Z,D-(406호 기구창고),23.4,56.1
2026-08-31T06:00:00Z,E-(408호 OQC),20.9,76.5
2026-08-31T06:00:00Z,F-(807호 생산 Line),25.1,53.0
2026-08-31T06:00:00Z,G-(401호 기구창고),19.8,71.7
2026-08-31T07:00:00Z,A-(401호 회로창고 1),22.5,55.1
2026-08-31T07:00:00Z,B-(401호 회로창고 2),22.8,51.6
2026-08-31T07:00:00Z,C-(402호 수입검사),23.3,69.4
2026-08-31T07:00:00Z,D-(406호 기구창고),23.5,57.5
2026-08-31T07:00:00Z,E-(408호 OQC),21.3,75.5
2026-08-31T07:00:00Z,F-(807호 생산 Line),25.2,54.3
2026-08-31T07:00:00Z,G-(401호 기구창고),19.7,70.4
2026-08-31T08:00:00Z,A-(401호 회로창고 1),22.5,56.4
2026-08-31T08:00:00Z,B-(401호 회로창고 2),22.8,53.4
2026-08-31T08:00:00Z,C-(402호 수입검사),23.5,71.9
2026-08-31T08:00:00Z,D-(406호 기구창고),23.4,57.2
2026-08-31T08:00:00Z,E-(408호 OQC),21.1,78.0
2026-08-31T08:00:00Z,F-(807호 생산 Line),25.1,50.5
2026-08-31T08:00:00Z,G-(401호 기구창고),19.6,72.4
2026-08-31T09:00:00Z,A-(401호 회로창고 1),22.5,57.9
2026-08-31T09:00:00Z,B-(401호 회로창고 2),22.6,54.8
2026-08-31T10:00:00Z,A-(401호 회로창고 1),22.5,53.4
2026-08-31T10:00:00Z,B-(401호 회로창고 2),22.5,53.4
2026-08-31T11:00:00Z,A-(401호 회로창고 1),22.3,51.9
2026-08-31T11:00:00Z,B-(401호 회로창고 2),22.3,51.9
2026-08-31T12:00:00Z,A-(401호 회로창고 1),22.4,56.3
2026-08-31T12:00:00Z,B-(401호 회로창고 2),22.3,51.2
2026-08-31T13:00:00Z,A-(401호 회로창고 1),22.5,54.8
2026-08-31T13:00:00Z,B-(401호 회로창고 2),22.4,54.6
2026-08-31T14:00:00Z,A-(401호 회로창고 1),22.5,53.5
2026-08-31T14:00:00Z,B-(401호 회로창고 2),22.4,53.8
2026-08-31T15:00:00Z,A-(401호 회로창고 1),22.3,51.9
2026-08-31T15:00:00Z,B-(401호 회로창고 2),22.3,52.5
2026-08-31T16:00:00Z,A-(401호 회로창고 1),22.4,56.1
2026-08-31T16:00:00Z,B-(401호 회로창고 2),22.3,55.1
2026-08-31T17:00:00Z,A-(401호 회로창고 1),22.4,57.3
2026-08-31T17:00:00Z,B-(401호 회로창고 2),22.3,55.2
2026-08-31T18:00:00Z,A-(401호 회로창고 1),22.4,53.2
2026-08-31T18:00:00Z,B-(401호 회로창고 2),22.3,53.6
2026-08-31T19:00:00Z,A-(401호 회로창고 1),22.3,51.9
2026-08-31T19:00:00Z,B-(401호 회로창고 2),22.2,52.5
2026-08-31T20:00:00Z,A-(401호 회로창고 1),22.4,56.4
2026-08-31T20:00:00Z,B-(401호 회로창고 2),22.3,55.2
2026-08-31T21:00:00Z,A-(401호 회로창고 1),22.5,54.0
2026-08-31T21:00:00Z,B-(401호 회로창고 2),22.3,54.5
2026-08-31T22:00:00Z,A-(401호 회로창고 1),22.3,52.7
2026-08-31T22:00:00Z,B-(401호 회로창고 2),22.3,53.4
2026-08-31T23:00:00Z,A-(401호 회로창고 1),22.2,51.5
2026-08-31T23:00:00Z,B-(401호 회로창고 2),22.2,51.8
2026-09-01T00:00:00Z,A-(401호 회로창고 1),22.2,51.1
2026-09-01T00:00:00Z,B-(401호 회로창고 2),22.2,51.7
2026-09-01T00:00:00Z,C-(402호 수입검사),23.4,70.7
2026-09-01T00:00:00Z,D-(406호 기구창고),23.3,58.4
2026-09-01T00:00:00Z,E-(408호 OQC),21.2,73.0
2026-09-01T00:00:00Z,F-(807호 생산 Line),25.3,58.9
2026-09-01T00:00:00Z,G-(401호 기구창고),19.8,65.3
2026-09-01T01:00:00Z,A-(401호 회로창고 1),22.3,53.2
2026-09-01T01:00:00Z,B-(401호 회로창고 2),22.3,51.2
2026-09-01T01:00:00Z,C-(402호 수입검사),23.3,69.3
2026-09-01T01:00:00Z,D-(406호 기구창고),23.1,57.8
2026-09-01T01:00:00Z,E-(408호 OQC),20.9,74.6
2026-09-01T01:00:00Z,F-(807호 생산 Line),24.9,54.0
2026-09-01T01:00:00Z,G-(401호 기구창고),19.4,65.7
2026-09-01T02:00:00Z,A-(401호 회로창고 1),22.6,56.3
2026-09-01T02:00:00Z,B-(401호 회로창고 2),22.5,51.1
2026-09-01T02:00:00Z,C-(402호 수입검사),23.3,72.0
2026-09-01T02:00:00Z,D-(406호 기구창고),23.0,58.6
2026-09-01T02:00:00Z,E-(408호 OQC),21.3,76.8
2026-09-01T02:00:00Z,F-(807호 생산 Line),24.4,51.9
2026-09-01T02:00:00Z,G-(401호 기구창고),19.2,67.3
2026-09-01T03:00:00Z,A-(401호 회로창고 1),22.4,50.5
2026-09-01T03:00:00Z,B-(401호 회로창고 2),22.6,54.3
2026-09-01T03:00:00Z,C-(402호 수입검사),23.1,71.5
2026-09-01T03:00:00Z,D-(406호 기구창고),22.9,57.7
2026-09-01T03:00:00Z,E-(408호 OQC),21.1,76.5
2026-09-01T03:00:00Z,F-(807호 생산 Line),24.0,52.6
2026-09-01T03:00:00Z,G-(401호 기구창고),20.5,97.5
2026-09-01T04:00:00Z,A-(401호 회로창고 1),22.4,51.0
2026-09-01T04:00:00Z,B-(401호 회로창고 2),22.6,50.9
2026-09-01T04:00:00Z,C-(402호 수입검사),25.3,68.3
2026-09-01T04:00:00Z,D-(406호 기구창고),23.1,60.2
2026-09-01T04:00:00Z,E-(408호 OQC),20.7,75.9
2026-09-01T04:00:00Z,F-(807호 생산 Line),23.8,53.1
2026-09-01T04:00:00Z,G-(401호 기구창고),19.4,70.5
2026-09-01T05:00:00Z,A-(401호 회로창고 1),22.4,52.3
2026-09-01T05:00:00Z,B-(401호 회로창고 2),22.6,52.1
2026-09-01T05:00:00Z,C-(402호 수입검사),25.3,74.4
2026-09-01T05:00:00Z,D-(406호 기구창고),23.1,59.0
2026-09-01T05:00:00Z,E-(408호 OQC),20.9,77.2
2026-09-01T05:00:00Z,F-(807호 생산 Line),23.6,53.2
2026-09-01T05:00:00Z,G-(401호 기구창고),19.3,75.4
2026-09-01T06:00:00Z,A-(401호 회로창고 1),22.4,51.6
2026-09-01T06:00:00Z,B-(401호 회로창고 2),22.6,51.4
2026-09-01T06:00:00Z,C-(402호 수입검사),25.4,74.8
2026-09-01T06:00:00Z,D-(406호 기구창고),23.1,56.9
2026-09-01T06:00:00Z,E-(408호 OQC),20.9,78.4
2026-09-01T06:00:00Z,F-(807호 생산 Line),23.5,53.5
2026-09-01T06:00:00Z,G-(401호 기구창고),19.5,77.2
2026-09-01T07:00:00Z,A-(401호 회로창고 1),22.6,57.2
2026-09-01T07:00:00Z,B-(401호 회로창고 2),22.5,50.8
2026-09-01T07:00:00Z,C-(402호 수입검사),23.9,67.2
2026-09-01T07:00:00Z,D-(406호 기구창고),22.8,56.7
2026-09-01T07:00:00Z,E-(408호 OQC),20.8,78.0
2026-09-01T07:00:00Z,F-(807호 생산 Line),23.5,50.5
2026-09-01T07:00:00Z,G-(401호 기구창고),19.5,75.8
2026-09-01T08:00:00Z,A-(401호 회로창고 1),22.6,53.5
2026-09-01T08:00:00Z,B-(401호 회로창고 2),22.6,53.2
2026-09-01T08:00:00Z,C-(402호 수입검사),23.6,69.4
2026-09-01T08:00:00Z,D-(406호 기구창고),22.6,56.5
2026-09-01T08:00:00Z,E-(408호 OQC),20.8,77.5
2026-09-01T08:00:00Z,F-(807호 생산 Line),23.3,51.3
2026-09-01T08:00:00Z,G-(401호 기구창고),19.5,76.9
2026-09-01T09:00:00Z,A-(401호 회로창고 1),22.4,51.4
2026-09-01T09:00:00Z,B-(401호 회로창고 2),22.3,52.2
2026-09-01T10:00:00Z,A-(401호 회로창고 1),22.6,57.0
2026-09-01T10:00:00Z,B-(401호 회로창고 2),22.3,55.7
2026-09-01T11:00:00Z,A-(401호 회로창고 1),22.6,54.7
2026-09-01T11:00:00Z,B-(401호 회로창고 2),22.2,53.5
2026-09-01T12:00:00Z,A-(401호 회로창고 1),22.4,51.5
2026-09-01T12:00:00Z,B-(401호 회로창고 2),22.2,52.8
2026-09-01T13:00:00Z,A-(401호 회로창고 1),22.6,57.3
2026-09-01T13:00:00Z,B-(401호 회로창고 2),22.2,55.1
2026-09-01T14:00:00Z,A-(401호 회로창고 1),22.6,54.4
2026-09-01T14:00:00Z,B-(401호 회로창고 2),22.2,53.7
2026-09-01T15:00:00Z,A-(401호 회로창고 1),22.4,51.3
2026-09-01T15:00:00Z,B-(401호 회로창고 2),22.1,52.8
2026-09-01T16:00:00Z,A-(401호 회로창고 1),22.6,57.6
2026-09-01T16:00:00Z,B-(401호 회로창고 2),22.2,56.9
2026-09-01T17:00:00Z,A-(401호 회로창고 1),22.6,53.6
2026-09-01T17:00:00Z,B-(401호 회로창고 2),22.2,54.8
2026-09-01T18:00:00Z,A-(401호 회로창고 1),22.4,51.2
2026-09-01T18:00:00Z,B-(401호 회로창고 2),22.1,52.4
2026-09-01T19:00:00Z,A-(401호 회로창고 1),22.5,56.1
2026-09-01T19:00:00Z,B-(401호 회로창고 2),22.1,55.9
2026-09-01T20:00:00Z,A-(401호 회로창고 1),22.6,53.5
2026-09-01T20:00:00Z,B-(401호 회로창고 2),22.2,54.7
2026-09-01T21:00:00Z,A-(401호 회로창고 1),22.4,51.3
2026-09-01T21:00:00Z,B-(401호 회로창고 2),22.1,52.6
2026-09-01T22:00:00Z,A-(401호 회로창고 1),22.6,57.4
2026-09-01T22:00:00Z,B-(401호 회로창고 2),22.1,54.0
2026-09-01T23:00:00Z,A-(401호 회로창고 1),22.5,53.0
2026-09-01T23:00:00Z,B-(401호 회로창고 2),22.1,54.2
2026-09-02T00:00:00Z,A-(401호 회로창고 1),22.4,57.9
2026-09-02T00:00:00Z,B-(401호 회로창고 2),22.5,55.5
2026-09-02T00:00:00Z,C-(402호 수입검사),23.3,67.6
2026-09-02T00:00:00Z,D-(406호 기구창고),23.3,58.8
2026-09-02T00:00:00Z,E-(408호 OQC),21.4,76.5
2026-09-02T00:00:00Z,F-(807호 생산 Line),24.4,52.9
2026-09-02T00:00:00Z,G-(401호 기구창고),20.0,66.2
2026-09-02T01:00:00Z,A-(401호 회로창고 1),22.3,57.6
2026-09-02T01:00:00Z,B-(401호 회로창고 2),22.4,51.8
2026-09-02T01:00:00Z,C-(402호 수입검사),23.2,70.5
2026-09-02T01:00:00Z,D-(406호 기구창고),23.6,67.3
2026-09-02T01:00:00Z,E-(408호 OQC),21.1,79.2
2026-09-02T01:00:00Z,F-(807호 생산 Line),24.2,52.9
2026-09-02T01:00:00Z,G-(401호 기구창고),19.7,69.5
2026-09-02T02:00:00Z,A-(401호 회로창고 1),22.1,53.1
2026-09-02T02:00:00Z,B-(401호 회로창고 2),22.5,50.4
2026-09-02T02:00:00Z,C-(402호 수입검사),22.9,71.0
2026-09-02T02:00:00Z,D-(406호 기구창고),23.2,56.9
2026-09-02T02:00:00Z,E-(408호 OQC),21.2,80.4
2026-09-02T02:00:00Z,F-(807호 생산 Line),24.0,53.4
2026-09-02T02:00:00Z,G-(401호 기구창고),19.7,76.6
2026-09-02T03:00:00Z,A-(401호 회로창고 1),22.2,51.6
2026-09-02T03:00:00Z,B-(401호 회로창고 2),22.5,50.5
2026-09-02T03:00:00Z,C-(402호 수입검사),22.9,70.9
2026-09-02T03:00:00Z,D-(406호 기구창고),23.0,55.6
2026-09-02T03:00:00Z,E-(408호 OQC),21.5,81.0
2026-09-02T03:00:00Z,F-(807호 생산 Line),23.7,54.2
2026-09-02T03:00:00Z,G-(401호 기구창고),19.6,71.1
2026-09-02T04:00:00Z,A-(401호 회로창고 1),22.3,57.4
2026-09-02T04:00:00Z,B-(401호 회로창고 2),22.6,53.6
2026-09-02T04:00:00Z,C-(402호 수입검사),24.8,63.4
2026-09-02T04:00:00Z,D-(406호 기구창고),22.8,54.7
2026-09-02T04:00:00Z,E-(408호 OQC),21.2,77.9
2026-09-02T04:00:00Z,F-(807호 생산 Line),23.5,54.1
2026-09-02T04:00:00Z,G-(401호 기구창고),19.3,75.4
2026-09-02T05:00:00Z,A-(401호 회로창고 1),22.1,51.4
2026-09-02T05:00:00Z,B-(401호 회로창고 2),22.4,50.0
2026-09-02T05:00:00Z,C-(402호 수입검사),23.5,69.4
2026-09-02T05:00:00Z,D-(406호 기구창고),22.9,54.4
2026-09-02T05:00:00Z,E-(408호 OQC),21.1,80.0
2026-09-02T05:00:00Z,F-(807호 생산 Line),23.5,54.5
2026-09-02T05:00:00Z,G-(401호 기구창고),19.6,71.4
2026-09-02T06:00:00Z,A-(401호 회로창고 1),21.8,53.8
2026-09-02T06:00:00Z,B-(401호 회로창고 2),22.6,53.8
2026-09-02T06:00:00Z,C-(402호 수입검사),23.2,68.5
2026-09-02T06:00:00Z,D-(406호 기구창고),22.7,57.1
2026-09-02T06:00:00Z,E-(408호 OQC),21.0,81.4
2026-09-02T06:00:00Z,F-(807호 생산 Line),23.8,54.2
2026-09-02T06:00:00Z,G-(401호 기구창고),20.0,84.7
2026-09-02T07:00:00Z,A-(401호 회로창고 1),21.9,52.8
2026-09-02T07:00:00Z,B-(401호 회로창고 2),22.4,50.6
2026-09-02T07:00:00Z,C-(402호 수입검사),23.0,69.0
2026-09-02T07:00:00Z,D-(406호 기구창고),22.7,58.6
2026-09-02T07:00:00Z,E-(408호 OQC),21.2,81.6
2026-09-02T07:00:00Z,F-(807호 생산 Line),23.9,54.1
2026-09-02T07:00:00Z,G-(401호 기구창고),19.7,81.2
2026-09-02T08:00:00Z,A-(401호 회로창고 1),21.8,53.0
2026-09-02T08:00:00Z,B-(401호 회로창고 2),22.5,54.5
2026-09-02T08:00:00Z,C-(402호 수입검사),23.8,70.4
2026-09-02T08:00:00Z,D-(406호 기구창고),23.0,58.6
2026-09-02T08:00:00Z,E-(408호 OQC),21.3,81.4
2026-09-02T08:00:00Z,F-(807호 생산 Line),23.9,53.5
2026-09-02T08:00:00Z,G-(401호 기구창고),19.7,82.2
2026-09-02T09:00:00Z,A-(401호 회로창고 1),21.9,52.6
2026-09-02T09:00:00Z,B-(401호 회로창고 2),22.1,51.2
2026-09-02T10:00:00Z,A-(401호 회로창고 1),21.8,52.7
2026-09-02T10:00:00Z,B-(401호 회로창고 2),22.0,51.3
2026-09-02T11:00:00Z,A-(401호 회로창고 1),21.8,57.4
2026-09-02T11:00:00Z,B-(401호 회로창고 2),22.0,51.7
2026-09-02T12:00:00Z,A-(401호 회로창고 1),21.9,57.9
2026-09-02T12:00:00Z,B-(401호 회로창고 2),22.0,55.3
2026-09-02T13:00:00Z,A-(401호 회로창고 1),22.0,59.2
2026-09-02T13:00:00Z,B-(401호 회로창고 2),22.0,56.0
2026-09-02T14:00:00Z,A-(401호 회로창고 1),22.0,54.8
2026-09-02T14:00:00Z,B-(401호 회로창고 2),22.0,54.5
2026-09-02T15:00:00Z,A-(401호 회로창고 1),22.0,54.6
2026-09-02T15:00:00Z,B-(401호 회로창고 2),21.9,54.2
2026-09-02T16:00:00Z,A-(401호 회로창고 1),21.8,53.3
2026-09-02T16:00:00Z,B-(401호 회로창고 2),21.8,53.4
2026-09-02T17:00:00Z,A-(401호 회로창고 1),21.8,52.8
2026-09-02T17:00:00Z,B-(401호 회로창고 2),21.8,52.0
2026-09-02T18:00:00Z,A-(401호 회로창고 1),21.9,57.2
2026-09-02T18:00:00Z,B-(401호 회로창고 2),21.9,56.6
2026-09-02T19:00:00Z,A-(401호 회로창고 1),22.1,59.6
2026-09-02T19:00:00Z,B-(401호 회로창고 2),21.9,57.0
2026-09-02T20:00:00Z,A-(401호 회로창고 1),22.1,57.9
2026-09-02T20:00:00Z,B-(401호 회로창고 2),21.9,57.0
2026-09-02T21:00:00Z,A-(401호 회로창고 1),21.9,54.6
2026-09-02T21:00:00Z,B-(401호 회로창고 2),21.9,55.0
2026-09-02T22:00:00Z,A-(401호 회로창고 1),21.8,53.6
2026-09-02T22:00:00Z,B-(401호 회로창고 2),21.8,53.4
2026-09-02T23:00:00Z,A-(401호 회로창고 1),21.7,52.8
2026-09-02T23:00:00Z,B-(401호 회로창고 2),21.7,52.4
2026-09-03T00:00:00Z,A-(401호 회로창고 1),21.8,53.1
2026-09-03T00:00:00Z,B-(401호 회로창고 2),22.0,52.7
2026-09-03T00:00:00Z,C-(402호 수입검사),23.3,67.5
2026-09-03T00:00:00Z,D-(406호 기구창고),24.9,54.4
2026-09-03T00:00:00Z,E-(408호 OQC),21.3,73.2
2026-09-03T00:00:00Z,F-(807호 생산 Line),24.2,53.3
2026-09-03T00:00:00Z,G-(401호 기구창고),20.1,75.5
2026-09-03T01:00:00Z,A-(401호 회로창고 1),21.9,58.2
2026-09-03T01:00:00Z,B-(401호 회로창고 2),22.2,53.0
2026-09-03T01:00:00Z,C-(402호 수입검사),23.1,68.3
2026-09-03T01:00:00Z,D-(406호 기구창고),24.2,54.9
2026-09-03T01:00:00Z,E-(408호 OQC),20.9,73.4
2026-09-03T01:00:00Z,F-(807호 생산 Line),24.2,53.0
2026-09-03T01:00:00Z,G-(401호 기구창고),19.6,71.3
2026-09-03T02:00:00Z,A-(401호 회로창고 1),22.1,59.2
2026-09-03T02:00:00Z,B-(401호 회로창고 2),22.6,53.6
2026-09-03T02:00:00Z,C-(402호 수입검사),23.0,70.0
2026-09-03T02:00:00Z,D-(406호 기구창고),23.4,56.1
2026-09-03T02:00:00Z,E-(408호 OQC),21.1,79.5
2026-09-03T02:00:00Z,F-(807호 생산 Line),24.3,53.2
2026-09-03T02:00:00Z,G-(401호 기구창고),19.6,73.9
2026-09-03T03:00:00Z,A-(401호 회로창고 1),22.1,55.6
2026-09-03T03:00:00Z,B-(401호 회로창고 2),22.6,53.2
2026-09-03T03:00:00Z,C-(402호 수입검사),22.9,67.0
2026-09-03T03:00:00Z,D-(406호 기구창고),24.1,58.5
2026-09-03T03:00:00Z,E-(408호 OQC),21.4,78.0
2026-09-03T03:00:00Z,F-(807호 생산 Line),24.2,52.0
2026-09-03T03:00:00Z,G-(401호 기구창고),19.6,75.7
2026-09-03T04:00:00Z,A-(401호 회로창고 1),22.0,52.2
2026-09-03T04:00:00Z,B-(401호 회로창고 2),22.6,53.8
2026-09-03T04:00:00Z,C-(402호 수입검사),24.7,64.7
2026-09-03T04:00:00Z,D-(406호 기구창고),23.3,56.6
2026-09-03T04:00:00Z,E-(408호 OQC),21.9,72.5
2026-09-03T04:00:00Z,F-(807호 생산 Line),23.8,50.4
2026-09-03T04:00:00Z,G-(401호 기구창고),19.6,72.4
2026-09-03T05:00:00Z,A-(401호 회로창고 1),22.0,53.1
2026-09-03T05:00:00Z,B-(401호 회로창고 2),22.6,50.9
2026-09-03T05:00:00Z,C-(402호 수입검사),23.5,61.7
2026-09-03T05:00:00Z,D-(406호 기구창고),23.2,57.5
2026-09-03T05:00:00Z,E-(408호 OQC),21.2,78.8
2026-09-03T05:00:00Z,F-(807호 생산 Line),23.4,51.3
2026-09-03T05:00:00Z,G-(401호 기구창고),19.8,72.0
2026-09-03T06:00:00Z,A-(401호 회로창고 1),22.0,52.3
2026-09-03T06:00:00Z,B-(401호 회로창고 2),22.6,54.3
2026-09-03T06:00:00Z,C-(402호 수입검사),23.1,62.9
2026-09-03T06:00:00Z,D-(406호 기구창고),23.1,57.2
2026-09-03T06:00:00Z,E-(408호 OQC),21.2,78.0
2026-09-03T06:00:00Z,F-(807호 생산 Line),23.6,51.1
2026-09-03T06:00:00Z,G-(401호 기구창고),23.1,73.0
2026-09-03T07:00:00Z,A-(401호 회로창고 1),22.3,56.3
2026-09-03T07:00:00Z,B-(401호 회로창고 2),22.6,51.9
2026-09-03T07:00:00Z,C-(402호 수입검사),22.9,63.4
2026-09-03T07:00:00Z,D-(406호 기구창고),23.0,56.5
2026-09-03T07:00:00Z,E-(408호 OQC),21.0,77.3
2026-09-03T07:00:00Z,F-(807호 생산 Line),23.2,51.3
2026-09-03T07:00:00Z,G-(401호 기구창고),19.8,72.9
2026-09-03T08:00:00Z,A-(401호 회로창고 1),22.0,52.4
2026-09-03T08:00:00Z,B-(401호 회로창고 2),22.6,50.4
2026-09-03T08:00:00Z,C-(402호 수입검사),23.2,65.2
2026-09-03T08:00:00Z,D-(406호 기구창고),22.9,58.1
2026-09-03T08:00:00Z,E-(408호 OQC),21.3,76.1
2026-09-03T08:00:00Z,F-(807호 생산 Line),23.2,51.8
2026-09-03T08:00:00Z,G-(401호 기구창고),20.1,75.0
2026-09-03T09:00:00Z,A-(401호 회로창고 1),22.0,57.8
2026-09-03T09:00:00Z,B-(401호 회로창고 2),22.3,55.2
2026-09-03T10:00:00Z,A-(401호 회로창고 1),21.9,56.2
2026-09-03T10:00:00Z,B-(401호 회로창고 2),22.2,55.4
2026-09-03T11:00:00Z,A-(401호 회로창고 1),22.1,57.5
2026-09-03T11:00:00Z,B-(401호 회로창고 2),22.2,54.8
2026-09-03T12:00:00Z,A-(401호 회로창고 1),22.0,54.3
2026-09-03T12:00:00Z,B-(401호 회로창고 2),22.1,53.9
2026-09-03T13:00:00Z,A-(401호 회로창고 1),21.9,53.3
2026-09-03T13:00:00Z,B-(401호 회로창고 2),22.0,52.8
2026-09-03T14:00:00Z,A-(401호 회로창고 1),21.9,58.2
2026-09-03T14:00:00Z,B-(401호 회로창고 2),22.1,56.0
2026-09-03T15:00:00Z,A-(401호 회로창고 1),22.1,54.7
2026-09-03T15:00:00Z,B-(401호 회로창고 2),22.0,54.0
2026-09-03T16:00:00Z,A-(401호 회로창고 1),21.9,55.2
2026-09-03T16:00:00Z,B-(401호 회로창고 2),21.9,52.4
2026-09-03T17:00:00Z,A-(401호 회로창고 1),22.0,58.3
2026-09-03T17:00:00Z,B-(401호 회로창고 2),22.0,56.8
2026-09-03T18:00:00Z,A-(401호 회로창고 1),22.0,53.8
2026-09-03T18:00:00Z,B-(401호 회로창고 2),22.0,53.9
2026-09-03T19:00:00Z,A-(401호 회로창고 1),22.1,58.5
2026-09-03T19:00:00Z,B-(401호 회로창고 2),22.0,56.5
2026-09-03T20:00:00Z,A-(401호 회로창고 1),22.0,53.0
2026-09-03T20:00:00Z,B-(401호 회로창고 2),21.9,54.0
2026-09-03T21:00:00Z,A-(401호 회로창고 1),21.9,52.8
2026-09-03T21:00:00Z,B-(401호 회로창고 2),21.9,52.9
2026-09-03T22:00:00Z,A-(401호 회로창고 1),22.0,56.9
2026-09-03T22:00:00Z,B-(401호 회로창고 2),21.9,56.0
2026-09-03T23:00:00Z,A-(401호 회로창고 1),22.0,53.7
2026-09-03T23:00:00Z,B-(401호 회로창고 2),21.9,54.8
2026-09-04T00:00:00Z,A-(401호 회로창고 1),21.9,53.0
2026-09-04T00:00:00Z,B-(401호 회로창고 2),21.9,53.2
2026-09-04T00:00:00Z,C-(402호 수입검사),23.1,65.3
2026-09-04T00:00:00Z,D-(406호 기구창고),24.0,55.8
2026-09-04T00:00:00Z,E-(408호 OQC),21.2,66.4
2026-09-04T00:00:00Z,F-(807호 생산 Line),24.0,48.2
2026-09-04T00:00:00Z,G-(401호 기구창고),20.1,63.8
2026-09-04T01:00:00Z,A-(401호 회로창고 1),21.9,54.6
2026-09-04T01:00:00Z,B-(401호 회로창고 2),22.2,51.7
2026-09-04T01:00:00Z,C-(402호 수입검사),22.8,64.3
2026-09-04T01:00:00Z,D-(406호 기구창고),24.2,53.7
2026-09-04T01:00:00Z,E-(408호 OQC),20.9,68.9
2026-09-04T01:00:00Z,F-(807호 생산 Line),23.2,48.7
2026-09-04T01:00:00Z,G-(401호 기구창고),19.7,66.6
2026-09-04T02:00:00Z,A-(401호 회로창고 1),21.9,52.6
2026-09-04T02:00:00Z,B-(401호 회로창고 2),22.4,51.5
2026-09-04T02:00:00Z,C-(402호 수입검사),22.7,63.7
2026-09-04T02:00:00Z,D-(406호 기구창고),24.1,53.1
2026-09-04T02:00:00Z,E-(408호 OQC),21.1,67.6
2026-09-04T02:00:00Z,F-(807호 생산 Line),22.8,48.5
2026-09-04T02:00:00Z,G-(401호 기구창고),19.7,72.4
2026-09-04T03:00:00Z,A-(401호 회로창고 1),21.9,52.3
2026-09-04T03:00:00Z,B-(401호 회로창고 2),22.5,50.7
2026-09-04T03:00:00Z,C-(402호 수입검사),22.6,62.2
2026-09-04T03:00:00Z,D-(406호 기구창고),23.8,51.6
2026-09-04T03:00:00Z,E-(408호 OQC),20.9,70.7
2026-09-04T03:00:00Z,F-(807호 생산 Line),22.6,48.9
2026-09-04T03:00:00Z,G-(401호 기구창고),19.6,68.8
2026-09-04T04:00:00Z,A-(401호 회로창고 1),22.3,56.0
2026-09-04T04:00:00Z,B-(401호 회로창고 2),22.8,53.7
2026-09-04T04:00:00Z,C-(402호 수입검사),24.3,58.3
2026-09-04T04:00:00Z,D-(406호 기구창고),23.9,53.5
2026-09-04T04:00:00Z,E-(408호 OQC),21.3,72.7
2026-09-04T04:00:00Z,F-(807호 생산 Line),22.4,48.7
2026-09-04T04:00:00Z,G-(401호 기구창고),19.5,69.3
2026-09-04T05:00:00Z,A-(401호 회로창고 1),22.0,52.5
2026-09-04T05:00:00Z,B-(401호 회로창고 2),22.7,50.5
2026-09-04T05:00:00Z,C-(402호 수입검사),24.9,58.3
2026-09-04T05:00:00Z,D-(406호 기구창고),23.7,51.4
2026-09-04T05:00:00Z,E-(408호 OQC),21.9,73.3
2026-09-04T05:00:00Z,F-(807호 생산 Line),22.2,49.9
2026-09-04T05:00:00Z,G-(401호 기구창고),19.6,73.5
2026-09-04T06:00:00Z,A-(401호 회로창고 1),22.4,56.2
2026-09-04T06:00:00Z,B-(401호 회로창고 2),22.7,51.5
2026-09-04T06:00:00Z,C-(402호 수입검사),25.3,58.1
2026-09-04T06:00:00Z,D-(406호 기구창고),23.4,51.1
2026-09-04T06:00:00Z,E-(408호 OQC),21.2,74.7
2026-09-04T06:00:00Z,F-(807호 생산 Line),22.4,50.1
2026-09-04T06:00:00Z,G-(401호 기구창고),19.7,70.8
2026-09-04T07:00:00Z,A-(401호 회로창고 1),22.1,57.2
2026-09-04T07:00:00Z,B-(401호 회로창고 2),22.7,53.3
2026-09-04T07:00:00Z,C-(402호 수입검사),23.4,55.7
2026-09-04T07:00:00Z,D-(406호 기구창고),23.2,50.8
2026-09-04T07:00:00Z,E-(408호 OQC),21.1,73.6
2026-09-04T07:00:00Z,F-(807호 생산 Line),22.8,50.0
2026-09-04T07:00:00Z,G-(401호 기구창고),19.5,72.7
2026-09-04T08:00:00Z,A-(401호 회로창고 1),22.0,53.2
2026-09-04T08:00:00Z,B-(401호 회로창고 2),22.6,50.0
2026-09-04T08:00:00Z,C-(402호 수입검사),23.6,58.7
2026-09-04T08:00:00Z,D-(406호 기구창고),23.5,51.5
2026-09-04T08:00:00Z,E-(408호 OQC),21.5,75.8
2026-09-04T08:00:00Z,F-(807호 생산 Line),23.0,49.6
2026-09-04T08:00:00Z,G-(401호 기구창고),19.7,67.7
2026-09-04T09:00:00Z,A-(401호 회로창고 1),22.0,52.5
2026-09-04T09:00:00Z,B-(401호 회로창고 2),22.4,51.4
2026-09-04T10:00:00Z,A-(401호 회로창고 1),21.9,52.6
2026-09-04T10:00:00Z,B-(401호 회로창고 2),22.2,51.8
2026-09-04T11:00:00Z,A-(401호 회로창고 1),21.9,52.0
2026-09-04T11:00:00Z,B-(401호 회로창고 2),22.1,51.5
2026-09-04T12:00:00Z,A-(401호 회로창고 1),22.0,56.4
2026-09-04T12:00:00Z,B-(401호 회로창고 2),22.1,52.5
2026-09-04T13:00:00Z,A-(401호 회로창고 1),22.0,57.6
2026-09-04T13:00:00Z,B-(401호 회로창고 2),22.1,55.0
2026-09-04T14:00:00Z,A-(401호 회로창고 1),22.3,58.7
2026-09-04T14:00:00Z,B-(401호 회로창고 2),22.2,55.6
2026-09-04T15:00:00Z,A-(401호 회로창고 1),22.2,54.1
2026-09-04T15:00:00Z,B-(401호 회로창고 2),22.1,54.0
2026-09-04T16:00:00Z,A-(401호 회로창고 1),22.0,52.2
2026-09-04T16:00:00Z,B-(401호 회로창고 2),22.0,52.9
2026-09-04T17:00:00Z,A-(401호 회로창고 1),22.0,56.6
2026-09-04T17:00:00Z,B-(401호 회로창고 2),21.9,51.8
2026-09-04T18:00:00Z,A-(401호 회로창고 1),22.1,57.7
2026-09-04T18:00:00Z,B-(401호 회로창고 2),22.0,56.1
2026-09-04T19:00:00Z,A-(401호 회로창고 1),22.2,55.0
2026-09-04T19:00:00Z,B-(401호 회로창고 2),22.0,54.9
2026-09-04T20:00:00Z,A-(401호 회로창고 1),22.1,53.2
2026-09-04T20:00:00Z,B-(401호 회로창고 2),22.0,53.8
2026-09-04T21:00:00Z,A-(401호 회로창고 1),21.9,51.6
2026-09-04T21:00:00Z,B-(401호 회로창고 2),21.9,52.0
2026-09-04T22:00:00Z,A-(401호 회로창고 1),22.1,58.3
2026-09-04T22:00:00Z,B-(401호 회로창고 2),22.0,56.9
2026-09-04T23:00:00Z,A-(401호 회로창고 1),22.1,54.7
2026-09-04T23:00:00Z,B-(401호 회로창고 2),22.0,54.5
2026-09-05T00:00:00Z,A-(401호 회로창고 1),22.1,53.7
2026-09-05T00:00:00Z,B-(401호 회로창고 2),22.0,53.8
2026-09-05T01:00:00Z,A-(401호 회로창고 1),22.0,52.6
2026-09-05T01:00:00Z,B-(401호 회로창고 2),22.0,52.8
2026-09-05T02:00:00Z,A-(401호 회로창고 1),22.0,56.7
2026-09-05T02:00:00Z,B-(401호 회로창고 2),22.1,52.8
2026-09-05T03:00:00Z,A-(401호 회로창고 1),22.2,57.9
2026-09-05T03:00:00Z,B-(401호 회로창고 2),22.3,54.7
2026-09-05T04:00:00Z,A-(401호 회로창고 1),22.0,53.3
2026-09-05T04:00:00Z,B-(401호 회로창고 2),22.2,52.4
2026-09-05T05:00:00Z,A-(401호 회로창고 1),21.9,55.6
2026-09-05T05:00:00Z,B-(401호 회로창고 2),22.3,51.7
2026-09-05T06:00:00Z,A-(401호 회로창고 1),22.1,58.2
2026-09-05T06:00:00Z,B-(401호 회로창고 2),22.3,54.9
2026-09-05T07:00:00Z,A-(401호 회로창고 1),22.2,54.3
2026-09-05T07:00:00Z,B-(401호 회로창고 2),22.4,55.0
2026-09-05T08:00:00Z,A-(401호 회로창고 1),22.1,53.8
2026-09-05T08:00:00Z,B-(401호 회로창고 2),22.3,52.9
2026-09-05T09:00:00Z,A-(401호 회로창고 1),22.0,52.5
2026-09-05T09:00:00Z,B-(401호 회로창고 2),22.1,52.0
2026-09-05T10:00:00Z,A-(401호 회로창고 1),22.0,57.4
2026-09-05T10:00:00Z,B-(401호 회로창고 2),22.1,54.3
2026-09-05T11:00:00Z,A-(401호 회로창고 1),22.2,59.0
2026-09-05T11:00:00Z,B-(401호 회로창고 2),22.2,55.2
2026-09-05T12:00:00Z,A-(401호 회로창고 1),22.2,54.6
2026-09-05T12:00:00Z,B-(401호 회로창고 2),22.1,54.2
2026-09-05T13:00:00Z,A-(401호 회로창고 1),22.0,56.0
2026-09-05T13:00:00Z,B-(401호 회로창고 2),22.0,52.1
2026-09-05T14:00:00Z,A-(401호 회로창고 1),22.1,57.6
2026-09-05T14:00:00Z,B-(401호 회로창고 2),22.1,56.3
2026-09-05T15:00:00Z,A-(401호 회로창고 1),22.1,54.2
2026-09-05T15:00:00Z,B-(401호 회로창고 2),22.1,54.0
2026-09-05T16:00:00Z,A-(401호 회로창고 1),22.0,52.8
2026-09-05T16:00:00Z,B-(401호 회로창고 2),22.0,53.1
2026-09-05T17:00:00Z,A-(401호 회로창고 1),22.0,56.0
2026-09-05T17:00:00Z,B-(401호 회로창고 2),22.0,56.3
2026-09-05T18:00:00Z,A-(401호 회로창고 1),22.3,58.3
2026-09-05T18:00:00Z,B-(401호 회로창고 2),22.1,55.7
2026-09-05T19:00:00Z,A-(401호 회로창고 1),22.1,53.2
2026-09-05T19:00:00Z,B-(401호 회로창고 2),22.0,53.9
2026-09-05T20:00:00Z,A-(401호 회로창고 1),22.0,57.2
2026-09-05T20:00:00Z,B-(401호 회로창고 2),21.9,56.0
2026-09-05T21:00:00Z,A-(401호 회로창고 1),22.2,59.1
2026-09-05T21:00:00Z,B-(401호 회로창고 2),22.0,57.4
2026-09-05T22:00:00Z,A-(401호 회로창고 1),22.1,54.1
2026-09-05T22:00:00Z,B-(401호 회로창고 2),22.0,54.1
2026-09-05T23:00:00Z,A-(401호 회로창고 1),21.9,52.4
2026-09-05T23:00:00Z,B-(401호 회로창고 2),21.9,52.4
2026-09-06T00:00:00Z,A-(401호 회로창고 1),22.1,57.9
2026-09-06T00:00:00Z,B-(401호 회로창고 2),22.0,56.2
2026-09-06T01:00:00Z,A-(401호 회로창고 1),22.0,53.0
2026-09-06T01:00:00Z,B-(401호 회로창고 2),22.2,54.9
2026-09-06T02:00:00Z,A-(401호 회로창고 1),22.0,52.7
2026-09-06T02:00:00Z,B-(401호 회로창고 2),22.1,52.6
2026-09-06T03:00:00Z,A-(401호 회로창고 1),22.0,57.2
2026-09-06T03:00:00Z,B-(401호 회로창고 2),22.2,51.6
2026-09-06T04:00:00Z,A-(401호 회로창고 1),22.2,54.2
2026-09-06T04:00:00Z,B-(401호 회로창고 2),22.4,54.0
2026-09-06T05:00:00Z,A-(401호 회로창고 1),22.1,53.3
2026-09-06T05:00:00Z,B-(401호 회로창고 2),22.4,52.4
2026-09-06T06:00:00Z,A-(401호 회로창고 1),22.0,57.8
2026-09-06T06:00:00Z,B-(401호 회로창고 2),22.3,51.4
2026-09-06T07:00:00Z,A-(401호 회로창고 1),22.2,54.1
2026-09-06T07:00:00Z,B-(401호 회로창고 2),22.4,53.8
2026-09-06T08:00:00Z,A-(401호 회로창고 1),22.0,52.6
2026-09-06T08:00:00Z,B-(401호 회로창고 2),22.2,52.2
2026-09-06T09:00:00Z,A-(401호 회로창고 1),22.1,58.7
2026-09-06T09:00:00Z,B-(401호 회로창고 2),22.2,56.0
2026-09-06T10:00:00Z,A-(401호 회로창고 1),22.2,54.9
2026-09-06T10:00:00Z,B-(401호 회로창고 2),22.2,53.9
2026-09-06T11:00:00Z,A-(401호 회로창고 1),22.0,52.6
2026-09-06T11:00:00Z,B-(401호 회로창고 2),22.1,52.3
2026-09-06T12:00:00Z,A-(401호 회로창고 1),22.1,58.6
2026-09-06T12:00:00Z,B-(401호 회로창고 2),22.1,55.7
2026-09-06T13:00:00Z,A-(401호 회로창고 1),22.2,54.0
2026-09-06T13:00:00Z,B-(401호 회로창고 2),22.1,53.7
2026-09-06T14:00:00Z,A-(401호 회로창고 1),22.1,57.9
2026-09-06T14:00:00Z,B-(401호 회로창고 2),22.1,56.2
2026-09-06T15:00:00Z,A-(401호 회로창고 1),22.2,59.0
2026-09-06T15:00:00Z,B-(401호 회로창고 2),22.1,55.2
2026-09-06T16:00:00Z,A-(401호 회로창고 1),22.1,52.4
2026-09-06T16:00:00Z,B-(401호 회로창고 2),22.1,53.3
2026-09-06T17:00:00Z,A-(401호 회로창고 1),22.0,55.1
2026-09-06T17:00:00Z,B-(401호 회로창고 2),22.1,56.7
2026-09-06T18:00:00Z,A-(401호 회로창고 1),22.1,52.7
2026-09-06T18:00:00Z,B-(401호 회로창고 2),22.1,54.7
2026-09-06T19:00:00Z,A-(401호 회로창고 1),22.0,52.6
2026-09-06T19:00:00Z,B-(401호 회로창고 2),22.0,53.1
2026-09-06T20:00:00Z,A-(401호 회로창고 1),22.0,58.1
2026-09-06T20:00:00Z,B-(401호 회로창고 2),22.0,55.6
2026-09-06T21:00:00Z,A-(401호 회로창고 1),22.1,53.1
2026-09-06T21:00:00Z,B-(401호 회로창고 2),22.0,53.3
2026-09-06T22:00:00Z,A-(401호 회로창고 1),21.9,56.3
2026-09-06T22:00:00Z,B-(401호 회로창고 2),21.9,52.3
2026-09-06T23:00:00Z,A-(401호 회로창고 1),22.1,58.2
2026-09-06T23:00:00Z,B-(401호 회로창고 2),22.0,57.1
2026-09-07T00:00:00Z,A-(401호 회로창고 1),22.3,58.2
2026-09-07T00:00:00Z,B-(401호 회로창고 2),22.4,56.0
2026-09-07T00:00:00Z,C-(402호 수입검사),23.4,55.6
2026-09-07T00:00:00Z,D-(406호 기구창고),26.2,50.7
2026-09-07T00:00:00Z,E-(408호 OQC),22.8,56.2
2026-09-07T00:00:00Z,F-(807호 생산 Line),24.8,50.4
2026-09-07T00:00:00Z,G-(401호 기구창고),19.8,58.1
2026-09-07T01:00:00Z,A-(401호 회로창고 1),22.2,57.7
2026-09-07T01:00:00Z,B-(401호 회로창고 2),22.5,54.7
2026-09-07T01:00:00Z,C-(402호 수입검사),23.1,57.7
2026-09-07T01:00:00Z,D-(406호 기구창고),26.2,48.7
2026-09-07T01:00:00Z,E-(408호 OQC),22.1,54.4
2026-09-07T01:00:00Z,F-(807호 생산 Line),24.8,49.7
2026-09-07T01:00:00Z,G-(401호 기구창고),19.8,57.6
2026-09-07T02:00:00Z,A-(401호 회로창고 1),22.5,57.5
2026-09-07T02:00:00Z,B-(401호 회로창고 2),23.2,53.7
2026-09-07T02:00:00Z,C-(402호 수입검사),23.0,55.6
2026-09-07T02:00:00Z,D-(406호 기구창고),25.3,50.1
2026-09-07T02:00:00Z,E-(408호 OQC),21.6,55.7
2026-09-07T02:00:00Z,F-(807호 생산 Line),24.7,47.4
2026-09-07T02:00:00Z,G-(401호 기구창고),19.6,60.0
2026-09-07T05:00:00Z,A-(401호 회로창고 1),23.015629,54.377964
2026-09-07T04:00:00Z,A-(401호 회로창고 1),23.004807,54.71231
2026-09-07T03:00:00Z,A-(401호 회로창고 1),22.988304,55.030167
2026-09-07T05:00:00Z,B-(401호 회로창고 2),23.32685,52.540863
2026-09-07T03:00:00Z,B-(401호 회로창고 2),23.366806,53.424446
2026-09-07T04:00:00Z,B-(401호 회로창고 2),23.410149,52.702602
2026-09-07T05:00:00Z,C-(402호 수입검사),23.889008,50.79905
2026-09-07T04:00:00Z,C-(402호 수입검사),24.263004,54.759354
2026-09-07T03:00:00Z,C-(402호 수입검사),22.89823,58.53498
2026-09-07T05:00:00Z,D-(406호 기구창고),24.333927,49.700214
2026-09-07T03:00:00Z,D-(406호 기구창고),25.277805,49.790874
2026-09-07T04:00:00Z,D-(406호 기구창고),24.59293,48.43722
2026-09-07T05:00:00Z,E-(408호 OQC),21.509369,55.47237
2026-09-07T04:00:00Z,E-(408호 OQC),22.416733,58.49015
2026-09-07T03:00:00Z,E-(408호 OQC),21.477821,55.905067
2026-09-07T03:00:00Z,F-(807호 생산 Line),24.660961,46.553787
2026-09-07T04:00:00Z,F-(807호 생산 Line),24.651844,46.219734
2026-09-07T05:00:00Z,F-(807호 생산 Line),24.597378,45.852146
2026-09-07T04:00:00Z,G-(401호 기구창고),19.63842,63.697395
2026-09-07T05:00:00Z,G-(401호 기구창고),19.630997,63.189613
2026-09-07T03:00:00Z,G-(401호 기구창고),19.6524,60.97246
2026-09-07T06:00:00Z,A-(401호 회로창고 1),23.000402,54.219654
2026-09-07T06:00:00Z,B-(401호 회로창고 2),23.453066,52.113213
2026-09-07T06:00:00Z,C-(402호 수입검사),23.03687,52.35476
2026-09-07T06:00:00Z,D-(406호 기구창고),24.039543,49.10681
2026-09-07T06:00:00Z,E-(408호 OQC),20.999458,55.647053
2026-09-07T06:00:00Z,F-(807호 생산 Line),24.572254,46.0806
2026-09-07T06:00:00Z,G-(401호 기구창고),19.691406,63.133385
2026-09-07T07:00:00Z,A-(401호 회로창고 1),23.069983,53.4541
2026-09-07T07:00:00Z,B-(401호 회로창고 2),23.49831,51.26972
2026-09-07T07:00:00Z,C-(402호 수입검사),22.84111,56.047157
2026-09-07T07:00:00Z,D-(406호 기구창고),23.893024,50.143864
2026-09-07T07:00:00Z,E-(408호 OQC),21.121033,59.408417
2026-09-07T07:00:00Z,F-(807호 생산 Line),24.548021,46.10022
2026-09-07T07:00:00Z,G-(401호 기구창고),19.546946,62.483864
2026-09-07T08:00:00Z,A-(401호 회로창고 1),22.799477,54.04
2026-09-07T08:00:00Z,B-(401호 회로창고 2),23.265116,51.839043
2026-09-07T08:00:00Z,C-(402호 수입검사),22.81054,56.454044
2026-09-07T08:00:00Z,D-(406호 기구창고),23.821354,50.276493
2026-09-07T08:00:00Z,E-(408호 OQC),21.42237,60.634106
2026-09-07T08:00:00Z,F-(807호 생산 Line),24.517563,45.823345
2026-09-07T08:00:00Z,G-(401호 기구창고),19.630997,64.83858
2026-09-07T09:00:00Z,A-(401호 회로창고 1),23.077278,53.454563
2026-09-07T09:00:00Z,B-(401호 회로창고 2),23.18055,52.03615
2026-09-07T10:00:00Z,A-(401호 회로창고 1),22.815165,54.220215
2026-09-07T10:00:00Z,B-(401호 회로창고 2),22.797264,52.754715
2026-09-07T11:00:00Z,A-(401호 회로창고 1),23.071178,53.930206
2026-09-07T11:00:00Z,B-(401호 회로창고 2),22.924578,53.174866
2026-09-07T12:00:00Z,A-(401호 회로창고 1),22.822807,54.773228
2026-09-07T12:00:00Z,B-(401호 회로창고 2),22.705551,53.777214
2026-09-07T13:00:00Z,A-(401호 회로창고 1),23.11057,53.734135
2026-09-07T13:00:00Z,B-(401호 회로창고 2),22.869267,53.248463
2026-09-07T14:00:00Z,A-(401호 회로창고 1),22.95887,54.65035
2026-09-07T14:00:00Z,B-(401호 회로창고 2),22.740547,54.164932
2026-09-07T15:00:00Z,A-(401호 회로창고 1),22.815367,55.247063
2026-09-07T15:00:00Z,B-(401호 회로창고 2),22.590508,53.71301
2026-09-07T16:00:00Z,A-(401호 회로창고 1),23.102749,54.722885
2026-09-07T16:00:00Z,B-(401호 회로창고 2),22.792236,54.48007
2026-09-07T17:00:00Z,A-(401호 회로창고 1),22.967358,55.045258
2026-09-07T17:00:00Z,B-(401호 회로창고 2),22.672165,54.70243
2026-09-07T18:00:00Z,A-(401호 회로창고 1),22.779968,55.57967
2026-09-07T18:00:00Z,B-(401호 회로창고 2),22.534393,54.970016
2026-09-07T19:00:00Z,A-(401호 회로창고 1),23.100636,54.46649
2026-09-07T19:00:00Z,B-(401호 회로창고 2),22.76267,54.551746
2026-09-07T20:00:00Z,A-(401호 회로창고 1),22.94215,55.12044
2026-09-07T20:00:00Z,B-(401호 회로창고 2),22.602373,54.90278
2026-09-07T21:00:00Z,A-(401호 회로창고 1),22.817177,55.0103
2026-09-07T21:00:00Z,B-(401호 회로창고 2),22.457361,54.319836
2026-09-07T22:00:00Z,A-(401호 회로창고 1),23.011623,54.972675
2026-09-07T22:00:00Z,B-(401호 회로창고 2),22.595737,55.05157
2026-09-07T23:00:00Z,A-(401호 회로창고 1),23.088804,54.60165
2026-09-07T23:00:00Z,B-(401호 회로창고 2),22.644207,54.98258
2026-09-08T00:00:00Z,A-(401호 회로창고 1),22.149437,50.093784
2026-09-08T00:00:00Z,B-(401호 회로창고 2),22.330853,49.769073
2026-09-08T00:00:00Z,C-(402호 수입검사),24.002117,57.72693
2026-09-08T00:00:00Z,D-(406호 기구창고),25.761917,49.254684
2026-09-08T00:00:00Z,E-(408호 OQC),21.946653,62.40567
2026-09-08T00:00:00Z,F-(807호 생산 Line),24.585148,47.55437
2026-09-08T00:00:00Z,G-(401호 기구창고),20.678415,58.00167
2026-09-08T01:00:00Z,A-(401호 회로창고 1),22.03938,50.717316
2026-09-08T01:00:00Z,B-(401호 회로창고 2),22.329445,49.253098
2026-09-08T01:00:00Z,C-(402호 수입검사),23.787739,58.541092
2026-09-08T01:00:00Z,D-(406호 기구창고),24.961525,49.830856
2026-09-08T01:00:00Z,E-(408호 OQC),21.406883,64.151146
2026-09-08T01:00:00Z,F-(807호 생산 Line),24.613384,46.6845
2026-09-08T01:00:00Z,G-(401호 기구창고),19.736107,61.362564
2026-09-08T02:00:00Z,A-(401호 회로창고 1),21.919544,49.73385
2026-09-08T02:00:00Z,B-(401호 회로창고 2),22.410095,47.93328
2026-09-08T02:00:00Z,C-(402호 수입검사),23.720085,58.31098
2026-09-08T02:00:00Z,D-(406호 기구창고),24.662294,49.895138
2026-09-08T02:00:00Z,E-(408호 OQC),21.1,65.190865
2026-09-08T02:00:00Z,F-(807호 생산 Line),24.628946,45.900967
2026-09-08T02:00:00Z,G-(401호 기구창고),19.597858,63.61244
2026-09-08T03:00:00Z,A-(401호 회로창고 1),22.090305,50.724297
2026-09-08T03:00:00Z,B-(401호 회로창고 2),22.632141,48.690098
2026-09-08T03:00:00Z,C-(402호 수입검사),23.643341,54.88485
2026-09-08T03:00:00Z,D-(406호 기구창고),23.698309,51.25564
2026-09-08T03:00:00Z,E-(408호 OQC),21.586042,63.682922
2026-09-08T03:00:00Z,F-(807호 생산 Line),24.627834,45.72708
2026-09-08T03:00:00Z,G-(401호 기구창고),19.543667,63.693604
2026-09-08T04:00:00Z,A-(401호 회로창고 1),22.183228,51.64314
2026-09-08T04:00:00Z,B-(401호 회로창고 2),22.783989,49.286144
2026-09-08T04:00:00Z,C-(402호 수입검사),24.190529,54.65036
2026-09-08T04:00:00Z,D-(406호 기구창고),23.775898,49.10579
2026-09-08T04:00:00Z,E-(408호 OQC),22.045498,57.55276
2026-09-08T04:00:00Z,F-(807호 생산 Line),24.600933,45.118065
2026-09-08T04:00:00Z,G-(401호 기구창고),19.559717,64.9814
2026-09-08T05:00:00Z,A-(401호 회로창고 1),22.335278,55.886543
2026-09-08T05:00:00Z,B-(401호 회로창고 2),22.935783,50.290844
2026-09-08T05:00:00Z,C-(402호 수입검사),23.80296,52.95783
2026-09-08T05:00:00Z,D-(406호 기구창고),23.41501,50.47892
2026-09-08T05:00:00Z,E-(408호 OQC),21.295794,56.61913
2026-09-08T05:00:00Z,F-(807호 생산 Line),24.558914,45.023186
2026-09-08T05:00:00Z,G-(401호 기구창고),19.323265,62.929634
2026-09-08T06:00:00Z,A-(401호 회로창고 1),21.43843,50.38111
2026-09-08T06:00:00Z,B-(401호 회로창고 2),22.75523,46.616726
2026-09-08T06:00:00Z,C-(402호 수입검사),23.648838,52.51805
2026-09-08T06:00:00Z,D-(406호 기구창고),23.76892,49.661392
2026-09-08T06:00:00Z,E-(408호 OQC),21.288147,57.7163
2026-09-08T06:00:00Z,F-(807호 생산 Line),24.574255,45.118362
2026-09-08T06:00:00Z,G-(401호 기구창고),19.803589,63.39906
2026-09-08T07:00:00Z,A-(401호 회로창고 1),21.826195,50.242176
2026-09-08T07:00:00Z,B-(401호 회로창고 2),22.83749,47.821404
2026-09-08T07:00:00Z,C-(402호 수입검사),23.564693,53.836464
2026-09-08T07:00:00Z,D-(406호 기구창고),23.754757,49.569153
2026-09-08T07:00:00Z,E-(408호 OQC),21.429638,60.597954
2026-09-08T07:00:00Z,F-(807호 생산 Line),24.538906,44.300797
2026-09-08T07:00:00Z,G-(401호 기구창고),19.630825,62.36858
2026-09-08T08:00:00Z,A-(401호 회로창고 1),22.203941,50.098824
2026-09-08T08:00:00Z,B-(401호 회로창고 2),22.997707,47.832367
2026-09-08T08:00:00Z,C-(402호 수입검사),23.571247,53.85781
2026-09-08T08:00:00Z,D-(406호 기구창고),23.587315,49.697517
2026-09-08T08:00:00Z,E-(408호 OQC),21.159657,59.917053
2026-09-08T08:00:00Z,F-(807호 생산 Line),23.873573,44.184406
2026-09-08T08:00:00Z,G-(401호 기구창고),19.503452,61.78263
2026-09-08T09:00:00Z,A-(401호 회로창고 1),22.356798,50.870346
2026-09-08T09:00:00Z,B-(401호 회로창고 2),22.810741,49.360825
2026-09-08T10:00:00Z,A-(401호 회로창고 1),22.524538,51.99315
2026-09-08T10:00:00Z,B-(401호 회로창고 2),22.7323,50.884857
2026-09-08T11:00:00Z,A-(401호 회로창고 1),22.51408,55.13761
2026-09-08T11:00:00Z,B-(401호 회로창고 2),22.574617,50.895966
2026-09-08T12:00:00Z,A-(401호 회로창고 1),22.236725,50.46047
2026-09-08T12:00:00Z,B-(401호 회로창고 2),22.49075,49.93503
2026-09-08T13:00:00Z,A-(401호 회로창고 1),22.185238,49.37021
2026-09-08T13:00:00Z,B-(401호 회로창고 2),22.443686,48.473198
2026-09-08T14:00:00Z,A-(401호 회로창고 1),22.076393,48.463566
2026-09-08T14:00:00Z,B-(401호 회로창고 2),22.345737,47.547634
2026-09-08T15:00:00Z,A-(401호 회로창고 1),22.35378,55.180466
2026-09-08T15:00:00Z,B-(401호 회로창고 2),22.418343,51.451824
2026-09-08T16:00:00Z,A-(401호 회로창고 1),22.213394,50.736336
2026-09-08T16:00:00Z,B-(401호 회로창고 2),22.38958,50.397507
2026-09-08T17:00:00Z,A-(401호 회로창고 1),22.15366,49.01374
2026-09-08T17:00:00Z,B-(401호 회로창고 2),22.33065,48.334732
2026-09-08T18:00:00Z,A-(401호 회로창고 1),22.122686,52.309135
2026-09-08T18:00:00Z,B-(401호 회로창고 2),22.269108,50.356255
2026-09-08T19:00:00Z,A-(401호 회로창고 1),22.131134,49.267487
2026-09-08T19:00:00Z,B-(401호 회로창고 2),22.299274,49.087826
2026-09-08T20:00:00Z,A-(401호 회로창고 1),22.311745,50.92406
2026-09-08T20:00:00Z,B-(401호 회로창고 2),22.334473,50.956966
2026-09-08T21:00:00Z,A-(401호 회로창고 1),22.286606,54.006405
2026-09-08T21:00:00Z,B-(401호 회로창고 2),22.279766,51.6007
2026-09-08T22:00:00Z,A-(401호 회로창고 1),22.099558,48.66032
2026-09-08T22:00:00Z,B-(401호 회로창고 2),22.243565,48.4277
2026-09-08T23:00:00Z,A-(401호 회로창고 1),22.219227,50.578537
2026-09-08T23:00:00Z,B-(401호 회로창고 2),22.292639,50.61465
2026-09-09T00:00:00Z,A-(401호 회로창고 1),22.107403,48.46532
2026-09-09T00:00:00Z,B-(401호 회로창고 2),22.320797,47.824203
2026-09-09T00:00:00Z,C-(402호 수입검사),23.684566,53.418213
2026-09-09T00:00:00Z,D-(406호 기구창고),23.115644,51.839096
2026-09-09T00:00:00Z,E-(408호 OQC),22.368866,62.39471
2026-09-09T00:00:00Z,F-(807호 생산 Line),24.367052,45.761986
2026-09-09T00:00:00Z,G-(401호 기구창고),20.597202,56.8278
2026-09-09T01:00:00Z,A-(401호 회로창고 1),22.413315,55.02797
2026-09-09T01:00:00Z,B-(401호 회로창고 2),22.579647,51.88691
2026-09-09T01:00:00Z,C-(402호 수입검사),23.416912,55.616863
2026-09-09T01:00:00Z,D-(406호 기구창고),22.77695,54.17804
2026-09-09T01:00:00Z,E-(408호 OQC),22.390387,65.21255
2026-09-09T01:00:00Z,F-(807호 생산 Line),24.316362,43.42273
2026-09-09T01:00:00Z,G-(401호 기구창고),19.31757,63.923355
2026-09-09T02:00:00Z,A-(401호 회로창고 1),22.038525,50.104202
2026-09-09T02:00:00Z,B-(401호 회로창고 2),22.583267,48.760624
2026-09-09T02:00:00Z,C-(402호 수입검사),23.09704,56.238037
2026-09-09T02:00:00Z,D-(406호 기구창고),22.918997,53.254715
2026-09-09T02:00:00Z,E-(408호 OQC),22.145214,63.839054
2026-09-09T02:00:00Z,F-(807호 생산 Line),24.303913,42.504482
2026-09-09T02:00:00Z,G-(401호 기구창고),20.945702,59.963753
2026-09-09T03:00:00Z,A-(401호 회로창고 1),21.869217,48.870346
2026-09-09T03:00:00Z,B-(401호 회로창고 2),22.682018,46.786736
2026-09-09T03:00:00Z,C-(402호 수입검사),23.04025,55.500504
2026-09-09T03:00:00Z,D-(406호 기구창고),23.39239,52.42727
2026-09-09T03:00:00Z,E-(408호 OQC),22.068584,63.571297
2026-09-09T03:00:00Z,F-(807호 생산 Line),24.223877,41.78313
2026-09-09T03:00:00Z,G-(401호 기구창고),19.522781,61.138405
2026-09-09T04:00:00Z,A-(401호 회로창고 1),21.936222,53.659225
2026-09-09T04:00:00Z,B-(401호 회로창고 2),22.818985,48.78501
2026-09-09T04:00:00Z,C-(402호 수입검사),23.026321,56.537487
2026-09-09T04:00:00Z,D-(406호 기구창고),22.566975,52.73439
2026-09-09T04:00:00Z,E-(408호 OQC),22.41613,62.595016
2026-09-09T04:00:00Z,F-(807호 생산 Line),24.158516,41.47224
2026-09-09T04:00:00Z,G-(401호 기구창고),19.270107,65.10548
2026-09-09T05:00:00Z,A-(401호 회로창고 1),22.19268,55.41928
2026-09-09T05:00:00Z,B-(401호 회로창고 2),22.959602,48.158676
2026-09-09T05:00:00Z,C-(402호 수입검사),23.152641,53.83802
2026-09-09T05:00:00Z,D-(406호 기구창고),22.598953,51.551975
2026-09-09T05:00:00Z,E-(408호 OQC),22.064762,66.664055
2026-09-09T05:00:00Z,F-(807호 생산 Line),23.383297,42.03234
2026-09-09T05:00:00Z,G-(401호 기구창고),19.28426,61.97744
2026-09-09T06:00:00Z,A-(401호 회로창고 1),22.162912,55.672424
2026-09-09T06:00:00Z,B-(401호 회로창고 2),23.013088,49.079544
2026-09-09T06:00:00Z,C-(402호 수입검사),23.031082,55.477318
2026-09-09T06:00:00Z,D-(406호 기구창고),22.730492,50.196022
2026-09-09T06:00:00Z,E-(408호 OQC),22.10539,64.55852
2026-09-09T06:00:00Z,F-(807호 생산 Line),22.731094,43.788677
2026-09-09T06:00:00Z,G-(401호 기구창고),19.335518,62.721874
2026-09-09T07:00:00Z,A-(401호 회로창고 1),22.31597,54.602528
2026-09-09T07:00:00Z,C-(402호 수입검사),22.91251,53.895466
2026-09-09T07:00:00Z,D-(406호 기구창고),22.321602,51.024277
2026-09-09T07:00:00Z,E-(408호 OQC),22.165728,67.324165
2026-09-09T07:00:00Z,F-(807호 생산 Line),22.735722,43.233505
2026-09-09T07:00:00Z,G-(401호 기구창고),20.222565,65.5469
2026-09-09T08:00:00Z,A-(401호 회로창고 1),22.03032,55.04805
2026-09-09T08:00:00Z,B-(401호 회로창고 2),22.87872,49.146854
2026-09-09T07:00:00Z,B-(401호 회로창고 2),23.01482,50.686653
2026-09-09T08:00:00Z,C-(402호 수입검사),22.893604,55.17931
2026-09-09T08:00:00Z,D-(406호 기구창고),22.28037,50.72535
2026-09-09T08:00:00Z,E-(408호 OQC),22.281576,66.79005
2026-09-09T08:00:00Z,F-(807호 생산 Line),23.09556,42.689816
2026-09-09T08:00:00Z,G-(401호 기구창고),19.405766,62.727795
2026-09-09T09:00:00Z,A-(401호 회로창고 1),22.209774,53.841335
2026-09-09T09:00:00Z,B-(401호 회로창고 2),22.743767,50.941887
2026-09-09T10:00:00Z,A-(401호 회로창고 1),22.511063,52.408787
2026-09-09T10:00:00Z,B-(401호 회로창고 2),22.736122,50.681526
2026-09-09T11:00:00Z,A-(401호 회로창고 1),22.307522,52.78393
2026-09-09T11:00:00Z,B-(401호 회로창고 2),22.600163,50.747364
2026-09-09T12:00:00Z,A-(401호 회로창고 1),22.661505,51.910503
2026-09-09T12:00:00Z,B-(401호 회로창고 2),22.672365,50.779778
2026-09-09T13:00:00Z,A-(401호 회로창고 1),22.373491,52.474182
2026-09-09T13:00:00Z,B-(401호 회로창고 2),22.534594,50.818497
2026-09-09T14:00:00Z,A-(401호 회로창고 1),22.677193,51.732796
2026-09-09T14:00:00Z,B-(401호 회로창고 2),22.609814,50.755882
2026-09-09T15:00:00Z,A-(401호 회로창고 1),22.42659,52.204964
2026-09-09T15:00:00Z,B-(401호 회로창고 2),22.491554,50.795
2026-09-09T16:00:00Z,A-(401호 회로창고 1),22.685638,51.16062
2026-09-09T16:00:00Z,B-(401호 회로창고 2),22.59292,50.77301
2026-09-09T17:00:00Z,A-(401호 회로창고 1),22.527756,51.916985
2026-09-09T17:00:00Z,B-(401호 회로창고 2),22.50925,50.895348
2026-09-09T18:00:00Z,A-(401호 회로창고 1),22.347546,52.155563
2026-09-09T18:00:00Z,B-(401호 회로창고 2),22.451529,50.742386
2026-09-09T19:00:00Z,A-(401호 회로창고 1),22.59996,49.426968
2026-09-09T19:00:00Z,B-(401호 회로창고 2),22.536806,49.559654
2026-09-09T20:00:00Z,A-(401호 회로창고 1),22.579445,51.52752
2026-09-09T20:00:00Z,B-(401호 회로창고 2),22.491352,50.714947
2026-09-09T21:00:00Z,A-(401호 회로창고 1),22.310337,52.270943
2026-09-09T21:00:00Z,B-(401호 회로창고 2),22.422565,49.909336
2026-09-09T22:00:00Z,A-(401호 회로창고 1),22.641392,51.370872
2026-09-09T22:00:00Z,B-(401호 회로창고 2),22.48753,50.716698
2026-09-09T23:00:00Z,A-(401호 회로창고 1),22.469429,51.713524
2026-09-09T23:00:00Z,B-(401호 회로창고 2),22.44831,50.711494
2026-09-10T00:00:00Z,A-(401호 회로창고 1),22.296661,52.20993
2026-09-10T00:00:00Z,B-(401호 회로창고 2),22.531174,49.942
2026-09-10T00:00:00Z,C-(402호 수입검사),23.255814,51.41587
2026-09-10T00:00:00Z,D-(406호 기구창고),22.37148,47.902946
2026-09-10T00:00:00Z,E-(408호 OQC),22.21782,61.731667
2026-09-10T00:00:00Z,F-(807호 생산 Line),23.724312,43.735313
2026-09-10T00:00:00Z,G-(401호 기구창고),20.32558,57.405136
2026-09-10T01:00:00Z,A-(401호 회로창고 1),22.110016,52.171036
2026-09-10T01:00:00Z,B-(401호 회로창고 2),22.625301,49.69218
2026-09-10T01:00:00Z,C-(402호 수입검사),23.210995,51.393288
2026-09-10T01:00:00Z,D-(406호 기구창고),21.697897,48.234447
2026-09-10T01:00:00Z,E-(408호 OQC),22.352573,61.21717
2026-09-10T01:00:00Z,F-(807호 생산 Line),23.688795,42.42044
2026-09-10T01:00:00Z,G-(401호 기구창고),19.28236,63.352283
2026-09-10T02:00:00Z,A-(401호 회로창고 1),22.660095,49.125244
2026-09-10T02:00:00Z,B-(401호 회로창고 2),22.865646,48.231377
2026-09-10T02:00:00Z,C-(402호 수입검사),22.991781,51.23301
2026-09-10T02:00:00Z,D-(406호 기구창고),21.566349,49.784176
2026-09-10T02:00:00Z,E-(408호 OQC),22.303299,61.478092
2026-09-10T02:00:00Z,F-(807호 생산 Line),20.515625,46.769386
2026-09-10T02:00:00Z,G-(401호 기구창고),19.1757,62.11532
2026-09-10T03:00:00Z,A-(401호 회로창고 1),22.440063,49.94604
2026-09-10T03:00:00Z,B-(401호 회로창고 2),22.801289,48.40149
2026-09-10T03:00:00Z,C-(402호 수입검사),22.984814,50.4562
2026-09-10T03:00:00Z,D-(406호 기구창고),21.677246,50.20937
2026-09-10T03:00:00Z,E-(408호 OQC),22.391994,59.26907
2026-09-10T03:00:00Z,F-(807호 생산 Line),20.52689,47.845345
2026-09-10T03:00:00Z,G-(401호 기구창고),20.051336,60.92678
2026-09-10T04:00:00Z,A-(401호 회로창고 1),22.77494,47.788822
2026-09-10T04:00:00Z,B-(401호 회로창고 2),22.95622,46.99476
2026-09-10T04:00:00Z,C-(402호 수입검사),23.400211,51.024746
2026-09-10T04:00:00Z,D-(406호 기구창고),21.564627,51.816067
2026-09-10T04:00:00Z,E-(408호 OQC),22.44268,59.143936
2026-09-10T04:00:00Z,F-(807호 생산 Line),20.70258,47.26784
2026-09-10T04:00:00Z,G-(401호 기구창고),19.438385,64.12845
2026-09-10T05:00:00Z,A-(401호 회로창고 1),22.634754,48.98568
2026-09-10T05:00:00Z,B-(401호 회로창고 2),22.917137,48.056633
2026-09-10T05:00:00Z,C-(402호 수입검사),23.219873,50.94499
2026-09-10T05:00:00Z,D-(406호 기구창고),21.652773,51.326828
2026-09-10T05:00:00Z,E-(408호 OQC),22.015316,61.605713
2026-09-10T05:00:00Z,F-(807호 생산 Line),20.771439,47.87705
2026-09-10T05:00:00Z,G-(401호 기구창고),19.471176,60.856308
2026-09-10T06:00:00Z,A-(401호 회로창고 1),22.593323,49.23516
2026-09-10T06:00:00Z,B-(401호 회로창고 2),22.911505,47.853054
2026-09-10T06:00:00Z,C-(402호 수입검사),23.018139,51.929718
2026-09-10T06:00:00Z,D-(406호 기구창고),21.92258,51.82148
2026-09-10T06:00:00Z,E-(408호 OQC),22.000988,62.17517
2026-09-10T06:00:00Z,F-(807호 생산 Line),20.774164,48.392494
2026-09-10T06:00:00Z,G-(401호 기구창고),19.27097,64.59798
2026-09-10T07:00:00Z,A-(401호 회로창고 1),22.706959,49.458004
2026-09-10T07:00:00Z,B-(401호 회로창고 2),22.927795,47.934578
2026-09-10T07:00:00Z,C-(402호 수입검사),22.91412,52.08221
2026-09-10T07:00:00Z,D-(406호 기구창고),21.945995,52.08212
2026-09-10T07:00:00Z,E-(408호 OQC),21.912237,63.29972
2026-09-10T07:00:00Z,F-(807호 생산 Line),20.814682,48.21549
2026-09-10T07:00:00Z,G-(401호 기구창고),19.364513,64.89974
2026-09-10T08:00:00Z,A-(401호 회로창고 1),22.886566,49.40069
2026-09-10T08:00:00Z,B-(401호 회로창고 2),22.99284,48.289173
2026-09-10T08:00:00Z,C-(402호 수입검사),22.898834,52.346024
2026-09-10T08:00:00Z,D-(406호 기구창고),21.690058,53.705544
2026-09-10T08:00:00Z,E-(408호 OQC),21.866539,64.125435
2026-09-10T08:00:00Z,F-(807호 생산 Line),20.820858,48.19697
2026-09-10T08:00:00Z,G-(401호 기구창고),19.098034,64.92073
2026-09-10T09:00:00Z,A-(401호 회로창고 1),23.065575,49.046906
2026-09-10T09:00:00Z,B-(401호 회로창고 2),22.930927,48.39067
2026-09-10T10:00:00Z,A-(401호 회로창고 1),23.031067,49.181892
2026-09-10T10:00:00Z,B-(401호 회로창고 2),22.818584,48.78501
2026-09-10T11:00:00Z,A-(401호 회로창고 1),23.071602,49.224113
2026-09-10T11:00:00Z,B-(401호 회로창고 2),22.798271,49.013443
2026-09-10T12:00:00Z,A-(401호 회로창고 1),23.121353,49.24893
2026-09-10T12:00:00Z,B-(401호 회로창고 2),22.786606,49.23853
2026-09-10T13:00:00Z,A-(401호 회로창고 1),23.12854,49.305454
2026-09-10T13:00:00Z,B-(401호 회로창고 2),22.725262,49.467934
2026-09-10T14:00:00Z,A-(401호 회로창고 1),23.160677,48.646023
2026-09-10T14:00:00Z,B-(401호 회로창고 2),22.74638,49.49435
2026-09-10T15:00:00Z,A-(401호 회로창고 1),22.99612,48.687565
2026-09-10T15:00:00Z,B-(401호 회로창고 2),22.689863,48.822838
2026-09-10T16:00:00Z,A-(401호 회로창고 1),22.831657,49.96521
2026-09-10T16:00:00Z,B-(401호 회로창고 2),22.579445,49.717396
2026-09-10T17:00:00Z,A-(401호 회로창고 1),22.815365,50.004093
2026-09-10T17:00:00Z,B-(401호 회로창고 2),22.549679,49.843086
2026-09-10T18:00:00Z,A-(401호 회로창고 1),22.821,50.004383
2026-09-10T18:00:00Z,B-(401호 회로창고 2),22.531578,49.89243
2026-09-10T19:00:00Z,A-(401호 회로창고 1),22.915974,50.01291
2026-09-10T19:00:00Z,B-(401호 회로창고 2),22.54988,50.049316
2026-09-10T20:00:00Z,A-(401호 회로창고 1),22.994926,49.863453
2026-09-10T20:00:00Z,B-(401호 회로창고 2),22.57341,50.156326
2026-09-10T21:00:00Z,A-(401호 회로창고 1),23.11036,49.814415
2026-09-10T21:00:00Z,B-(401호 회로창고 2),22.588495,50.336365
2026-09-10T22:00:00Z,A-(401호 회로창고 1),23.118816,49.69671
2026-09-10T22:00:00Z,B-(401호 회로창고 2),22.565365,50.359592
2026-09-10T23:00:00Z,A-(401호 회로창고 1),23.087309,49.81251
2026-09-10T23:00:00Z,B-(401호 회로창고 2),22.551891,50.386395
2026-09-11T00:00:00Z,A-(401호 회로창고 1),23.104015,49.30461
2026-09-11T00:00:00Z,B-(401호 회로창고 2),22.80531,49.660095
2026-09-11T00:00:00Z,C-(402호 수입검사),22.939865,55.10563
2026-09-11T00:00:00Z,D-(406호 기구창고),24.706535,48.6909
2026-09-11T00:00:00Z,E-(408호 OQC),22.093925,59.845512
2026-09-11T00:00:00Z,F-(807호 생산 Line),20.960253,48.584408
2026-09-11T00:00:00Z,G-(401호 기구창고),19.664825,60.041725
2026-09-11T01:00:00Z,A-(401호 회로창고 1),22.96218,48.21929
2026-09-11T01:00:00Z,B-(401호 회로창고 2),23.007225,48.29506
2026-09-11T01:00:00Z,C-(402호 수입검사),22.877312,55.20033
2026-09-11T01:00:00Z,D-(406호 기구창고),24.543129,47.518696
2026-09-11T01:00:00Z,E-(408호 OQC),21.867496,62.078697
2026-09-11T01:00:00Z,F-(807호 생산 Line),20.80505,48.905704
2026-09-11T01:00:00Z,G-(401호 기구창고),19.176044,62.581062
2026-09-11T02:00:00Z,A-(401호 회로창고 1),22.851368,49.94766
2026-09-11T02:00:00Z,B-(401호 회로창고 2),23.150528,47.897938
2026-09-11T02:00:00Z,C-(402호 수입검사),22.800282,55.09136
2026-09-11T02:00:00Z,D-(406호 기구창고),24.343487,47.041267
2026-09-11T02:00:00Z,E-(408호 OQC),21.936329,63.653366
2026-09-11T02:00:00Z,F-(807호 생산 Line),20.785248,49.99951
2026-09-11T02:00:00Z,G-(401호 기구창고),19.272696,63.121216
2026-09-11T03:00:00Z,A-(401호 회로창고 1),22.898632,50.329727
2026-09-11T03:00:00Z,B-(401호 회로창고 2),23.285412,48.472794
2026-09-11T03:00:00Z,C-(402호 수입검사),22.634754,56.110497
2026-09-11T03:00:00Z,D-(406호 기구창고),23.659409,47.720215
2026-09-11T03:00:00Z,E-(408호 OQC),19.128925,74.937195
2026-09-11T03:00:00Z,F-(807호 생산 Line),20.698765,50.309948
2026-09-11T03:00:00Z,G-(401호 기구창고),19.16914,68.12367
2026-09-11T04:00:00Z,A-(401호 회로창고 1),22.932983,50.233215
2026-09-11T04:00:00Z,B-(401호 회로창고 2),23.350739,48.350822
2026-09-11T04:00:00Z,C-(402호 수입검사),25.202805,48.54941
2026-09-11T04:00:00Z,D-(406호 기구창고),22.904877,50.531933
2026-09-11T04:00:00Z,E-(408호 OQC),18.498524,77.102165
2026-09-11T04:00:00Z,F-(807호 생산 Line),20.737282,50.207115
2026-09-11T04:00:00Z,G-(401호 기구창고),19.222126,68.42095
2026-09-11T05:00:00Z,A-(401호 회로창고 1),22.939835,49.977848
2026-09-11T05:00:00Z,B-(401호 회로창고 2),23.398308,47.949726
2026-09-11T05:00:00Z,C-(402호 수입검사),24.170074,49.281265
2026-09-11T05:00:00Z,D-(406호 기구창고),22.623894,49.689102
2026-09-11T05:00:00Z,E-(408호 OQC),20.761084,67.92423
2026-09-11T05:00:00Z,F-(807호 생산 Line),20.695312,50.791626
2026-09-11T05:00:00Z,G-(401호 기구창고),19.122368,65.50993
2026-09-11T06:00:00Z,A-(401호 회로창고 1),22.837893,49.163822
2026-09-11T06:00:00Z,B-(401호 회로창고 2),23.44186,46.810482
2026-09-11T06:00:00Z,C-(402호 수입검사),23.666595,49.800816
2026-09-11T06:00:00Z,D-(406호 기구창고),22.456154,49.979378
2026-09-11T06:00:00Z,E-(408호 OQC),21.728298,64.72778
2026-09-11T06:00:00Z,F-(807호 생산 Line),20.676235,50.291656
2026-09-11T06:00:00Z,G-(401호 기구창고),19.639801,63.239136
2026-09-11T07:00:00Z,A-(401호 회로창고 1),22.919703,49.576088
2026-09-11T07:00:00Z,B-(401호 회로창고 2),23.502537,47.2215
2026-09-11T07:00:00Z,C-(402호 수입검사),23.522833,50.420208
2026-09-11T07:00:00Z,D-(406호 기구창고),22.289824,50.41827
2026-09-11T07:00:00Z,E-(408호 OQC),21.765202,64.447586
2026-09-11T07:00:00Z,F-(807호 생산 Line),20.703306,50.726955
2026-09-11T07:00:00Z,G-(401호 기구창고),19.24974,67.87831
2026-09-11T08:00:00Z,A-(401호 회로창고 1),22.830853,50.084076
2026-09-11T08:00:00Z,B-(401호 회로창고 2),23.442917,47.21486
2026-09-11T08:00:00Z,C-(402호 수입검사),23.513107,51.176636
2026-09-11T08:00:00Z,D-(406호 기구창고),22.24316,51.415897
2026-09-11T08:00:00Z,E-(408호 OQC),21.797516,64.43127
2026-09-11T08:00:00Z,F-(807호 생산 Line),20.744913,50.9086
2026-09-11T08:00:00Z,G-(401호 기구창고),19.251467,65.54371
2026-09-11T09:00:00Z,A-(401호 회로창고 1),22.82482,50.244587
2026-09-11T09:00:00Z,B-(401호 회로창고 2),23.156448,48.256638
2026-09-11T10:00:00Z,A-(401호 회로창고 1),23.06089,47.739395
2026-09-11T10:00:00Z,B-(401호 회로창고 2),23.073315,47.791664
2026-09-11T11:00:00Z,A-(401호 회로창고 1),23.121141,49.855484
2026-09-11T11:00:00Z,B-(401호 회로창고 2),22.982876,49.232628
2026-09-11T12:00:00Z,A-(401호 회로창고 1),23.028084,50.024334
2026-09-11T12:00:00Z,B-(401호 회로창고 2),22.881939,49.353477
2026-09-11T13:00:00Z,A-(401호 회로창고 1),22.864843,50.365105
2026-09-11T13:00:00Z,B-(401호 회로창고 2),22.798271,49.431965
2026-09-11T14:00:00Z,A-(401호 회로창고 1),23.209724,49.824306
2026-09-11T14:00:00Z,B-(401호 회로창고 2),22.858208,49.74238
2026-09-11T15:00:00Z,A-(401호 회로창고 1),23.078522,50.128345
2026-09-11T15:00:00Z,B-(401호 회로창고 2),22.800884,49.92354
2026-09-11T16:00:00Z,A-(401호 회로창고 1),22.893002,50.647095
2026-09-11T16:00:00Z,B-(401호 회로창고 2),22.750402,50.04379
2026-09-11T17:00:00Z,A-(401호 회로창고 1),23.100845,48.213028
2026-09-11T17:00:00Z,B-(401호 회로창고 2),22.789017,49.21335
2026-09-11T18:00:00Z,A-(401호 회로창고 1),23.106552,50.529873
2026-09-11T18:00:00Z,B-(401호 회로창고 2),22.739342,50.60656
2026-09-11T19:00:00Z,A-(401호 회로창고 1),22.966269,50.89206
2026-09-11T19:00:00Z,B-(401호 회로창고 2),22.681015,50.75466
2026-09-11T20:00:00Z,A-(401호 회로창고 1),22.983112,50.29935
2026-09-11T20:00:00Z,B-(401호 회로창고 2),22.713799,49.551487
2026-09-11T21:00:00Z,A-(401호 회로창고 1),23.132135,50.76711
2026-09-11T21:00:00Z,B-(401호 회로창고 2),22.703941,51.066833
2026-09-11T22:00:00Z,A-(401호 회로창고 1),22.954987,51.307926
2026-09-11T22:00:00Z,B-(401호 회로창고 2),22.643002,51.245716
2026-09-11T23:00:00Z,A-(401호 회로창고 1),23.092775,49.321617
2026-09-11T23:00:00Z,B-(401호 회로창고 2),22.70515,50.34933
2026-09-12T00:00:00Z,A-(401호 회로창고 1),23.065907,51.375095
2026-09-12T00:00:00Z,B-(401호 회로창고 2),22.69992,51.561726
2026-09-12T01:00:00Z,A-(401호 회로창고 1),22.906889,52.23311
2026-09-12T01:00:00Z,B-(401호 회로창고 2),22.710178,52.15191
2026-09-12T02:00:00Z,A-(401호 회로창고 1),22.879929,52.565887
2026-09-12T02:00:00Z,B-(401호 회로창고 2),22.749798,50.6345
2026-09-12T03:00:00Z,A-(401호 회로창고 1),22.766895,53.82092
2026-09-12T03:00:00Z,B-(401호 회로창고 2),22.68745,52.903866
2026-09-12T04:00:00Z,A-(401호 회로창고 1),22.658487,54.678375
2026-09-12T04:00:00Z,B-(401호 회로창고 2),22.647627,53.184288
2026-09-12T05:00:00Z,A-(401호 회로창고 1),22.517498,55.650845
2026-09-12T05:00:00Z,B-(401호 회로창고 2),22.618464,53.10224
2026-09-12T06:00:00Z,A-(401호 회로창고 1),22.313757,48.759075
2026-09-12T06:00:00Z,B-(401호 회로창고 2),22.623291,48.56936
2026-09-12T07:00:00Z,A-(401호 회로창고 1),22.253822,56.492462
2026-09-12T07:00:00Z,B-(401호 회로창고 2),22.509655,51.41066
2026-09-12T08:00:00Z,A-(401호 회로창고 1),22.031298,50.225197
2026-09-12T08:00:00Z,B-(401호 회로창고 2),22.41432,49.40635
2026-09-12T09:00:00Z,A-(401호 회로창고 1),22.100563,54.97821
2026-09-12T09:00:00Z,B-(401호 회로창고 2),22.328438,51.319813
2026-09-12T10:00:00Z,A-(401호 회로창고 1),21.979511,49.50423
2026-09-12T10:00:00Z,B-(401호 회로창고 2),22.258247,48.4119
2026-09-12T11:00:00Z,A-(401호 회로창고 1),21.950237,49.83941
2026-09-12T11:00:00Z,B-(401호 회로창고 2),22.215607,49.50264
2026-09-12T12:00:00Z,A-(401호 회로창고 1),22.109816,51.65804
2026-09-12T12:00:00Z,B-(401호 회로창고 2),22.257038,51.520416
2026-09-12T13:00:00Z,A-(401호 회로창고 1),22.239742,56.274044
2026-09-12T13:00:00Z,B-(401호 회로창고 2),22.204948,51.645416
2026-09-12T14:00:00Z,A-(401호 회로창고 1),21.964514,48.998085
2026-09-12T14:00:00Z,B-(401호 회로창고 2),22.133749,48.901337
2026-09-12T15:00:00Z,A-(401호 회로창고 1),21.98264,50.23779
2026-09-12T15:00:00Z,B-(401호 회로창고 2),22.140789,50.585976
2026-09-12T16:00:00Z,A-(401호 회로창고 1),22.281376,53.693787
2026-09-12T16:00:00Z,B-(401호 회로창고 2),22.194489,53.31931
2026-09-12T17:00:00Z,A-(401호 회로창고 1),22.06339,53.37316
2026-09-12T17:00:00Z,B-(401호 회로창고 2),22.07354,51.965816
2026-09-12T18:00:00Z,A-(401호 회로창고 1),21.889484,49.245148
2026-09-12T18:00:00Z,B-(401호 회로창고 2),22.058151,49.358265
2026-09-12T19:00:00Z,A-(401호 회로창고 1),22.106396,51.873882
2026-09-12T19:00:00Z,B-(401호 회로창고 2),22.13234,52.125896
2026-09-12T20:00:00Z,A-(401호 회로창고 1),22.077255,55.625095
2026-09-12T20:00:00Z,B-(401호 회로창고 2),22.055696,54.825428
2026-09-12T21:00:00Z,A-(401호 회로창고 1),21.900764,48.467216
2026-09-12T21:00:00Z,B-(401호 회로창고 2),21.993282,48.81672
2026-09-12T22:00:00Z,A-(401호 회로창고 1),21.97361,50.595505
2026-09-12T22:00:00Z,B-(401호 회로창고 2),22.021954,51.16517
2026-09-12T23:00:00Z,A-(401호 회로창고 1),22.183428,52.01968
2026-09-12T23:00:00Z,B-(401호 회로창고 2),22.074917,52.563507
2026-09-13T00:00:00Z,A-(401호 회로창고 1),22.124296,54.565052
2026-09-13T00:00:00Z,B-(401호 회로창고 2),22.036842,53.38117
2026-09-13T01:00:00Z,A-(401호 회로창고 1),21.93697,49.9778
2026-09-13T01:00:00Z,B-(401호 회로창고 2),21.994953,50.129814
2026-09-13T02:00:00Z,A-(401호 회로창고 1),22.058186,51.455204
2026-09-13T02:00:00Z,B-(401호 회로창고 2),22.059788,51.84011
2026-09-13T03:00:00Z,A-(401호 회로창고 1),22.213394,55.895023
2026-09-13T03:00:00Z,B-(401호 회로창고 2),22.129324,53.75267
2026-09-13T04:00:00Z,A-(401호 회로창고 1),21.888336,50.051666
2026-09-13T04:00:00Z,B-(401호 회로창고 2),22.100563,49.959236
2026-09-13T05:00:00Z,A-(401호 회로창고 1),22.223652,56.330864
2026-09-13T05:00:00Z,B-(401호 회로창고 2),22.249397,52.349358
2026-09-13T06:00:00Z,A-(401호 회로창고 1),21.90654,49.61721
2026-09-13T06:00:00Z,B-(401호 회로창고 2),22.16573,49.187607
2026-09-13T07:00:00Z,A-(401호 회로창고 1),22.245373,54.834717
2026-09-13T07:00:00Z,B-(401호 회로창고 2),22.257643,53.271477
2026-09-13T09:00:00Z,A-(401호 회로창고 1),22.158287,52.90871
2026-09-13T08:00:00Z,A-(401호 회로창고 1),21.888527,49.359413
2026-09-13T09:00:00Z,B-(401호 회로창고 2),22.216614,52.366585
2026-09-13T08:00:00Z,B-(401호 회로창고 2),22.1428,49.03277
2026-09-13T10:00:00Z,A-(401호 회로창고 1),21.868069,48.891045
2026-09-13T10:00:00Z,B-(401호 회로창고 2),22.056942,48.81723
2026-09-13T11:00:00Z,A-(401호 회로창고 1),21.956436,51.2644
2026-09-13T11:00:00Z,B-(401호 회로창고 2),22.084473,51.299023
2026-09-13T12:00:00Z,A-(401호 회로창고 1),21.800766,48.61219
2026-09-13T12:00:00Z,B-(401호 회로창고 2),21.97108,48.33225
2026-09-13T13:00:00Z,A-(401호 회로창고 1),21.930138,50.54874
2026-09-13T13:00:00Z,B-(401호 회로창고 2),22.04844,50.88211
2026-09-13T14:00:00Z,A-(401호 회로창고 1),21.954224,53.461548
2026-09-13T14:00:00Z,B-(401호 회로창고 2),21.962715,51.98712
2026-09-13T15:00:00Z,A-(401호 회로창고 1),21.977133,49.485317
2026-09-13T15:00:00Z,B-(401호 회로창고 2),21.99081,49.921333
2026-09-13T16:00:00Z,A-(401호 회로창고 1),22.23029,53.704376
2026-09-13T16:00:00Z,B-(401호 회로창고 2),22.069798,52.94714
2026-09-13T17:00:00Z,A-(401호 회로창고 1),21.957174,50.394928
2026-09-13T17:00:00Z,B-(401호 회로창고 2),21.930328,49.2922
2026-09-13T18:00:00Z,A-(401호 회로창고 1),21.866348,50.149582
2026-09-13T18:00:00Z,B-(401호 회로창고 2),21.97242,50.510765
2026-09-13T19:00:00Z,A-(401호 회로창고 1),22.236725,56.014618
2026-09-13T19:00:00Z,B-(401호 회로창고 2),22.048,53.4319
2026-09-13T20:00:00Z,A-(401호 회로창고 1),21.996243,50.15992
2026-09-13T20:00:00Z,B-(401호 회로창고 2),21.906883,49.684353
2026-09-13T21:00:00Z,A-(401호 회로창고 1),21.894073,50.247364
2026-09-13T21:00:00Z,B-(401호 회로창고 2),21.926579,50.71457
2026-09-13T22:00:00Z,A-(401호 회로창고 1),22.101166,52.03078
2026-09-13T22:00:00Z,B-(401호 회로창고 2),22.004179,52.687275
2026-09-13T23:00:00Z,A-(401호 회로창고 1),22.103178,54.24639
2026-09-13T23:00:00Z,B-(401호 회로창고 2),21.942451,52.937603
2026-09-14T00:00:00Z,A-(401호 회로창고 1),21.965916,47.011093
2026-09-14T00:00:00Z,B-(401호 회로창고 2),22.05862,47.11655
2026-09-14T00:00:00Z,C-(402호 수입검사),23.76702,62.71705
2026-09-14T00:00:00Z,D-(406호 기구창고),22.47144,54.702576
2026-09-14T00:00:00Z,E-(408호 OQC),22.25885,69.34886
2026-09-14T00:00:00Z,F-(807호 생산 Line),21.327724,51.420635
2026-09-14T00:00:00Z,G-(401호 기구창고),22.294046,63.06319
2026-09-14T01:00:00Z,A-(401호 회로창고 1),21.724857,47.261086
2026-09-14T01:00:00Z,B-(401호 회로창고 2),22.18222,46.34021
2026-09-14T01:00:00Z,C-(402호 수입검사),23.656658,63.55586
2026-09-14T01:00:00Z,D-(406호 기구창고),22.474457,53.785942
2026-09-14T01:00:00Z,E-(408호 OQC),21.595604,67.950905
2026-09-14T01:00:00Z,F-(807호 생산 Line),21.343594,52.880707
2026-09-14T01:00:00Z,G-(401호 기구창고),19.946651,60.920624
2026-09-14T02:00:00Z,A-(401호 회로창고 1),21.705544,47.454945
2026-09-14T02:00:00Z,B-(401호 회로창고 2),22.2677,46.22614
2026-09-14T02:00:00Z,C-(402호 수입검사),23.60909,64.180084
2026-09-14T02:00:00Z,D-(406호 기구창고),23.79852,57.935165
2026-09-14T02:00:00Z,E-(408호 OQC),22.104385,71.693275
2026-09-14T02:00:00Z,F-(807호 생산 Line),21.328106,54.038574
2026-09-14T02:00:00Z,G-(401호 기구창고),19.318605,61.81864
2026-09-14T03:00:00Z,A-(401호 회로창고 1),21.835564,47.505066
2026-09-14T03:00:00Z,B-(401호 회로창고 2),22.396824,46.182938
2026-09-14T03:00:00Z,C-(402호 수입검사),23.582453,62.35583
2026-09-14T03:00:00Z,D-(406호 기구창고),22.986927,54.365814
2026-09-14T03:00:00Z,E-(408호 OQC),22.176788,72.06737
2026-09-14T03:00:00Z,F-(807호 생산 Line),21.376673,53.62858
2026-09-14T03:00:00Z,G-(401호 기구창고),19.114256,63.300537
2026-09-14T04:00:00Z,A-(401호 회로창고 1),22.065468,47.255085
2026-09-14T04:00:00Z,B-(401호 회로창고 2),22.446499,46.23971
2026-09-14T04:00:00Z,C-(402호 수입검사),25.16542,59.483185
2026-09-14T04:00:00Z,D-(406호 기구창고),21.678585,55.581833
2026-09-14T04:00:00Z,E-(408호 OQC),22.418545,70.79569
2026-09-14T04:00:00Z,F-(807호 생산 Line),21.372276,52.88148
2026-09-14T04:00:00Z,G-(401호 기구창고),18.8634,61.080685
2026-09-14T05:00:00Z,A-(401호 회로창고 1),22.00518,48.748928
2026-09-14T05:00:00Z,B-(401호 회로창고 2),22.531174,47.263954
2026-09-14T05:00:00Z,C-(402호 수입검사),24.146954,62.454273
2026-09-14T05:00:00Z,D-(406호 기구창고),22.075527,57.38102
2026-09-14T05:00:00Z,E-(408호 OQC),22.08548,70.854576
2026-09-14T05:00:00Z,F-(807호 생산 Line),21.871319,55.40705
2026-09-14T05:00:00Z,G-(401호 기구창고),18.84536,60.718388
2026-09-14T06:00:00Z,A-(401호 회로창고 1),22.350965,53.10621
2026-09-14T06:00:00Z,B-(401호 회로창고 2),22.711987,48.521446
2026-09-14T06:00:00Z,C-(402호 수입검사),23.679281,60.583893
2026-09-14T06:00:00Z,D-(406호 기구창고),22.465607,56.318306
2026-09-14T06:00:00Z,E-(408호 OQC),21.98319,71.33869
2026-09-14T06:00:00Z,F-(807호 생산 Line),21.504015,54.642498
2026-09-14T06:00:00Z,G-(401호 기구창고),18.720892,61.700684
2026-09-14T07:00:00Z,A-(401호 회로창고 1),21.997852,47.05245
2026-09-14T07:00:00Z,B-(401호 회로창고 2),22.59835,44.956974
2026-09-14T07:00:00Z,C-(402호 수입검사),23.45539,60.723896
2026-09-14T07:00:00Z,D-(406호 기구창고),22.48029,56.428135
2026-09-14T07:00:00Z,E-(408호 OQC),22.25724,73.21737
2026-09-14T07:00:00Z,F-(807호 생산 Line),21.265202,55.08126
2026-09-14T07:00:00Z,G-(401호 기구창고),18.769924,60.625698
2026-09-14T08:00:00Z,A-(401호 회로창고 1),21.921606,47.614594
2026-09-14T08:00:00Z,B-(401호 회로창고 2),22.672768,45.597305
2026-09-14T08:00:00Z,C-(402호 수입검사),23.530867,57.60196
2026-09-14T08:00:00Z,D-(406호 기구창고),22.126308,55.74727
2026-09-14T08:00:00Z,E-(408호 OQC),22.249798,73.20297
2026-09-14T08:00:00Z,F-(807호 생산 Line),21.22562,54.302216
2026-09-14T08:00:00Z,G-(401호 기구창고),18.807478,64.53185
2026-09-14T09:00:00Z,A-(401호 회로창고 1),22.07623,48.15074
2026-09-14T09:00:00Z,B-(401호 회로창고 2),22.495174,46.8794
2026-09-14T10:00:00Z,A-(401호 회로창고 1),22.063251,47.468735
2026-09-14T10:00:00Z,B-(401호 회로창고 2),22.308529,46.683205
2026-09-14T11:00:00Z,A-(401호 회로창고 1),22.036575,46.8628
2026-09-14T11:00:00Z,B-(401호 회로창고 2),22.197304,46.59753
2026-09-14T12:00:00Z,A-(401호 회로창고 1),21.904507,46.244987
2026-09-14T12:00:00Z,B-(401호 회로창고 2),22.053963,45.79882
2026-09-14T13:00:00Z,A-(401호 회로창고 1),22.382341,53.287262
2026-09-14T13:00:00Z,B-(401호 회로창고 2),22.17518,50.169407
2026-09-14T14:00:00Z,A-(401호 회로창고 1),22.203339,49.33101
2026-09-14T14:00:00Z,B-(401호 회로창고 2),22.124096,49.544136
2026-09-14T15:00:00Z,A-(401호 회로창고 1),22.098602,47.4131
2026-09-14T15:00:00Z,B-(401호 회로창고 2),22.04583,47.677025
2026-09-14T16:00:00Z,A-(401호 회로창고 1),22.093323,47.004093
2026-09-14T17:00:00Z,A-(401호 회로창고 1),22.490747,53.120758
2026-09-14T17:00:00Z,B-(401호 회로창고 2),22.11243,52.439167
2026-09-14T16:00:00Z,B-(401호 회로창고 2),21.964634,46.605988
2026-09-14T18:00:00Z,A-(401호 회로창고 1),22.129726,48.48765
2026-09-14T18:00:00Z,B-(401호 회로창고 2),21.992521,49.117493
2026-09-14T19:00:00Z,A-(401호 회로창고 1),22.102615,46.88801
2026-09-14T19:00:00Z,B-(401호 회로창고 2),21.908985,47.64261
2026-09-14T20:00:00Z,A-(401호 회로창고 1),22.74839,51.464066
2026-09-14T20:00:00Z,B-(401호 회로창고 2),22.175985,51.97781
2026-09-14T21:00:00Z,A-(401호 회로창고 1),23.009193,50.358883
2026-09-14T21:00:00Z,B-(401호 회로창고 2),22.310137,51.348522
2026-09-14T22:00:00Z,A-(401호 회로창고 1),23.11628,50.013504
2026-09-14T22:00:00Z,B-(401호 회로창고 2),22.391594,51.14366
2026-09-14T23:00:00Z,A-(401호 회로창고 1),23.244186,49.849556
2026-09-14T23:00:00Z,B-(401호 회로창고 2),22.50543,51.031525
2026-09-15T00:00:00Z,A-(401호 회로창고 1),23.371881,49.562756
2026-09-15T00:00:00Z,B-(401호 회로창고 2),22.81577,50.54266
2026-09-15T00:00:00Z,C-(402호 수입검사),23.598099,55.899864
2026-09-15T00:00:00Z,D-(406호 기구창고),24.326813,52.581066
2026-09-15T00:00:00Z,E-(408호 OQC),22.373894,65.6205
2026-09-15T00:00:00Z,F-(807호 생산 Line),21.579159,47.810616
2026-09-15T00:00:00Z,G-(401호 기구창고),20.61119,57.1481
2026-09-15T01:00:00Z,A-(401호 회로창고 1),22.382141,51.506027
2026-09-15T01:00:00Z,B-(401호 회로창고 2),22.65004,49.70153
2026-09-15T01:00:00Z,C-(402호 수입검사),23.497887,55.85048
2026-09-15T01:00:00Z,D-(406호 기구창고),24.10827,49.681713
2026-09-15T01:00:00Z,E-(408호 OQC),22.224255,68.08813
2026-09-15T01:00:00Z,F-(807호 생산 Line),21.322754,49.611916
2026-09-15T01:00:00Z,G-(401호 기구창고),19.22368,59.23854
2026-09-15T02:00:00Z,A-(401호 회로창고 1),23.269556,49.283062
2026-09-15T02:00:00Z,B-(401호 회로창고 2),23.226004,49.077633
2026-09-15T02:00:00Z,C-(402호 수입검사),23.412685,53.639286
2026-09-15T02:00:00Z,D-(406호 기구창고),22.887974,52.283897
2026-09-15T02:00:00Z,E-(408호 OQC),22.083267,68.986755
2026-09-15T02:00:00Z,F-(807호 생산 Line),21.364819,49.94173
2026-09-15T02:00:00Z,G-(401호 기구창고),18.831093,59.31761
2026-09-15T03:00:00Z,A-(401호 회로창고 1),22.272526,46.31955
2026-09-15T03:00:00Z,B-(401호 회로창고 2),23.02416,44.89467
2026-09-15T03:00:00Z,C-(402호 수입검사),23.278648,52.85339
2026-09-15T03:00:00Z,D-(406호 기구창고),22.559937,52.242317
2026-09-15T03:00:00Z,E-(408호 OQC),22.06456,68.37898
2026-09-15T03:00:00Z,F-(807호 생산 Line),21.213001,50.88302
2026-09-15T03:00:00Z,G-(401호 기구창고),19.62323,57.242718
2026-09-15T04:00:00Z,A-(401호 회로창고 1),23.290699,48.60128
2026-09-15T04:00:00Z,B-(401호 회로창고 2),23.531925,47.632637
2026-09-15T04:00:00Z,C-(402호 수입검사),26.237358,44.050724
2026-09-15T04:00:00Z,D-(406호 기구창고),22.741753,50.131165
2026-09-15T04:00:00Z,E-(408호 OQC),22.223251,60.46474
2026-09-15T04:00:00Z,F-(807호 생산 Line),21.385468,48.533104
2026-09-15T04:00:00Z,G-(401호 기구창고),18.971565,56.738346
2026-09-15T05:00:00Z,A-(401호 회로창고 1),22.34473,49.778927
2026-09-15T05:00:00Z,B-(401호 회로창고 2),23.141438,45.468033
2026-09-15T05:00:00Z,C-(402호 수입검사),25.493458,42.521637
2026-09-15T05:00:00Z,D-(406호 기구창고),22.570194,49.3583
2026-09-15T05:00:00Z,E-(408호 OQC),22.129124,59.91202
2026-09-15T05:00:00Z,F-(807호 생산 Line),21.411472,49.302834
2026-09-15T05:00:00Z,G-(401호 기구창고),19.028309,56.188625
2026-09-15T06:00:00Z,A-(401호 회로창고 1),22.413517,47.171707
2026-09-15T06:00:00Z,B-(401호 회로창고 2),23.264694,44.989082
2026-09-15T06:00:00Z,C-(402호 수입검사),25.340654,41.16731
2026-09-15T06:00:00Z,D-(406호 기구창고),22.489944,49.920544
2026-09-15T06:00:00Z,E-(408호 OQC),22.06456,60.36207
2026-09-15T06:00:00Z,F-(807호 생산 Line),21.338623,49.273827
2026-09-15T06:00:00Z,G-(401호 기구창고),21.933134,41.317535
2026-09-15T07:00:00Z,A-(401호 회로창고 1),22.926746,47.222317
2026-09-15T07:00:00Z,B-(401호 회로창고 2),23.54292,45.829315
2026-09-15T07:00:00Z,C-(402호 수입검사),25.121729,47.58107
2026-09-15T07:00:00Z,D-(406호 기구창고),21.98502,50.292282
2026-09-15T07:00:00Z,E-(408호 OQC),22.020142,61.18636
2026-09-15T07:00:00Z,F-(807호 생산 Line),21.329063,49.067966
2026-09-15T07:00:00Z,G-(401호 기구창고),19.592165,53.46819
2026-09-15T08:00:00Z,A-(401호 회로창고 1),22.909323,46.226456
2026-09-15T08:00:00Z,B-(401호 회로창고 2),23.475475,44.42264
2026-09-15T08:00:00Z,C-(402호 수입검사),24.993042,45.448013
2026-09-15T08:00:00Z,D-(406호 기구창고),22.27514,49.967014
2026-09-15T08:00:00Z,E-(408호 OQC),21.894455,60.01683
2026-09-15T08:00:00Z,F-(807호 생산 Line),21.270746,48.48352
2026-09-15T08:00:00Z,G-(401호 기구창고),18.916685,54.305454
2026-09-15T09:00:00Z,A-(401호 회로창고 1),22.51267,46.694206
2026-09-15T09:00:00Z,B-(401호 회로창고 2),23.049675,45.02253
2026-09-15T10:00:00Z,A-(401호 회로창고 1),22.525341,46.872513
2026-09-15T10:00:00Z,B-(401호 회로창고 2),22.790627,45.40966
2026-09-15T11:00:00Z,A-(401호 회로창고 1),22.53037,46.033985
2026-09-15T11:00:00Z,B-(401호 회로창고 2),22.668545,44.97017
2026-09-15T12:00:00Z,A-(401호 회로창고 1),22.500402,46.010056
2026-09-15T12:00:00Z,B-(401호 회로창고 2),22.542439,45.31089
2026-09-15T13:00:00Z,A-(401호 회로창고 1),22.359613,47.51811
2026-09-15T13:00:00Z,B-(401호 회로창고 2),22.408487,46.41043
2026-09-15T14:00:00Z,A-(401호 회로창고 1),22.371078,47.61668
2026-09-15T14:00:00Z,B-(401호 회로창고 2),22.388777,46.590233
2026-09-15T15:00:00Z,A-(401호 회로창고 1),22.56215,46.50499
2026-09-15T15:00:00Z,B-(401호 회로창고 2),22.41613,45.95891
2026-09-15T16:00:00Z,A-(401호 회로창고 1),22.462791,47.23384
2026-09-15T16:00:00Z,B-(401호 회로창고 2),22.366856,46.411137
2026-09-15T17:00:00Z,A-(401호 회로창고 1),22.506638,46.47883
2026-09-15T17:00:00Z,B-(401호 회로창고 2),22.34835,46.181995
2026-09-15T18:00:00Z,A-(401호 회로창고 1),22.408688,47.718796
2026-09-15T18:00:00Z,B-(401호 회로창고 2),22.281576,46.811264
2026-09-15T19:00:00Z,A-(401호 회로창고 1),22.375706,47.93113
2026-09-15T19:00:00Z,B-(401호 회로창고 2),22.230692,47.183914
2026-09-15T20:00:00Z,A-(401호 회로창고 1),22.306316,48.25389
2026-09-15T20:00:00Z,B-(401호 회로창고 2),22.191673,47.53756
2026-09-15T21:00:00Z,A-(401호 회로창고 1),22.56215,47.596138
2026-09-15T21:00:00Z,B-(401호 회로창고 2),22.31054,47.523617
2026-09-15T22:00:00Z,A-(401호 회로창고 1),22.533989,47.999428
2026-09-15T22:00:00Z,B-(401호 회로창고 2),22.264683,47.72653
2026-09-15T23:00:00Z,A-(401호 회로창고 1),22.518303,48.001633
2026-09-15T23:00:00Z,B-(401호 회로창고 2),22.251812,47.77548
2026-09-16T00:00:00Z,A-(401호 회로창고 1),22.445696,48.656506
2026-09-16T00:00:00Z,B-(401호 회로창고 2),22.490547,47.28209
2026-09-16T00:00:00Z,C-(402호 수입검사),23.671883,49.6989
2026-09-16T00:00:00Z,D-(406호 기구창고),24.034008,48.80259
2026-09-16T00:00:00Z,E-(408호 OQC),21.940727,59.017124
2026-09-16T00:00:00Z,F-(807호 생산 Line),21.57323,47.44487
2026-09-16T00:00:00Z,G-(401호 기구창고),20.70058,53.19227
2026-09-16T01:00:00Z,A-(401호 회로창고 1),22.420958,48.24445
2026-09-16T01:00:00Z,B-(401호 회로창고 2),22.709774,46.619328
2026-09-16T01:00:00Z,C-(402호 수입검사),23.560253,50.65059
2026-09-16T01:00:00Z,D-(406호 기구창고),24.249,47.350174
2026-09-16T01:00:00Z,E-(408호 OQC),22.012337,61.3672
2026-09-16T01:00:00Z,F-(807호 생산 Line),21.372658,48.938766
2026-09-16T01:00:00Z,G-(401호 기구창고),19.71039,59.157665
2026-09-16T02:00:00Z,A-(401호 회로창고 1),22.851368,48.052727
2026-09-16T02:00:00Z,B-(401호 회로창고 2),23.266596,46.59257
2026-09-16T02:00:00Z,C-(402호 수입검사),23.412474,51.0654
2026-09-16T02:00:00Z,D-(406호 기구창고),24.242329,47.43862
2026-09-16T02:00:00Z,E-(408호 OQC),21.828873,63.864758
2026-09-16T02:00:00Z,F-(807호 생산 Line),21.39828,48.53994
2026-09-16T02:00:00Z,G-(401호 기구창고),19.40939,59.340885
2026-09-16T03:00:00Z,A-(401호 회로창고 1),22.706154,47.981186
2026-09-16T03:00:00Z,B-(401호 회로창고 2),23.350317,45.809868
2026-09-16T03:00:00Z,C-(402호 수입검사),23.417969,52.127705
2026-09-16T03:00:00Z,D-(406호 기구창고),22.791634,50.846737
2026-09-16T03:00:00Z,E-(408호 OQC),21.922562,66.13584
2026-09-16T03:00:00Z,F-(807호 생산 Line),21.302296,48.98272
2026-09-16T03:00:00Z,G-(401호 기구창고),19.5107,60.789776
2026-09-16T04:00:00Z,A-(401호 회로창고 1),22.58045,48.39717
2026-09-16T04:00:00Z,B-(401호 회로창고 2),23.312473,45.86223
2026-09-16T04:00:00Z,C-(402호 수입검사),24.368607,47.8723
2026-09-16T04:00:00Z,D-(406호 기구창고),21.782982,51.095665
2026-09-16T04:00:00Z,E-(408호 OQC),21.905926,66.1361
2026-09-16T04:00:00Z,F-(807호 생산 Line),21.275719,48.60125
2026-09-16T04:00:00Z,G-(401호 기구창고),19.326546,60.54139
2026-09-16T05:00:00Z,A-(401호 회로창고 1),22.553701,47.048805
2026-09-16T05:00:00Z,B-(401호 회로창고 2),23.319874,44.638794
2026-09-16T05:00:00Z,C-(402호 수입검사),24.844154,42.84581
2026-09-16T05:00:00Z,D-(406호 기구창고),21.736902,50.320946
2026-09-16T05:00:00Z,E-(408호 OQC),22.174578,57.76735
2026-09-16T05:00:00Z,F-(807호 생산 Line),21.367878,48.920403
2026-09-16T05:00:00Z,G-(401호 기구창고),19.491543,59.264378
2026-09-16T06:00:00Z,A-(401호 회로창고 1),22.60197,47.113617
2026-09-16T06:00:00Z,B-(401호 회로창고 2),23.327272,44.74143
2026-09-16T06:00:00Z,C-(402호 수입검사),25.14743,41.95681
2026-09-16T06:00:00Z,D-(406호 기구창고),22.263676,49.7741
2026-09-16T06:00:00Z,E-(408호 OQC),21.945124,62.086414
2026-09-16T06:00:00Z,F-(807호 생산 Line),21.227726,49.20117
2026-09-16T06:00:00Z,G-(401호 기구창고),22.058258,44.162308
2026-09-16T07:00:00Z,A-(401호 회로창고 1),22.541231,45.898277
2026-09-16T07:00:00Z,B-(401호 회로창고 2),23.305075,43.50376
2026-09-16T07:00:00Z,C-(402호 수입검사),24.983757,51.12632
2026-09-16T07:00:00Z,D-(406호 기구창고),22.743765,48.611366
2026-09-16T07:00:00Z,E-(408호 OQC),22.170757,61.928776
2026-09-16T07:00:00Z,F-(807호 생산 Line),21.669407,50.298027
2026-09-16T07:00:00Z,G-(401호 기구창고),21.441874,49.12504
2026-09-16T08:00:00Z,A-(401호 회로창고 1),22.668743,46.339355
2026-09-16T08:00:00Z,B-(401호 회로창고 2),23.40296,43.81317
2026-09-16T08:00:00Z,C-(402호 수입검사),25.312384,43.872215
2026-09-16T08:00:00Z,D-(406호 기구창고),22.686043,48.90304
2026-09-16T08:00:00Z,E-(408호 OQC),22.00526,62.393436
2026-09-16T08:00:00Z,F-(807호 생산 Line),21.32199,49.275314
2026-09-16T08:00:00Z,G-(401호 기구창고),19.72955,56.902973
2026-09-16T09:00:00Z,A-(401호 회로창고 1),22.469429,46.671196
2026-09-16T09:00:00Z,B-(401호 회로창고 2),23.078224,44.193626
2026-09-16T10:00:00Z,A-(401호 회로창고 1),22.488335,46.768757
2026-09-16T10:00:00Z,B-(401호 회로창고 2),22.884352,44.576534
2026-09-16T11:00:00Z,A-(401호 회로창고 1),22.506435,47.161434
2026-09-16T11:00:00Z,B-(401호 회로창고 2),22.809734,45.337902
2026-09-16T12:00:00Z,A-(401호 회로창고 1),22.603983,46.7636
2026-09-16T12:00:00Z,B-(401호 회로창고 2),22.789824,45.59186
2026-09-16T13:00:00Z,A-(401호 회로창고 1),22.45716,47.312443
2026-09-16T13:00:00Z,B-(401호 회로창고 2),22.669952,45.548485
2026-09-16T14:00:00Z,A-(401호 회로창고 1),22.500402,47.628384
2026-09-16T14:00:00Z,B-(401호 회로창고 2),22.669147,46.16252
2026-09-16T15:00:00Z,A-(401호 회로창고 1),22.576227,46.877525
2026-09-16T15:00:00Z,B-(401호 회로창고 2),22.686241,46.108696
2026-09-16T16:00:00Z,A-(401호 회로창고 1),22.468422,47.839928
2026-09-16T16:00:00Z,B-(401호 회로창고 2),22.5893,46.535805
2026-09-16T17:00:00Z,A-(401호 회로창고 1),22.543846,47.361355
2026-09-16T17:00:00Z,B-(401호 회로창고 2),22.618866,46.535107
2026-09-16T18:00:00Z,A-(401호 회로창고 1),22.494167,48.252377
2026-09-16T18:00:00Z,B-(401호 회로창고 2),22.55169,47.062965
2026-09-16T19:00:00Z,A-(401호 회로창고 1),22.588696,46.97478
2026-09-16T19:00:00Z,B-(401호 회로창고 2),22.567377,46.680157
2026-09-16T20:00:00Z,A-(401호 회로창고 1),22.48592,48.524418
2026-09-16T20:00:00Z,B-(401호 회로창고 2),22.499798,47.52081
2026-09-16T21:00:00Z,A-(401호 회로창고 1),22.511463,48.040066
2026-09-16T21:00:00Z,B-(401호 회로창고 2),22.47868,46.978928
2026-09-16T22:00:00Z,A-(401호 회로창고 1),22.51408,48.722538
2026-09-16T22:00:00Z,B-(401호 회로창고 2),22.468826,47.840767
2026-09-16T23:00:00Z,A-(401호 회로창고 1),22.546059,48.062923
2026-09-16T23:00:00Z,B-(401호 회로창고 2),22.511463,47.749146
2026-09-17T00:00:00Z,A-(401호 회로창고 1),22.814562,48.108948
2026-09-17T00:00:00Z,B-(401호 회로창고 2),22.822807,47.367813
2026-09-17T00:00:00Z,C-(402호 수입검사),24.683638,48.262024
2026-09-17T00:00:00Z,D-(406호 기구창고),24.752113,49.078575
2026-09-17T00:00:00Z,E-(408호 OQC),22.463997,62.078506
2026-09-17T00:00:00Z,F-(807호 생산 Line),21.521416,48.408195
2026-09-17T00:00:00Z,G-(401호 기구창고),20.129543,55.16813
2026-09-17T01:00:00Z,A-(401호 회로창고 1),22.838898,47.371056
2026-09-17T01:00:00Z,B-(401호 회로창고 2),23.115011,46.559746
2026-09-17T01:00:00Z,C-(402호 수입검사),25.033298,48.27263
2026-09-17T01:00:00Z,D-(406호 기구창고),25.056816,49.30882
2026-09-17T01:00:00Z,E-(408호 OQC),22.401047,62.012238
2026-09-17T01:00:00Z,F-(807호 생산 Line),21.300957,49.73389
2026-09-17T01:00:00Z,G-(401호 기구창고),20.60992,64.71435
2026-09-17T02:00:00Z,A-(401호 회로창고 1),23.208668,47.16994
2026-09-17T02:00:00Z,B-(401호 회로창고 2),23.43277,46.006615
2026-09-17T02:00:00Z,C-(402호 수입검사),25.379673,48.135056
2026-09-17T02:00:00Z,D-(406호 기구창고),24.926811,49.681488
2026-09-17T02:00:00Z,E-(408호 OQC),19.365032,70.11822
2026-09-17T02:00:00Z,F-(807호 생산 Line),21.26979,50.708992
2026-09-17T02:00:00Z,G-(401호 기구창고),19.382809,56.5407
2026-09-17T03:00:00Z,A-(401호 회로창고 1),22.922009,47.59349
2026-09-17T03:00:00Z,B-(401호 회로창고 2),23.567863,45.27798
2026-09-17T03:00:00Z,C-(402호 수입검사),25.688316,48.276558
2026-09-17T03:00:00Z,D-(406호 기구창고),24.454868,51.0996
2026-09-17T03:00:00Z,E-(408호 OQC),21.82562,64.498405
2026-09-17T03:00:00Z,F-(807호 생산 Line),21.213959,51.780064
2026-09-17T03:00:00Z,G-(401호 기구창고),18.756313,58.03561
2026-09-17T04:00:00Z,A-(401호 회로창고 1),22.905836,47.686653
2026-09-17T04:00:00Z,B-(401호 회로창고 2),23.682663,45.184456
2026-09-17T04:00:00Z,C-(402호 수입검사),26.425625,47.938236
2026-09-17T04:00:00Z,D-(406호 기구창고),23.4389,50.37612
2026-09-17T04:00:00Z,E-(408호 OQC),22.966122,58.59632
2026-09-17T04:00:00Z,F-(807호 생산 Line),21.352581,50.76619
2026-09-17T04:00:00Z,G-(401호 기구창고),18.468678,58.350853
2026-09-17T05:00:00Z,A-(401호 회로창고 1),22.818182,47.797333
2026-09-17T05:00:00Z,B-(401호 회로창고 2),23.651163,44.999985
2026-09-17T05:00:00Z,C-(402호 수입검사),26.375307,47.380817
2026-09-17T05:00:00Z,D-(406호 기구창고),23.36131,51.522114
2026-09-17T05:00:00Z,E-(408호 OQC),21.829828,62.64529
2026-09-17T05:00:00Z,F-(807호 생산 Line),21.322563,52.355152
2026-09-17T05:00:00Z,G-(401호 기구창고),18.334536,59.253242
2026-09-17T06:00:00Z,A-(401호 회로창고 1),23.008343,48.14624
2026-09-17T06:00:00Z,B-(401호 회로창고 2),23.681606,45.44024
2026-09-17T06:00:00Z,C-(402호 수입검사),26.21944,48.420677
2026-09-17T06:00:00Z,D-(406호 기구창고),23.109936,52.953377
2026-09-17T06:00:00Z,E-(408호 OQC),21.707075,62.43881
2026-09-17T06:00:00Z,F-(807호 생산 Line),21.182983,53.911613
2026-09-17T06:00:00Z,G-(401호 기구창고),19.708492,58.288853
2026-09-17T07:00:00Z,A-(401호 회로창고 1),23.02848,47.698742
2026-09-17T07:00:00Z,B-(401호 회로창고 2),23.587105,45.477364
2026-09-17T07:00:00Z,C-(402호 수입검사),26.175259,49.120785
2026-09-17T07:00:00Z,D-(406호 기구창고),23.131714,52.126472
2026-09-17T07:00:00Z,E-(408호 OQC),21.719887,67.29403
2026-09-17T07:00:00Z,F-(807호 생산 Line),21.112429,54.135616
2026-09-17T07:00:00Z,G-(401호 기구창고),18.919834,58.520676
2026-09-17T08:00:00Z,A-(401호 회로창고 1),23.053864,46.942825
2026-09-17T08:00:00Z,B-(401호 회로창고 2),23.6,45.04889
2026-09-17T08:00:00Z,C-(402호 수입검사),24.244999,49.592358
2026-09-17T08:00:00Z,D-(406호 기구창고),22.981579,52.376163
2026-09-17T08:00:00Z,E-(408호 OQC),21.99465,66.32044
2026-09-17T08:00:00Z,F-(807호 생산 Line),21.073353,54.318565
2026-09-17T08:00:00Z,G-(401호 기구창고),19.111496,58.728947
2026-09-17T09:00:00Z,A-(401호 회로창고 1),23.105074,49.443542
2026-09-17T09:00:00Z,B-(401호 회로창고 2),23.416279,47.671757
2026-09-17T10:00:00Z,A-(401호 회로창고 1),22.911327,49.34444
2026-09-17T10:00:00Z,B-(401호 회로창고 2),23.187527,47.597282
2026-09-17T11:00:00Z,A-(401호 회로창고 1),23.17463,47.92907
2026-09-17T11:00:00Z,B-(401호 회로창고 2),23.202538,47.675316
2026-09-17T12:00:00Z,A-(401호 회로창고 1),23.053274,49.10517
2026-09-17T12:00:00Z,B-(401호 회로창고 2),23.10867,47.925297
2026-09-17T13:00:00Z,A-(401호 회로창고 1),22.893002,49.342552
2026-09-17T13:00:00Z,B-(401호 회로창고 2),23.021835,47.96923
2026-09-17T14:00:00Z,A-(401호 회로창고 1),23.097252,47.39367
2026-09-17T14:00:00Z,B-(401호 회로창고 2),23.074419,47.36548
2026-09-17T15:00:00Z,A-(401호 회로창고 1),23.070364,48.990833
2026-09-17T15:00:00Z,B-(401호 회로창고 2),23.018291,48.095627
2026-09-17T16:00:00Z,A-(401호 회로창고 1),22.869469,49.283688
2026-09-17T16:00:00Z,B-(401호 회로창고 2),22.950718,48.062775
2026-09-17T17:00:00Z,A-(401호 회로창고 1),23.164482,48.727226
2026-09-17T17:00:00Z,B-(401호 회로창고 2),23.026485,48.121216
2026-09-17T18:00:00Z,A-(401호 회로창고 1),22.991945,49.023487
2026-09-17T18:00:00Z,B-(401호 회로창고 2),22.943874,48.166176
2026-09-17T19:00:00Z,A-(401호 회로창고 1),22.901447,49.364597
2026-09-17T19:00:00Z,B-(401호 회로창고 2),22.911304,47.555443
2026-09-17T20:00:00Z,A-(401호 회로창고 1),23.130232,48.95689
2026-09-17T20:00:00Z,B-(401호 회로창고 2),22.952126,48.41659
2026-09-17T21:00:00Z,A-(401호 회로창고 1),22.994688,49.373455
2026-09-17T21:00:00Z,B-(401호 회로창고 2),22.904064,48.59424
2026-09-17T22:00:00Z,A-(401호 회로창고 1),22.931492,49.55899
2026-09-17T22:00:00Z,B-(401호 회로창고 2),22.867659,47.749054
2026-09-17T23:00:00Z,A-(401호 회로창고 1),23.105305,49.38258
2026-09-17T23:00:00Z,B-(401호 회로창고 2),22.929276,48.87549
2026-09-18T00:00:00Z,A-(401호 회로창고 1),23.031223,48.98693
2026-09-18T00:00:00Z,B-(401호 회로창고 2),23.134884,48.154488
2026-09-18T00:00:00Z,C-(402호 수입검사),24.515562,50.74151
2026-09-18T00:00:00Z,D-(406호 기구창고),23.727062,50.663166
2026-09-18T00:00:00Z,E-(408호 OQC),22.410095,62.185524
2026-09-18T00:00:00Z,F-(807호 생산 Line),21.46367,50.92076
2026-09-18T00:00:00Z,G-(401호 기구창고),19.73904,55.3797
2026-09-18T01:00:00Z,A-(401호 회로창고 1),23.085003,48.505863
2026-09-18T01:00:00Z,B-(401호 회로창고 2),23.34482,47.264427
2026-09-18T01:00:00Z,C-(402호 수입검사),24.595375,51.009186
2026-09-18T01:00:00Z,D-(406호 기구창고),24.041943,52.478745
2026-09-18T01:00:00Z,E-(408호 OQC),22.074215,61.594143
2026-09-18T01:00:00Z,F-(807호 생산 Line),21.332886,51.733208
2026-09-18T01:00:00Z,G-(401호 기구창고),19.229893,57.18801
2026-09-18T02:00:00Z,A-(401호 회로창고 1),23.178225,48.669014
2026-09-18T02:00:00Z,B-(401호 회로창고 2),23.556236,46.82257
2026-09-18T02:00:00Z,C-(402호 수입검사),24.748554,51.025562
2026-09-18T02:00:00Z,D-(406호 기구창고),23.194714,51.75662
2026-09-18T02:00:00Z,E-(408호 OQC),21.845125,65.650154
2026-09-18T02:00:00Z,F-(807호 생산 Line),21.22218,53.41256
2026-09-18T02:00:00Z,G-(401호 기구창고),19.826717,63.211483
2026-09-18T03:00:00Z,A-(401호 회로창고 1),23.053295,49.224174
2026-09-18T03:00:00Z,B-(401호 회로창고 2),23.682875,46.473846
2026-09-18T03:00:00Z,C-(402호 수입검사),24.988373,51.233513
2026-09-18T03:00:00Z,D-(406호 기구창고),22.626308,52.41564
2026-09-18T03:00:00Z,E-(408호 OQC),21.977135,68.28936
2026-09-18T03:00:00Z,F-(807호 생산 Line),21.19675,53.729904
2026-09-18T03:00:00Z,G-(401호 기구창고),19.443562,62.609318
2026-09-18T04:00:00Z,A-(401호 회로창고 1),23.077171,48.4665
2026-09-18T04:00:00Z,B-(401호 회로창고 2),23.618605,46.928524
2026-09-18T04:00:00Z,C-(402호 수입검사),25.09042,51.325233
2026-09-18T04:00:00Z,D-(406호 기구창고),24.208092,49.634262
2026-09-18T04:00:00Z,E-(408호 OQC),22.886162,66.16839
2026-09-18T04:00:00Z,F-(807호 생산 Line),22.129929,52.969444
2026-09-18T04:00:00Z,G-(401호 기구창고),21.129253,63.706734
2026-09-18T05:00:00Z,A-(401호 회로창고 1),23.01596,48.94528
2026-09-18T05:00:00Z,B-(401호 회로창고 2),23.527485,47.117676
2026-09-18T05:00:00Z,C-(402호 수입검사),25.168457,51.483997
2026-09-18T05:00:00Z,D-(406호 기구창고),24.989931,48.943344
2026-09-18T05:00:00Z,E-(408호 OQC),23.748627,63.93346
2026-09-18T05:00:00Z,F-(807호 생산 Line),22.631737,51.88384
2026-09-18T05:00:00Z,G-(401호 기구창고),21.753345,62.472008
2026-09-18T06:00:00Z,A-(401호 회로창고 1),22.892399,50.843994
2026-09-18T06:00:00Z,B-(401호 회로창고 2),23.467653,47.32242
2026-09-18T06:00:00Z,C-(402호 수입검사),25.228739,51.43619
2026-09-18T06:00:00Z,D-(406호 기구창고),25.171495,48.919365
2026-09-18T06:00:00Z,E-(408호 OQC),23.917126,63.290855
2026-09-18T06:00:00Z,F-(807호 생산 Line),22.90326,51.353836
2026-09-18T06:00:00Z,G-(401호 기구창고),22.063694,61.39713
2026-09-18T07:00:00Z,A-(401호 회로창고 1),22.835278,51.31368
2026-09-18T07:00:00Z,B-(401호 회로창고 2),23.418392,48.03132
2026-09-18T07:00:00Z,C-(402호 수입검사),25.277803,51.464718
2026-09-18T07:00:00Z,D-(406호 기구창고),25.181076,49.091015
2026-09-18T07:00:00Z,E-(408호 OQC),23.990065,63.015255
2026-09-18T07:00:00Z,F-(807호 생산 Line),23.055868,51.171185
2026-09-18T07:00:00Z,G-(401호 기구창고),22.255028,61.109554
2026-09-18T08:00:00Z,A-(401호 회로창고 1),22.902004,51.16124
2026-09-18T08:00:00Z,B-(401호 회로창고 2),23.38816,48.559765
2026-09-18T08:00:00Z,C-(402호 수입검사),25.271729,51.444866
2026-09-18T08:00:00Z,D-(406호 기구창고),25.128271,49.163467
2026-09-18T08:00:00Z,E-(408호 OQC),24.009026,62.97335
2026-09-18T08:00:00Z,F-(807호 생산 Line),23.198732,51.051197
2026-09-18T08:00:00Z,G-(401호 기구창고),22.371279,60.92936
2026-09-18T09:00:00Z,A-(401호 회로창고 1),22.950392,51.168266
2026-09-18T09:00:00Z,B-(401호 회로창고 2),23.316067,48.879826
2026-09-18T10:00:00Z,A-(401호 회로창고 1),22.99178,51.311558
2026-09-18T10:00:00Z,B-(401호 회로창고 2),23.242073,49.409992
2026-09-18T11:00:00Z,A-(401호 회로창고 1),23.05034,51.496326
2026-09-18T11:00:00Z,B-(401호 회로창고 2),23.226004,49.85583
2026-09-18T12:00:00Z,A-(401호 회로창고 1),23.12537,51.46011
2026-09-18T12:00:00Z,B-(401호 회로창고 2),23.209936,50.06095
2026-09-18T13:00:00Z,A-(401호 회로창고 1),23.15222,51.406776
2026-09-18T13:00:00Z,B-(401호 회로창고 2),23.188372,50.08928
2026-09-18T14:00:00Z,A-(401호 회로창고 1),23.151163,51.388565
2026-09-18T14:00:00Z,B-(401호 회로창고 2),23.186893,50.159225
2026-09-18T15:00:00Z,A-(401호 회로창고 1),23.177166,51.32889
2026-09-18T15:00:00Z,B-(401호 회로창고 2),23.138689,50.232857
2026-09-18T16:00:00Z,A-(401호 회로창고 1),23.171669,51.34928
2026-09-18T16:00:00Z,B-(401호 회로창고 2),23.136364,50.287518
2026-09-18T17:00:00Z,A-(401호 회로창고 1),23.182663,51.26997
2026-09-18T17:00:00Z,B-(401호 회로창고 2),23.1148,50.359573
2026-09-18T18:00:00Z,A-(401호 회로창고 1),23.159197,50.415226
2026-09-18T18:00:00Z,B-(401호 회로창고 2),23.093445,50.232788
2026-09-18T19:00:00Z,A-(401호 회로창고 1),23.19577,51.01483
2026-09-18T19:00:00Z,B-(401호 회로창고 2),23.073315,50.488235
2026-09-18T20:00:00Z,A-(401호 회로창고 1),23.190275,51.3889
2026-09-18T20:00:00Z,B-(401호 회로창고 2),23.049889,50.669487
2026-09-18T21:00:00Z,A-(401호 회로창고 1),23.166172,51.58519
2026-09-18T21:00:00Z,B-(401호 회로창고 2),23.059872,50.71723
2026-09-18T22:00:00Z,A-(401호 회로창고 1),23.159409,51.683624
2026-09-18T22:00:00Z,B-(401호 회로창고 2),23.05357,50.871902
2026-09-18T23:00:00Z,A-(401호 회로창고 1),23.150951,51.684055
2026-09-18T23:00:00Z,B-(401호 회로창고 2),23.038012,50.898655
2026-09-19T00:00:00Z,A-(401호 회로창고 1),23.115223,51.936382
2026-09-19T00:00:00Z,B-(401호 회로창고 2),23.089005,50.901184
2026-09-19T01:00:00Z,A-(401호 회로창고 1),23.160254,52.13989
2026-09-19T01:00:00Z,B-(401호 회로창고 2),23.245876,50.73815
2026-09-19T02:00:00Z,A-(401호 회로창고 1),23.091877,50.56714
2026-09-19T02:00:00Z,B-(401호 회로창고 2),23.357716,49.7179
2026-09-19T03:00:00Z,A-(401호 회로창고 1),22.854586,53.23736
2026-09-19T03:00:00Z,B-(401호 회로창고 2),23.38076,49.743965
2026-09-19T04:00:00Z,A-(401호 회로창고 1),22.925991,53.285275
2026-09-19T04:00:00Z,B-(401호 회로창고 2),23.520718,50.167435
2026-09-19T05:00:00Z,A-(401호 회로창고 1),23.099377,52.98471
2026-09-19T05:00:00Z,B-(401호 회로창고 2),23.668922,50.179554
2026-09-19T06:00:00Z,A-(401호 회로창고 1),22.82864,54.025024
2026-09-19T06:00:00Z,B-(401호 회로창고 2),23.59852,49.833424
2026-09-19T07:00:00Z,A-(401호 회로창고 1),23.001913,53.806316
2026-09-19T07:00:00Z,B-(401호 회로창고 2),23.641226,50.438126
2026-09-19T08:00:00Z,A-(401호 회로창고 1),22.854988,54.30369
2026-09-19T08:00:00Z,B-(401호 회로창고 2),23.553276,50.170647
2026-09-19T09:00:00Z,A-(401호 회로창고 1),22.950726,54.097843
2026-09-19T09:00:00Z,B-(401호 회로창고 2),23.461521,51.068275
2026-09-19T10:00:00Z,A-(401호 회로창고 1),23.10571,53.874954
2026-09-19T10:00:00Z,B-(401호 회로창고 2),23.4389,51.523632
2026-09-19T11:00:00Z,A-(401호 회로창고 1),22.822407,50.67796
2026-09-19T11:00:00Z,B-(401호 회로창고 2),23.275686,49.704082
2026-09-19T12:00:00Z,A-(401호 회로창고 1),22.557322,56.524345
2026-09-19T12:00:00Z,B-(401호 회로창고 2),23.06475,51.281586
2026-09-19T13:00:00Z,A-(401호 회로창고 1),22.75885,56.349358
2026-09-19T13:00:00Z,B-(401호 회로창고 2),23.10613,53.617092
2026-09-19T14:00:00Z,A-(401호 회로창고 1),22.229687,51.58963
2026-09-19T14:00:00Z,B-(401호 회로창고 2),22.91774,49.576912
2026-09-19T15:00:00Z,A-(401호 회로창고 1),22.256235,56.710373
2026-09-19T15:00:00Z,B-(401호 회로창고 2),22.80169,51.85703
2026-09-19T16:00:00Z,A-(401호 회로창고 1),22.353378,56.995613
2026-09-19T16:00:00Z,B-(401호 회로창고 2),22.781174,53.02023
2026-09-19T17:00:00Z,A-(401호 회로창고 1),22.197304,52.59527
2026-09-19T17:00:00Z,B-(401호 회로창고 2),22.699116,51.460487
2026-09-19T18:00:00Z,A-(401호 회로창고 1),22.05444,51.23526
2026-09-19T18:00:00Z,B-(401호 회로창고 2),22.6072,49.98113
2026-09-19T19:00:00Z,A-(401호 회로창고 1),22.057268,53.61122
2026-09-19T19:00:00Z,B-(401호 회로창고 2),22.553902,49.900032
2026-09-19T20:00:00Z,A-(401호 회로창고 1),22.309532,58.13316
2026-09-19T20:00:00Z,B-(401호 회로창고 2),22.59272,53.054443
2026-09-19T21:00:00Z,A-(401호 회로창고 1),22.202736,52.558426
2026-09-19T21:00:00Z,B-(401호 회로창고 2),22.579647,52.272774
2026-09-19T22:00:00Z,A-(401호 회로창고 1),22.042109,51.711006
2026-09-19T22:00:00Z,B-(401호 회로창고 2),22.465004,51.026585
2026-09-19T23:00:00Z,A-(401호 회로창고 1),21.979256,50.83541
2026-09-19T23:00:00Z,B-(401호 회로창고 2),22.454344,50.04387
2026-09-20T00:00:00Z,A-(401호 회로창고 1),22.001095,54.000286
2026-09-20T00:00:00Z,B-(401호 회로창고 2),22.534191,50.520317
2026-09-20T01:00:00Z,A-(401호 회로창고 1),22.182823,57.470894
2026-09-20T01:00:00Z,B-(401호 회로창고 2),22.725864,52.441803
2026-09-20T02:00:00Z,A-(401호 회로창고 1),22.27856,55.46894
2026-09-20T02:00:00Z,B-(401호 회로창고 2),22.894007,52.43005
2026-09-20T03:00:00Z,A-(401호 회로창고 1),22.05392,52.266247
2026-09-20T03:00:00Z,B-(401호 회로창고 2),22.94687,50.062042
2026-09-20T04:00:00Z,A-(401호 회로창고 1),22.011665,52.202812
2026-09-20T04:00:00Z,B-(401호 회로창고 2),23.020226,49.370266
2026-09-20T05:00:00Z,A-(401호 회로창고 1),22.120274,56.221424
2026-09-20T05:00:00Z,B-(401호 회로창고 2),23.042055,49.610264
2026-09-20T06:00:00Z,A-(401호 회로창고 1),22.0508,51.51314
2026-09-20T06:00:00Z,B-(401호 회로창고 2),23.112896,48.639656
2026-09-20T07:00:00Z,A-(401호 회로창고 1),22.361826,56.011265
2026-09-20T07:00:00Z,B-(401호 회로창고 2),23.156872,51.783623
2026-09-20T08:00:00Z,A-(401호 회로창고 1),22.00194,50.776028
2026-09-20T08:00:00Z,B-(401호 회로창고 2),23.021622,48.037903
2026-09-20T09:00:00Z,A-(401호 회로창고 1),22.126509,53.022984
2026-09-20T09:00:00Z,B-(401호 회로창고 2),22.960737,50.523624
2026-09-20T10:00:00Z,A-(401호 회로창고 1),22.239944,54.022984
2026-09-20T10:00:00Z,B-(401호 회로창고 2),22.91412,51.43308
2026-09-20T11:00:00Z,A-(401호 회로창고 1),22.256235,54.22203
2026-09-20T11:00:00Z,B-(401호 회로창고 2),22.84835,51.937607
2026-09-20T12:00:00Z,A-(401호 회로창고 1),22.123291,52.252
2026-09-20T12:00:00Z,B-(401호 회로창고 2),22.742357,50.820755
2026-09-20T13:00:00Z,A-(401호 회로창고 1),22.019302,51.253967
2026-09-20T13:00:00Z,B-(401호 회로창고 2),22.666332,49.677605
2026-09-20T14:00:00Z,A-(401호 회로창고 1),21.985664,51.48902
2026-09-20T14:00:00Z,B-(401호 회로창고 2),22.603378,48.81652
2026-09-20T15:00:00Z,A-(401호 회로창고 1),22.127514,55.611656
2026-09-20T15:00:00Z,B-(401호 회로창고 2),22.620676,51.348026
2026-09-20T16:00:00Z,A-(401호 회로창고 1),22.31979,57.916313
2026-09-20T16:00:00Z,B-(401호 회로창고 2),22.631134,52.328056
2026-09-20T17:00:00Z,A-(401호 회로창고 1),22.215206,53.58504
2026-09-20T17:00:00Z,B-(401호 회로창고 2),22.637974,52.5082
2026-09-20T18:00:00Z,A-(401호 회로창고 1),22.043333,51.946262
2026-09-20T18:00:00Z,B-(401호 회로창고 2),22.574417,51.162754
2026-09-20T19:00:00Z,A-(401호 회로창고 1),21.97839,50.71475
2026-09-20T19:00:00Z,B-(401호 회로창고 2),22.523933,49.63764
2026-09-20T20:00:00Z,A-(401호 회로창고 1),22.084042,55.60544
2026-09-20T20:00:00Z,B-(401호 회로창고 2),22.487934,52.263794
2026-09-20T21:00:00Z,A-(401호 회로창고 1),22.28399,57.420845
2026-09-20T21:00:00Z,B-(401호 회로창고 2),22.547466,53.712692
2026-09-20T22:00:00Z,A-(401호 회로창고 1),22.132341,52.549915
2026-09-20T22:00:00Z,B-(401호 회로창고 2),22.481697,51.9002
2026-09-20T23:00:00Z,A-(401호 회로창고 1),22.041103,52.50222
2026-09-20T23:00:00Z,B-(401호 회로창고 2),22.446499,51.926937
2026-09-21T00:00:00Z,A-(401호 회로창고 1),21.949406,51.66141
2026-09-21T00:00:00Z,B-(401호 회로창고 2),22.522526,50.514076
2026-09-21T00:00:00Z,C-(402호 수입검사),23.920507,52.753
2026-09-21T00:00:00Z,D-(406호 기구창고),25.823597,50.06399
2026-09-21T00:00:00Z,E-(408호 OQC),22.933428,58.353664
2026-09-21T00:00:00Z,F-(807호 생산 Line),22.382542,50.702335
2026-09-21T00:00:00Z,G-(401호 기구창고),21.651243,55.14688
2026-09-21T01:00:00Z,A-(401호 회로창고 1),22.062662,51.752453
2026-09-21T01:00:00Z,B-(401호 회로창고 2),22.83226,50.00441
2026-09-21T01:00:00Z,C-(402호 수입검사),23.404018,54.68093
2026-09-21T01:00:00Z,D-(406호 기구창고),24.96032,50.37352
2026-09-21T01:00:00Z,E-(408호 OQC),22.175785,56.30153
2026-09-21T01:00:00Z,F-(807호 생산 Line),22.043507,52.733833
2026-09-21T01:00:00Z,G-(401호 기구창고),20.023647,55.737843
2026-09-21T02:00:00Z,A-(401호 회로창고 1),22.156677,51.916203
2026-09-21T02:00:00Z,B-(401호 회로창고 2),23.100636,49.578384
2026-09-21T02:00:00Z,C-(402호 수입검사),23.177166,53.885277
2026-09-21T02:00:00Z,D-(406호 기구창고),24.65807,49.78817
2026-09-21T02:00:00Z,E-(408호 OQC),22.106798,59.562107
2026-09-21T02:00:00Z,F-(807호 생산 Line),21.914257,52.980103
2026-09-21T02:00:00Z,G-(401호 기구창고),19.540905,56.041798
2026-09-21T03:00:00Z,A-(401호 회로창고 1),23.076769,54.07007
2026-09-21T03:00:00Z,B-(401호 회로창고 2),23.591755,51.693275
2026-09-21T03:00:00Z,C-(402호 수입검사),23.154968,51.92324
2026-09-21T03:00:00Z,D-(406호 기구창고),24.215874,48.83988
2026-09-21T03:00:00Z,E-(408호 OQC),22.16412,61.57613
2026-09-21T03:00:00Z,F-(807호 생산 Line),22.145615,51.894405
2026-09-21T03:00:00Z,G-(401호 기구창고),19.29755,56.231445
2026-09-21T04:00:00Z,A-(401호 회로창고 1),23.120296,53.20334
2026-09-21T04:00:00Z,B-(401호 회로창고 2),23.598942,50.845776
2026-09-21T04:00:00Z,C-(402호 수입검사),23.645666,52.66207
2026-09-21T04:00:00Z,D-(406호 기구창고),23.791332,49.04033
2026-09-21T04:00:00Z,E-(408호 OQC),22.64099,57.142357
2026-09-21T04:00:00Z,F-(807호 생산 Line),21.702293,49.930477
2026-09-21T04:00:00Z,G-(401호 기구창고),19.406628,59.85152
2026-09-21T05:00:00Z,A-(401호 회로창고 1),23.149683,52.514206
2026-09-21T05:00:00Z,B-(401호 회로창고 2),23.773573,50.00453
2026-09-21T05:00:00Z,C-(402호 수입검사),24.765896,49.720165
2026-09-21T05:00:00Z,D-(406호 기구창고),23.741014,48.765785
2026-09-21T05:00:00Z,E-(408호 OQC),22.305712,61.98043
2026-09-21T05:00:00Z,F-(807호 생산 Line),21.347036,50.18396
2026-09-21T05:00:00Z,G-(401호 기구창고),19.538488,58.250984
2026-09-21T06:00:00Z,A-(401호 회로창고 1),22.208569,49.984688
2026-09-21T06:00:00Z,B-(401호 회로창고 2),23.482876,46.58448
2026-09-21T06:00:00Z,C-(402호 수입검사),23.354546,48.203583
2026-09-21T06:00:00Z,D-(406호 기구창고),23.476532,48.234142
2026-09-21T06:00:00Z,E-(408호 OQC),22.18785,61.83961
2026-09-21T06:00:00Z,F-(807호 생산 Line),21.213383,49.7698
2026-09-21T06:00:00Z,G-(401호 기구창고),20.386082,55.174515
2026-09-21T07:00:00Z,A-(401호 회로창고 1),23.02555,51.829617
2026-09-21T07:00:00Z,B-(401호 회로창고 2),23.761522,48.845943
2026-09-21T07:00:00Z,C-(402호 수입검사),23.05771,49.040535
2026-09-21T07:00:00Z,D-(406호 기구창고),23.30592,48.41266
2026-09-21T07:00:00Z,E-(408호 OQC),22.283789,61.63079
2026-09-21T07:00:00Z,F-(807호 생산 Line),21.265583,49.63924
2026-09-21T07:00:00Z,G-(401호 기구창고),19.831377,57.044582
2026-09-21T08:00:00Z,A-(401호 회로창고 1),22.929436,50.90788
2026-09-21T08:00:00Z,B-(401호 회로창고 2),23.752853,47.798862
2026-09-21T08:00:00Z,C-(402호 수입검사),23.044216,50.074562
2026-09-21T08:00:00Z,D-(406호 기구창고),23.176533,48.333645
2026-09-21T08:00:00Z,E-(408호 OQC),22.189863,62.80241
2026-09-21T08:00:00Z,F-(807호 생산 Line),21.09955,49.083138
2026-09-21T08:00:00Z,G-(401호 기구창고),19.546772,59.693615
2026-09-21T09:00:00Z,A-(401호 회로창고 1),22.90688,51.10349
2026-09-21T09:00:00Z,B-(401호 회로창고 2),23.670824,47.745422
2026-09-21T10:00:00Z,A-(401호 회로창고 1),23.000282,50.97079
2026-09-21T10:00:00Z,B-(401호 회로창고 2),23.62241,48.121277
2026-09-21T11:00:00Z,A-(401호 회로창고 1),23.127695,50.671093
2026-09-21T11:00:00Z,B-(401호 회로창고 2),23.472729,48.566414
2026-09-21T12:00:00Z,A-(401호 회로창고 1),22.996235,50.875824
2026-09-21T12:00:00Z,B-(401호 회로창고 2),23.288795,48.929256
2026-09-21T13:00:00Z,A-(401호 회로창고 1),22.913088,51.042812
2026-09-21T13:00:00Z,B-(401호 회로창고 2),23.2315,48.517273
2026-09-21T14:00:00Z,A-(401호 회로창고 1),23.18372,49.312855
2026-09-21T14:00:00Z,B-(401호 회로창고 2),23.269978,48.874638
2026-09-21T15:00:00Z,A-(401호 회로창고 1),23.168287,50.47535
2026-09-21T15:00:00Z,B-(401호 회로창고 2),23.214165,49.23108
2026-09-21T16:00:00Z,A-(401호 회로창고 1),23.076975,50.723675
2026-09-21T16:00:00Z,B-(401호 회로창고 2),23.151798,49.350822
2026-09-21T17:00:00Z,A-(401호 회로창고 1),23.010386,50.77569
2026-09-21T17:00:00Z,B-(401호 회로창고 2),23.104862,49.37319
2026-09-21T18:00:00Z,A-(401호 회로창고 1),22.906075,50.985413
2026-09-21T18:00:00Z,B-(401호 회로창고 2),23.05179,49.440407
2026-09-21T19:00:00Z,A-(401호 회로창고 1),22.8926,51.061527
2026-09-21T19:00:00Z,B-(401호 회로창고 2),23.019623,48.753426
2026-09-21T20:00:00Z,A-(401호 회로창고 1),23.075733,48.736256
2026-09-21T20:00:00Z,B-(401호 회로창고 2),23.082664,48.551
2026-09-21T21:00:00Z,A-(401호 회로창고 1),23.226427,50.12317
2026-09-21T21:00:00Z,B-(401호 회로창고 2),23.085835,49.53232
2026-09-21T22:00:00Z,A-(401호 회로창고 1),23.059906,50.56271
2026-09-21T22:00:00Z,B-(401호 회로창고 2),22.981266,49.56951
2026-09-21T23:00:00Z,A-(401호 회로창고 1),22.994703,50.815323
2026-09-21T23:00:00Z,B-(401호 회로창고 2),22.975258,49.75454
2026-09-22T00:00:00Z,A-(401호 회로창고 1),22.950932,50.075745
2026-09-22T00:00:00Z,B-(401호 회로창고 2),23.32262,48.42702
2026-09-22T00:00:00Z,C-(402호 수입검사),23.55222,52.16558
2026-09-22T00:00:00Z,D-(406호 기구창고),24.91949,47.781666
2026-09-22T00:00:00Z,E-(408호 OQC),22.378922,61.61127
2026-09-22T00:00:00Z,F-(807호 생산 Line),21.399809,50.21314
2026-09-22T00:00:00Z,G-(401호 기구창고),20.812862,53.560833
2026-09-22T01:00:00Z,A-(401호 회로창고 1),23.23404,48.537323
2026-09-22T01:00:00Z,B-(401호 회로창고 2),23.55687,48.192642
2026-09-22T01:00:00Z,C-(402호 수입검사),23.222832,53.256966
2026-09-22T01:00:00Z,D-(406호 기구창고),24.809027,47.195015
2026-09-22T01:00:00Z,E-(408호 OQC),22.344128,63.576675
2026-09-22T01:00:00Z,F-(807호 생산 Line),21.268261,50.525566
2026-09-22T01:00:00Z,G-(401호 기구창고),19.773212,56.67549
2026-09-22T02:00:00Z,A-(401호 회로창고 1),22.8928,51.10223
2026-09-22T02:00:00Z,B-(401호 회로창고 2),23.569979,48.319744
2026-09-22T02:00:00Z,C-(402호 수입검사),23.035389,53.482914
2026-09-22T02:00:00Z,D-(406호 기구창고),24.283682,47.925606
2026-09-22T02:00:00Z,E-(408호 OQC),21.886042,62.429436
2026-09-22T02:00:00Z,F-(807호 생산 Line),21.233269,52.981323
2026-09-22T02:00:00Z,G-(401호 기구창고),19.419918,57.11084
2026-09-22T03:00:00Z,A-(401호 회로창고 1),22.995487,50.69604
2026-09-22T03:00:00Z,B-(401호 회로창고 2),23.751163,47.92632
2026-09-22T03:00:00Z,C-(402호 수입검사),22.914923,52.046295
2026-09-22T03:00:00Z,D-(406호 기구창고),24.03994,47.588947
2026-09-22T03:00:00Z,E-(408호 OQC),22.021187,65.66701
2026-09-22T03:00:00Z,F-(807호 생산 Line),21.363289,53.554943
2026-09-22T03:00:00Z,G-(401호 기구창고),19.304453,71.88204
2026-09-22T04:00:00Z,A-(401호 회로창고 1),23.224735,49.469154
2026-09-22T04:00:00Z,B-(401호 회로창고 2),23.900635,47.10394
2026-09-22T04:00:00Z,C-(402호 수입검사),23.20169,52.192932
2026-09-22T04:00:00Z,D-(406호 기구창고),23.81649,47.93796
2026-09-22T04:00:00Z,E-(408호 OQC),22.318382,65.71113
2026-09-22T04:00:00Z,F-(807호 생산 Line),21.322563,53.139812
2026-09-22T04:00:00Z,G-(401호 기구창고),20.01413,56.41815
2026-09-22T05:00:00Z,A-(401호 회로창고 1),22.975985,50.49682
2026-09-22T05:00:00Z,B-(401호 회로창고 2),23.824524,47.226746
2026-09-22T05:00:00Z,C-(402호 수입검사),22.878117,51.961216
2026-09-22T05:00:00Z,D-(406호 기구창고),23.468922,48.21216
2026-09-22T05:00:00Z,E-(408호 OQC),21.85851,68.01538
2026-09-22T05:00:00Z,F-(807호 생산 Line),22.109413,53.188335
2026-09-22T05:00:00Z,G-(401호 기구창고),19.267,57.80223
2026-09-22T06:00:00Z,A-(401호 회로창고 1),22.882141,51.516613
2026-09-22T06:00:00Z,B-(401호 회로창고 2),23.884777,47.281948
2026-09-22T06:00:00Z,C-(402호 수입검사),22.789621,52.808144
2026-09-22T06:00:00Z,D-(406호 기구창고),23.310993,48.502167
2026-09-22T06:00:00Z,E-(408호 OQC),22.014408,68.76997
2026-09-22T06:00:00Z,F-(807호 생산 Line),21.73346,52.482986
2026-09-22T06:00:00Z,G-(401호 기구창고),23.127483,56.711143
2026-09-22T07:00:00Z,A-(401호 회로창고 1),22.788616,51.686394
2026-09-22T07:00:00Z,B-(401호 회로창고 2),23.86871,49.08204
2026-09-22T07:00:00Z,C-(402호 수입검사),22.821198,54.138226
2026-09-22T07:00:00Z,D-(406호 기구창고),23.266174,49.135834
2026-09-22T07:00:00Z,E-(408호 OQC),22.292439,67.706825
2026-09-22T07:00:00Z,F-(807호 생산 Line),21.7761,55.194492
2026-09-22T07:00:00Z,G-(401호 기구창고),21.555641,52.405537
2026-09-22T08:00:00Z,A-(401호 회로창고 1),22.952438,50.15675
2026-09-22T08:00:00Z,B-(401호 회로창고 2),23.85074,47.22749
2026-09-22T08:00:00Z,C-(402호 수입검사),22.937511,53.924835
2026-09-22T08:00:00Z,D-(406호 기구창고),23.30423,48.756886
2026-09-22T08:00:00Z,E-(408호 OQC),22.081657,66.93331
2026-09-22T08:00:00Z,F-(807호 생산 Line),22.126709,52.28212
2026-09-22T08:00:00Z,G-(401호 기구창고),19.72506,57.774006
2026-09-22T09:00:00Z,A-(401호 회로창고 1),22.677795,50.98144
2026-09-22T09:00:00Z,B-(401호 회로창고 2),23.420507,47.847527
2026-09-22T10:00:00Z,A-(401호 회로창고 1),22.929424,49.99537
2026-09-22T10:00:00Z,B-(401호 회로창고 2),23.383297,48.074272
2026-09-22T11:00:00Z,A-(401호 회로창고 1),22.747185,49.759136
2026-09-22T11:00:00Z,B-(401호 회로창고 2),23.232346,47.480804
2026-09-22T12:00:00Z,A-(401호 회로창고 1),22.868866,49.066204
2026-09-22T12:00:00Z,B-(401호 회로창고 2),23.184778,47.197662
2026-09-22T13:00:00Z,A-(401호 회로창고 1),22.840708,49.201324
2026-09-22T13:00:00Z,B-(401호 회로창고 2),23.14038,47.19233
2026-09-22T14:00:00Z,A-(401호 회로창고 1),22.81255,49.665928
2026-09-22T14:00:00Z,B-(401호 회로창고 2),23.113108,47.845264
2026-09-22T15:00:00Z,A-(401호 회로창고 1),22.717014,50.350685
2026-09-22T15:00:00Z,B-(401호 회로창고 2),23.038036,48.300396
2026-09-22T16:00:00Z,A-(401호 회로창고 1),22.826225,50.30337
2026-09-22T16:00:00Z,B-(401호 회로창고 2),23.027693,48.65313
2026-09-22T17:00:00Z,A-(401호 회로창고 1),22.938004,50.29226
2026-09-22T17:00:00Z,B-(401호 회로창고 2),23.086258,48.811756
2026-09-22T18:00:00Z,A-(401호 회로창고 1),22.880129,49.341522
2026-09-22T18:00:00Z,B-(401호 회로창고 2),23.042585,48.024193
2026-09-22T19:00:00Z,A-(401호 회로창고 1),22.676186,51.0426
2026-09-22T19:00:00Z,B-(401호 회로창고 2),22.934086,49.100067
2026-09-22T20:00:00Z,A-(401호 회로창고 1),22.754023,51.306686
2026-09-22T20:00:00Z,B-(401호 회로창고 2),22.925583,49.594513
2026-09-22T21:00:00Z,A-(401호 회로창고 1),22.918545,51.14705
2026-09-22T21:00:00Z,B-(401호 회로창고 2),22.980461,49.830013
2026-09-22T22:00:00Z,A-(401호 회로창고 1),22.966196,49.979065
2026-09-22T22:00:00Z,B-(401호 회로창고 2),22.995132,49.261272
2026-09-22T23:00:00Z,A-(401호 회로창고 1),22.677193,52.04986
2026-09-22T23:00:00Z,B-(401호 회로창고 2),22.876911,50.417465
2026-09-23T00:00:00Z,A-(401호 회로창고 1),22.979105,51.5089
2026-09-23T00:00:00Z,B-(401호 회로창고 2),23.33319,49.704544
2026-09-23T00:00:00Z,C-(402호 수입검사),23.773785,53.12373
2026-09-23T00:00:00Z,D-(406호 기구창고),24.32948,49.591667
2026-09-23T00:00:00Z,E-(408호 OQC),22.710981,64.73867
2026-09-23T00:00:00Z,F-(807호 생산 Line),21.961016,52.01595
2026-09-23T00:00:00Z,G-(401호 기구창고),20.937954,54.74563
2026-09-23T01:00:00Z,A-(401호 회로창고 1),22.75684,51.48476
2026-09-23T01:00:00Z,B-(401호 회로창고 2),23.300846,48.83178
2026-09-23T01:00:00Z,C-(402호 수입검사),23.375477,57.140663
2026-09-23T01:00:00Z,D-(406호 기구창고),24.209204,50.515724
2026-09-23T01:00:00Z,E-(408호 OQC),22.449116,66.87484
2026-09-23T01:00:00Z,F-(807호 생산 Line),21.546654,54.245613
2026-09-23T01:00:00Z,G-(401호 기구창고),19.509838,55.060745
2026-09-23T02:00:00Z,A-(401호 회로창고 1),22.688858,52.82267
2026-09-23T02:00:00Z,B-(401호 회로창고 2),23.498732,49.00138
2026-09-23T02:00:00Z,C-(402호 수입검사),23.142494,56.792282
2026-09-23T02:00:00Z,D-(406호 기구창고),23.890064,53.227455
2026-09-23T02:00:00Z,E-(408호 OQC),22.351768,66.888725
2026-09-23T02:00:00Z,F-(807호 생산 Line),21.450096,54.702248
2026-09-23T02:00:00Z,G-(401호 기구창고),20.08699,60.651157
2026-09-23T03:00:00Z,A-(401호 회로창고 1),22.75523,51.0486
2026-09-23T03:00:00Z,B-(401호 회로창고 2),23.684143,48.179333
2026-09-23T03:00:00Z,C-(402호 수입검사),22.942076,54.373726
2026-09-23T03:00:00Z,D-(406호 기구창고),24.021778,49.689262
2026-09-23T03:00:00Z,E-(408호 OQC),22.11243,66.71516
2026-09-23T03:00:00Z,F-(807호 생산 Line),21.672466,54.21689
2026-09-23T03:00:00Z,G-(401호 기구창고),19.438211,59.665543
2026-09-23T04:00:00Z,A-(401호 회로창고 1),22.759453,52.592224
2026-09-23T04:00:00Z,B-(401호 회로창고 2),23.70465,48.615612
2026-09-23T04:00:00Z,C-(402호 수입검사),22.881939,57.195816
2026-09-23T04:00:00Z,D-(406호 기구창고),23.38224,49.832657
2026-09-23T04:00:00Z,E-(408호 OQC),22.480692,64.91677
2026-09-23T04:00:00Z,F-(807호 생산 Line),21.411282,51.41076
2026-09-23T04:00:00Z,G-(401호 기구창고),19.368313,62.05456
2026-09-23T05:00:00Z,A-(401호 회로창고 1),22.455551,50.820553
2026-09-23T05:00:00Z,B-(401호 회로창고 2),23.568077,47.355274
2026-09-23T05:00:00Z,C-(402호 수입검사),22.727272,55.553032
2026-09-23T05:00:00Z,D-(406호 기구창고),22.925484,51.404045
2026-09-23T05:00:00Z,E-(408호 OQC),22.402252,68.690704
2026-09-23T05:00:00Z,F-(807호 생산 Line),21.290249,52.668854
2026-09-23T05:00:00Z,G-(401호 기구창고),19.95023,91.71348
2026-09-23T06:00:00Z,A-(401호 회로창고 1),22.349356,53.125
2026-09-23T06:00:00Z,B-(401호 회로창고 2),23.19408,47.447144
2026-09-23T06:00:00Z,C-(402호 수입검사),22.687853,55.957844
2026-09-23T06:00:00Z,F-(807호 생산 Line),21.523518,53.90965
2026-09-23T06:00:00Z,G-(401호 기구창고),20.426235,66.30286
2026-09-23T07:00:00Z,A-(401호 회로창고 1),22.235117,50.263767
2026-09-23T07:00:00Z,B-(401호 회로창고 2),23.004368,47.784435
2026-09-23T07:00:00Z,C-(402호 수입검사),23.839958,54.29354
2026-09-23T07:00:00Z,F-(807호 생산 Line),22.741352,51.181812
2026-09-23T07:00:00Z,G-(401호 기구창고),21.740726,62.701378
2026-09-23T08:00:00Z,A-(401호 회로창고 1),22.312752,51.519005
2026-09-23T08:00:00Z,B-(401호 회로창고 2),22.976316,49.030582
2026-09-23T08:00:00Z,C-(402호 수입검사),24.31147,53.969223
2026-09-23T08:00:00Z,F-(807호 생산 Line),23.072437,50.88004
2026-09-23T08:00:00Z,G-(401호 기구창고),22.155872,61.99444
2026-09-23T09:00:00Z,A-(401호 회로창고 1),22.236122,53.25177
2026-09-23T09:00:00Z,B-(401호 회로창고 2),22.81577,48.047802
2026-09-23T10:00:00Z,A-(401호 회로창고 1),22.235115,50.402275
2026-09-23T10:00:00Z,B-(401호 회로창고 2),22.733105,48.86062
2026-09-23T11:00:00Z,A-(401호 회로창고 1),22.390184,52.002758
2026-09-23T11:00:00Z,B-(401호 회로창고 2),22.751408,50.145927
2026-09-23T12:00:00Z,A-(401호 회로창고 1),22.238134,52.125164
2026-09-23T12:00:00Z,B-(401호 회로창고 2),22.61263,48.74364
2026-09-23T13:00:00Z,A-(401호 회로창고 1),22.181416,49.922474
2026-09-23T13:00:00Z,B-(401호 회로창고 2),22.549477,48.994995
2026-09-23T14:00:00Z,A-(401호 회로창고 1),22.354183,51.248024
2026-09-23T14:00:00Z,B-(401호 회로창고 2),22.584272,50.182194
2026-09-23T15:00:00Z,A-(401호 회로창고 1),22.225464,53.70488
2026-09-23T15:00:00Z,B-(401호 회로창고 2),22.501408,51.1634
2026-09-23T16:00:00Z,A-(401호 회로창고 1),22.17498,49.742306
2026-09-23T16:00:00Z,B-(401호 회로창고 2),22.465004,48.807617
2026-09-23T17:00:00Z,A-(401호 회로창고 1),22.273129,50.803505
2026-09-23T17:00:00Z,B-(401호 회로창고 2),22.522526,50.307655
2026-09-23T18:00:00Z,A-(401호 회로창고 1),22.323814,52.29308
2026-09-23T18:00:00Z,B-(401호 회로창고 2),22.52172,51.10534
2026-09-23T19:00:00Z,A-(401호 회로창고 1),22.243162,54.140663
2026-09-23T19:00:00Z,B-(401호 회로창고 2),22.452936,52.156803
2026-09-23T20:00:00Z,A-(401호 회로창고 1),22.102373,49.636303
2026-09-23T20:00:00Z,B-(401호 회로창고 2),22.396622,49.053585
2026-09-23T21:00:00Z,A-(401호 회로창고 1),22.170958,49.920807
2026-09-23T21:00:00Z,B-(401호 회로창고 2),22.348148,49.352886
2026-09-23T22:00:00Z,A-(401호 회로창고 1),22.206154,50.120983
2026-09-23T22:00:00Z,B-(401호 회로창고 2),22.356998,49.98133
2026-09-23T23:00:00Z,A-(401호 회로창고 1),22.220434,50.795483
2026-09-23T23:00:00Z,B-(401호 회로창고 2),22.390587,50.345055
2026-09-24T00:00:00Z,A-(401호 회로창고 1),22.300884,52.33116
2026-09-24T00:00:00Z,B-(401호 회로창고 2),22.508446,51.05497
2026-09-24T00:00:00Z,C-(402호 수입검사),24.873722,55.69286
2026-09-24T00:00:00Z,F-(807호 생산 Line),24.102934,50.767902
2026-09-24T00:00:00Z,G-(401호 기구창고),22.674578,63.055595
2026-09-24T01:00:00Z,A-(401호 회로창고 1),22.268906,53.710007
2026-09-24T01:00:00Z,B-(401호 회로창고 2),22.50523,51.36357
2026-09-24T01:00:00Z,C-(402호 수입검사),24.958954,55.889328
2026-09-24T01:00:00Z,F-(807호 생산 Line),24.170965,50.824127
2026-09-24T01:00:00Z,G-(401호 기구창고),22.753218,63.866608
2026-09-24T02:00:00Z,A-(401호 회로창고 1),22.061848,52.461983
2026-09-24T02:00:00Z,B-(401호 회로창고 2),22.518906,48.481842
2026-09-24T02:00:00Z,C-(402호 수입검사),25.095562,56.025043
2026-09-24T02:00:00Z,F-(807호 생산 Line),24.204313,50.91524
2026-09-24T02:00:00Z,G-(401호 기구창고),22.834875,64.23523
2026-09-24T03:00:00Z,A-(401호 회로창고 1),22.107803,50.03308
2026-09-24T03:00:00Z,B-(401호 회로창고 2),22.613033,48.722366
2026-09-24T03:00:00Z,C-(402호 수입검사),25.264019,55.756187
2026-09-24T03:00:00Z,F-(807호 생산 Line),24.239883,51.0306
2026-09-24T03:00:00Z,G-(401호 기구창고),22.94971,63.589996
2026-09-24T04:00:00Z,A-(401호 회로창고 1),22.218021,50.994823
2026-09-24T04:00:00Z,B-(401호 회로창고 2),22.712994,49.385696
2026-09-24T04:00:00Z,C-(402호 수입검사),25.410515,55.60427
2026-09-24T04:00:00Z,F-(807호 생산 Line),24.253447,51.169468
2026-09-24T04:00:00Z,G-(401호 기구창고),23.058329,63.342415
2026-09-24T05:00:00Z,A-(401호 회로창고 1),22.171762,52.493816
2026-09-24T05:00:00Z,B-(401호 회로창고 2),22.745373,47.943333
2026-09-24T05:00:00Z,C-(402호 수입검사),25.582943,55.39816
2026-09-24T05:00:00Z,F-(807호 생산 Line),24.283905,51.28424
2026-09-24T05:00:00Z,G-(401호 기구창고),23.206131,62.742023
2026-09-24T06:00:00Z,A-(401호 회로창고 1),22.170757,50.377243
2026-09-24T06:00:00Z,B-(401호 회로창고 2),22.718624,49.033695
2026-09-24T06:00:00Z,C-(402호 수입검사),25.6493,55.225395
2026-09-24T06:00:00Z,F-(807호 생산 Line),24.32837,51.380558
2026-09-24T06:00:00Z,G-(401호 기구창고),23.29852,62.36621
2026-09-24T07:00:00Z,A-(401호 회로창고 1),22.360218,53.759834
2026-09-24T07:00:00Z,B-(401호 회로창고 2),22.713194,50.87119
2026-09-24T07:00:00Z,C-(402호 수입검사),25.620327,55.09446
2026-09-24T07:00:00Z,F-(807호 생산 Line),24.35149,51.491436
2026-09-24T07:00:00Z,G-(401호 기구창고),23.291756,62.176968
2026-09-24T08:00:00Z,A-(401호 회로창고 1),22.124096,49.597015
2026-09-24T08:00:00Z,B-(401호 회로창고 2),22.579243,48.308
2026-09-24T08:00:00Z,C-(402호 수입검사),25.585747,55.13025
2026-09-24T08:00:00Z,F-(807호 생산 Line),24.394175,51.615955
2026-09-24T08:00:00Z,G-(401호 기구창고),23.287525,62.21874
2026-09-24T09:00:00Z,A-(401호 회로창고 1),22.210377,50.418316
2026-09-24T09:00:00Z,B-(401호 회로창고 2),22.58427,49.5347
2026-09-24T10:00:00Z,A-(401호 회로창고 1),22.349758,54.72412
2026-09-24T10:00:00Z,B-(401호 회로창고 2),22.583668,50.934166
2026-09-24T11:00:00Z,A-(401호 회로창고 1),22.102978,49.65688
2026-09-24T11:00:00Z,B-(401호 회로창고 2),22.447908,48.651695
2026-09-24T12:00:00Z,A-(401호 회로창고 1),22.192879,50.554363
2026-09-24T12:00:00Z,B-(401호 회로창고 2),22.483105,49.8404
2026-09-24T13:00:00Z,A-(401호 회로창고 1),22.334875,52.61139
2026-09-24T13:00:00Z,B-(401호 회로창고 2),22.503017,51.466515
2026-09-24T14:00:00Z,A-(401호 회로창고 1),22.146622,52.84636
2026-09-24T14:00:00Z,B-(401호 회로창고 2),22.409897,50.55717
2026-09-24T15:00:00Z,A-(401호 회로창고 1),22.123491,49.598507
2026-09-24T15:00:00Z,B-(401호 회로창고 2),22.405872,48.801067
2026-09-24T16:00:00Z,A-(401호 회로창고 1),22.203136,50.536568
2026-09-24T16:00:00Z,B-(401호 회로창고 2),22.41774,49.91247
2026-09-24T17:00:00Z,A-(401호 회로창고 1),22.362831,52.651615
2026-09-24T17:00:00Z,B-(401호 회로창고 2),22.4642,51.698593
2026-09-24T18:00:00Z,A-(401호 회로창고 1),22.33427,53.77641
2026-09-24T18:00:00Z,B-(401호 회로창고 2),22.40527,51.695057
2026-09-24T19:00:00Z,A-(401호 회로창고 1),22.321602,54.643845
2026-09-24T19:00:00Z,B-(401호 회로창고 2),22.38033,52.673008
2026-09-24T20:00:00Z,A-(401호 회로창고 1),22.1609,53.403297
2026-09-24T20:00:00Z,B-(401호 회로창고 2),22.279163,51.525013
2026-09-24T21:00:00Z,A-(401호 회로창고 1),22.227676,53.29185
2026-09-24T21:00:00Z,B-(401호 회로창고 2),22.303299,51.708992
2026-09-24T22:00:00Z,A-(401호 회로창고 1),22.148632,50.8089
2026-09-24T22:00:00Z,B-(401호 회로창고 2),22.23753,49.691265
2026-09-24T23:00:00Z,A-(401호 회로창고 1),22.125704,49.519592
2026-09-24T23:00:00Z,B-(401호 회로창고 2),22.231495,49.506138
2026-09-25T00:00:00Z,A-(401호 회로창고 1),22.124296,49.521465
2026-09-25T00:00:00Z,B-(401호 회로창고 2),22.25885,49.644108
2026-09-25T00:00:00Z,C-(402호 수입검사),25.082008,56.207447
2026-09-25T00:00:00Z,F-(807호 생산 Line),24.688528,52.474422
2026-09-25T00:00:00Z,G-(401호 기구창고),23.098309,62.879402
2026-09-25T01:00:00Z,A-(401호 회로창고 1),22.15929,50.31471
2026-09-25T01:00:00Z,B-(401호 회로창고 2),22.286201,50.338314
2026-09-25T01:00:00Z,C-(402호 수입검사),25.091824,56.126297
2026-09-25T01:00:00Z,F-(807호 생산 Line),24.70209,52.449394
2026-09-25T01:00:00Z,G-(401호 기구창고),23.100634,63.110622
2026-09-25T02:00:00Z,A-(401호 회로창고 1),22.297668,51.675747
2026-09-25T02:00:00Z,B-(401호 회로창고 2),22.421963,51.02128
2026-09-25T02:00:00Z,C-(402호 수입검사),25.167992,56.122055
2026-09-25T02:00:00Z,F-(807호 생산 Line),24.724321,52.52081
2026-09-25T02:00:00Z,G-(401호 기구창고),23.148624,62.882385
2026-09-25T03:00:00Z,A-(401호 회로창고 1),22.306114,54.68331
2026-09-25T03:00:00Z,B-(401호 회로창고 2),22.39984,51.641716
2026-09-25T03:00:00Z,C-(402호 수입검사),25.224533,56.11485
2026-09-25T03:00:00Z,F-(807호 생산 Line),24.726545,52.59199
2026-09-25T03:00:00Z,G-(401호 기구창고),23.181396,62.717247
2026-09-25T04:00:00Z,A-(401호 회로창고 1),22.095938,50.626534
2026-09-25T04:00:00Z,B-(401호 회로창고 2),22.333065,48.823044
2026-09-25T04:00:00Z,C-(402호 수입검사),25.232477,56.19937
2026-09-25T04:00:00Z,F-(807호 생산 Line),24.759449,52.66271
2026-09-25T04:00:00Z,G-(401호 기구창고),23.183086,62.67403
2026-09-25T05:00:00Z,A-(401호 회로창고 1),22.092014,50.249084
2026-09-25T05:00:00Z,B-(401호 회로창고 2),22.360016,50.029053
2026-09-25T05:00:00Z,C-(402호 수입검사),25.219393,56.176674
2026-09-25T05:00:00Z,F-(807호 생산 Line),24.776566,52.707626
2026-09-25T05:00:00Z,G-(401호 기구창고),23.229599,62.569824
2026-09-25T06:00:00Z,A-(401호 회로창고 1),22.240345,50.917072
2026-09-25T06:00:00Z,B-(401호 회로창고 2),22.386566,50.67673
2026-09-25T06:00:00Z,C-(402호 수입검사),25.204906,56.456894
2026-09-25T06:00:00Z,F-(807호 생산 Line),24.794575,52.819176
2026-09-25T06:00:00Z,G-(401호 기구창고),23.242916,62.59344
2026-09-25T07:00:00Z,A-(401호 회로창고 1),22.356194,52.791077
2026-09-25T07:00:00Z,B-(401호 회로창고 2),22.386162,51.945404
2026-09-25T07:00:00Z,C-(402호 수입검사),25.182243,56.613194
2026-09-25T07:00:00Z,F-(807호 생산 Line),24.807247,52.96376
2026-09-25T07:00:00Z,G-(401호 기구창고),23.220085,63.01509
2026-09-25T08:00:00Z,A-(401호 회로창고 1),22.316372,55.15578
2026-09-25T08:00:00Z,B-(401호 회로창고 2),22.32824,52.9486
2026-09-25T08:00:00Z,C-(402호 수입검사),25.178738,56.51161
2026-09-25T08:00:00Z,F-(807호 생산 Line),24.818142,52.9829
2026-09-25T08:00:00Z,G-(401호 기구창고),23.167442,63.200413
2026-09-25T09:00:00Z,A-(401호 회로창고 1),22.207561,53.112244
2026-09-25T09:00:00Z,B-(401호 회로창고 2),22.252213,52.113655
2026-09-25T10:00:00Z,A-(401호 회로창고 1),22.102776,50.785698
2026-09-25T10:00:00Z,B-(401호 회로창고 2),22.226269,49.89312
2026-09-25T11:00:00Z,A-(401호 회로창고 1),22.074106,49.355953
2026-09-25T11:00:00Z,B-(401호 회로창고 2),22.199718,49.533478
2026-09-25T12:00:00Z,A-(401호 회로창고 1),22.124096,49.875233
2026-09-25T12:00:00Z,B-(401호 회로창고 2),22.204746,50.329636
2026-09-25T13:00:00Z,A-(401호 회로창고 1),22.145214,49.719627
2026-09-25T13:00:00Z,B-(401호 회로창고 2),22.163918,50.094864
2026-09-25T14:00:00Z,A-(401호 회로창고 1),22.189663,50.297947
2026-09-25T14:00:00Z,B-(401호 회로창고 2),22.18745,51.076107
2026-09-25T15:00:00Z,A-(401호 회로창고 1),22.261063,50.940975
2026-09-25T15:00:00Z,B-(401호 회로창고 2),22.211586,51.540855
2026-09-25T16:00:00Z,A-(401호 회로창고 1),22.335278,52.016945
2026-09-25T16:00:00Z,B-(401호 회로창고 2),22.209574,51.982185
2026-09-25T17:00:00Z,A-(401호 회로창고 1),22.380531,52.852436
2026-09-25T17:00:00Z,B-(401호 회로창고 2),22.216412,52.628006
2026-09-25T18:00:00Z,A-(401호 회로창고 1),22.34433,55.06183
2026-09-25T18:00:00Z,B-(401호 회로창고 2),22.184834,53.244
2026-09-25T19:00:00Z,A-(401호 회로창고 1),22.23914,53.747803
2026-09-25T19:00:00Z,B-(401호 회로창고 2),22.111626,53.20969
2026-09-25T20:00:00Z,A-(401호 회로창고 1),22.168343,53.028343
2026-09-25T20:00:00Z,B-(401호 회로창고 2),22.062042,52.586052
2026-09-25T21:00:00Z,A-(401호 회로창고 1),22.094963,50.090862
2026-09-25T21:00:00Z,B-(401호 회로창고 2),22.050102,50.110905
2026-09-25T22:00:00Z,A-(401호 회로창고 1),22.08788,49.57483
2026-09-25T22:00:00Z,B-(401호 회로창고 2),22.029839,50.00471
2026-09-25T23:00:00Z,A-(401호 회로창고 1),22.08654,49.5936
2026-09-25T23:00:00Z,B-(401호 회로창고 2),22.048069,50.44799
2026-09-26T00:00:00Z,A-(401호 회로창고 1),22.106194,49.753605
2026-09-26T00:00:00Z,B-(401호 회로창고 2),22.102373,50.55561
2026-09-26T01:00:00Z,A-(401호 회로창고 1),22.201126,50.597908
2026-09-26T01:00:00Z,B-(401호 회로창고 2),22.26971,51.236588
2026-09-26T02:00:00Z,A-(401호 회로창고 1),22.251408,51.037113
2026-09-26T02:00:00Z,B-(401호 회로창고 2),22.429203,50.99876
2026-09-26T03:00:00Z,A-(401호 회로창고 1),22.285599,52.06921
2026-09-26T03:00:00Z,B-(401호 회로창고 2),22.59111,50.930733
2026-09-26T04:00:00Z,A-(401호 회로창고 1),22.12852,53.49729
2026-09-26T04:00:00Z,B-(401호 회로창고 2),22.620676,49.281322
2026-09-26T05:00:00Z,A-(401호 회로창고 1),22.08852,50.42576
2026-09-26T05:00:00Z,B-(401호 회로창고 2),22.704746,48.98136
2026-09-26T06:00:00Z,A-(401호 회로창고 1),22.217014,51.23141
2026-09-26T06:00:00Z,B-(401호 회로창고 2),22.771923,49.709072
2026-09-26T07:00:00Z,A-(401호 회로창고 1),22.311546,53.45913
2026-09-26T07:00:00Z,B-(401호 회로창고 2),22.732904,50.633972
2026-09-26T08:00:00Z,A-(401호 회로창고 1),22.091118,49.674435
2026-09-26T08:00:00Z,B-(401호 회로창고 2),22.568182,48.434914
2026-09-26T09:00:00Z,A-(401호 회로창고 1),22.142397,50.25367
2026-09-26T09:00:00Z,B-(401호 회로창고 2),22.517298,49.39056
2026-09-26T10:00:00Z,A-(401호 회로창고 1),22.249798,51.314472
2026-09-26T10:00:00Z,B-(401호 회로창고 2),22.509453,50.639538
2026-09-26T11:00:00Z,A-(401호 회로창고 1),22.272928,55.05314
2026-09-26T11:00:00Z,B-(401호 회로창고 2),22.455349,52.548435
2026-09-26T12:00:00Z,A-(401호 회로창고 1),22.231697,54.041756
2026-09-26T12:00:00Z,B-(401호 회로창고 2),22.381134,52.04493
2026-09-26T13:00:00Z,A-(401호 회로창고 1),22.098553,51.793636
2026-09-26T13:00:00Z,B-(401호 회로창고 2),22.326427,48.768635
2026-09-26T14:00:00Z,A-(401호 회로창고 1),22.106607,49.635597
2026-09-26T14:00:00Z,B-(401호 회로창고 2),22.322807,49.30131
2026-09-26T15:00:00Z,A-(401호 회로창고 1),22.066372,49.413567
2026-09-26T15:00:00Z,B-(401호 회로창고 2),22.267296,49.16599
2026-09-26T16:00:00Z,A-(401호 회로창고 1),22.16412,50.23586
2026-09-26T16:00:00Z,B-(401호 회로창고 2),22.309132,50.414623
2026-09-26T17:00:00Z,A-(401호 회로창고 1),22.193684,50.319176
2026-09-26T17:00:00Z,B-(401호 회로창고 2),22.32301,50.519264
2026-09-26T18:00:00Z,A-(401호 회로창고 1),22.264683,50.95954
2026-09-26T18:00:00Z,B-(401호 회로창고 2),22.322807,50.732788
2026-09-26T19:00:00Z,A-(401호 회로창고 1),22.316772,51.479595
2026-09-26T19:00:00Z,B-(401호 회로창고 2),22.311544,51.527233
2026-09-26T20:00:00Z,A-(401호 회로창고 1),22.33206,51.660645
2026-09-26T20:00:00Z,B-(401호 회로창고 2),22.31979,51.9388
2026-09-26T21:00:00Z,A-(401호 회로창고 1),22.317982,51.81834
2026-09-26T21:00:00Z,B-(401호 회로창고 2),22.281979,51.7574
2026-09-26T22:00:00Z,A-(401호 회로창고 1),22.284393,54.759052
2026-09-26T22:00:00Z,B-(401호 회로창고 2),22.261263,52.989147
2026-09-26T23:00:00Z,A-(401호 회로창고 1),22.306717,55.21446
2026-09-26T23:00:00Z,B-(401호 회로창고 2),22.254223,53.406105
2026-09-27T00:00:00Z,A-(401호 회로창고 1),22.155067,53.99538
2026-09-27T00:00:00Z,B-(401호 회로창고 2),22.258446,51.882042
2026-09-27T01:00:00Z,A-(401호 회로창고 1),22.153862,53.797367
2026-09-27T01:00:00Z,B-(401호 회로창고 2),22.388577,51.091797
2026-09-27T02:00:00Z,A-(401호 회로창고 1),22.025314,52.341522
2026-09-27T02:00:00Z,B-(401호 회로창고 2),22.48954,48.960224
2026-09-27T03:00:00Z,A-(401호 회로창고 1),22.04381,50.086315
2026-09-27T03:00:00Z,B-(401호 회로창고 2),22.62128,48.86846
2026-09-27T04:00:00Z,A-(401호 회로창고 1),22.263073,52.204178
2026-09-27T04:00:00Z,B-(401호 회로창고 2),22.816975,49.8684
2026-09-27T05:00:00Z,A-(401호 회로창고 1),22.115648,52.510315
2026-09-27T05:00:00Z,B-(401호 회로창고 2),22.781979,48.455696
2026-09-27T06:00:00Z,A-(401호 회로창고 1),22.106798,50.290657
2026-09-27T06:00:00Z,B-(401호 회로창고 2),22.848753,48.612114
2026-09-27T07:00:00Z,A-(401호 회로창고 1),22.286606,52.20769
2026-09-27T07:00:00Z,B-(401호 회로창고 2),22.883549,49.46531
2026-09-27T08:00:00Z,A-(401호 회로창고 1),22.164322,53.956123
2026-09-27T08:00:00Z,B-(401호 회로창고 2),22.726871,49.47098
2026-09-27T09:00:00Z,A-(401호 회로창고 1),22.089832,50.09082
2026-09-27T09:00:00Z,B-(401호 회로창고 2),22.661304,48.798355
2026-09-27T10:00:00Z,A-(401호 회로창고 1),22.271519,51.692177
2026-09-27T10:00:00Z,B-(401호 회로창고 2),22.66412,50.24315
2026-09-27T11:00:00Z,A-(401호 회로창고 1),22.287811,54.20578
2026-09-27T11:00:00Z,B-(401호 회로창고 2),22.618061,51.449303
2026-09-27T12:00:00Z,A-(401호 회로창고 1),22.149035,53.518723
2026-09-27T12:00:00Z,B-(401호 회로창고 2),22.47828,51.412598
2026-09-27T13:00:00Z,A-(401호 회로창고 1),22.076336,49.61062
2026-09-27T13:00:00Z,B-(401호 회로창고 2),22.443686,48.88336
2026-09-27T14:00:00Z,A-(401호 회로창고 1),22.170555,50.495995
2026-09-27T14:00:00Z,B-(401호 회로창고 2),22.470434,49.813297
2026-09-27T15:00:00Z,A-(401호 회로창고 1),22.245575,51.13427
2026-09-27T15:00:00Z,B-(401호 회로창고 2),22.484917,50.0473
2026-09-27T16:00:00Z,A-(401호 회로창고 1),22.289623,52.129627
2026-09-27T16:00:00Z,B-(401호 회로창고 2),22.470634,51.150597
2026-09-27T17:00:00Z,A-(401호 회로창고 1),22.343323,53.30377
2026-09-27T17:00:00Z,B-(401호 회로창고 2),22.458366,51.799564
2026-09-27T18:00:00Z,A-(401호 회로창고 1),22.362228,53.798565
2026-09-27T18:00:00Z,B-(401호 회로창고 2),22.445696,52.236828
2026-09-27T19:00:00Z,A-(401호 회로창고 1),22.345333,54.550304
2026-09-27T19:00:00Z,B-(401호 회로창고 2),22.451529,52.344406
2026-09-27T20:00:00Z,A-(401호 회로창고 1),22.255833,54.715145
2026-09-27T20:00:00Z,B-(401호 회로창고 2),22.351166,52.126514
2026-09-27T21:00:00Z,A-(401호 회로창고 1),22.179605,53.127907
2026-09-27T21:00:00Z,B-(401호 회로창고 2),22.31456,51.371304
2026-09-27T22:00:00Z,A-(401호 회로창고 1),22.081814,49.7928
2026-09-27T22:00:00Z,B-(401호 회로창고 2),22.299679,49.174263
2026-09-24T08:00:00Z,D-(406호 기구창고),26.469072,52.48992
2026-09-24T07:00:00Z,D-(406호 기구창고),26.653904,52.001427
2026-09-24T06:00:00Z,D-(406호 기구창고),26.79897,51.74043
2026-09-24T05:00:00Z,D-(406호 기구창고),26.926311,51.460804
2026-09-24T04:00:00Z,D-(406호 기구창고),27.187565,50.961697
2026-09-24T00:00:00Z,D-(406호 기구창고),27.03471,50.808598
2026-09-24T02:00:00Z,D-(406호 기구창고),27.352167,50.448616
2026-09-24T01:00:00Z,D-(406호 기구창고),26.943014,51.054897
2026-09-25T00:00:00Z,D-(406호 기구창고),25.590889,54.22912
2026-09-23T08:00:00Z,D-(406호 기구창고),25.16986,48.945667
2026-09-23T07:00:00Z,D-(406호 기구창고),24.84104,48.886917
2026-09-24T03:00:00Z,D-(406호 기구창고),27.337978,50.583424
2026-09-25T01:00:00Z,D-(406호 기구창고),25.98328,54.21782
2026-09-23T06:00:00Z,D-(406호 기구창고),22.957859,51.018745
2026-09-25T03:00:00Z,D-(406호 기구창고),26.202995,54.25433
2026-09-25T08:00:00Z,D-(406호 기구창고),25.775002,55.802883
2026-09-25T04:00:00Z,D-(406호 기구창고),26.057108,54.552876
2026-09-25T07:00:00Z,D-(406호 기구창고),25.791822,55.67886
2026-09-25T05:00:00Z,D-(406호 기구창고),25.932539,54.8133
2026-09-25T02:00:00Z,D-(406호 기구창고),26.306087,53.73449
2026-09-25T06:00:00Z,D-(406호 기구창고),25.863785,55.369705
2026-09-25T01:00:00Z,E-(408호 OQC),24.811249,69.52527
2026-09-25T08:00:00Z,E-(408호 OQC),24.882614,71.70263
2026-09-23T07:00:00Z,E-(408호 OQC),23.720085,64.03766
2026-09-23T08:00:00Z,E-(408호 OQC),24.004032,63.35996
2026-09-25T07:00:00Z,E-(408호 OQC),24.909737,71.314224
2026-09-24T00:00:00Z,E-(408호 OQC),24.974503,70.174644
2026-09-24T01:00:00Z,E-(408호 OQC),25.009567,69.69579
2026-09-25T06:00:00Z,E-(408호 OQC),24.900177,70.487
2026-09-24T02:00:00Z,E-(408호 OQC),25.07243,69.16451
2026-09-25T05:00:00Z,E-(408호 OQC),24.920187,69.82159
2026-09-24T04:00:00Z,E-(408호 OQC),25.10257,68.71131
2026-09-24T05:00:00Z,E-(408호 OQC),25.13084,68.41402
2026-09-25T04:00:00Z,E-(408호 OQC),24.948334,69.92683
2026-09-24T06:00:00Z,E-(408호 OQC),25.076635,68.29435
2026-09-24T07:00:00Z,E-(408호 OQC),25.036201,68.134384
2026-09-25T03:00:00Z,E-(408호 OQC),24.96217,69.64854
2026-09-24T08:00:00Z,E-(408호 OQC),25.034786,68.353836
2026-09-23T06:00:00Z,E-(408호 OQC),22.327435,67.43081
2026-09-25T02:00:00Z,E-(408호 OQC),24.950558,69.0785
2026-09-24T03:00:00Z,E-(408호 OQC),25.103037,68.90696
2026-09-25T00:00:00Z,E-(408호 OQC),24.74989,69.675476
2026-09-27T23:00:00Z,A-(401호 회로창고 1),22.098553,49.735073
2026-09-27T23:00:00Z,B-(401호 회로창고 2),22.300884,49.51155
2026-09-28T00:00:00Z,A-(401호 회로창고 1),22.224056,50.220554
2026-09-28T00:00:00Z,B-(401호 회로창고 2),22.61263,49.777607
2026-09-28T00:00:00Z,C-(402호 수입검사),24.000904,57.34306
2026-09-28T00:00:00Z,D-(406호 기구창고),24.028732,53.6641
2026-09-28T00:00:00Z,E-(408호 OQC),22.949108,61.65583
2026-09-28T00:00:00Z,F-(807호 생산 Line),22.6428,52.71703
2026-09-28T00:00:00Z,G-(401호 기구창고),20.988888,55.801407
2026-09-28T01:00:00Z,A-(401호 회로창고 1),22.43202,53.786972
2026-09-28T01:00:00Z,B-(401호 회로창고 2),22.730892,51.2573
2026-09-28T01:00:00Z,C-(402호 수입검사),23.708035,58.045044
2026-09-28T01:00:00Z,D-(406호 기구창고),23.905708,53.13352
2026-09-28T01:00:00Z,E-(408호 OQC),22.394007,61.650177
2026-09-28T01:00:00Z,F-(807호 생산 Line),22.482502,52.82957
2026-09-28T01:00:00Z,G-(401호 기구창고),20.003944,55.67942
2026-09-28T02:00:00Z,A-(401호 회로창고 1),22.15165,49.502853
2026-09-28T02:00:00Z,B-(401호 회로창고 2),22.816975,47.873604
2026-09-28T02:00:00Z,C-(402호 수입검사),23.43277,57.20729
2026-09-28T02:00:00Z,D-(406호 기구창고),24.015062,56.105927
2026-09-28T02:00:00Z,E-(408호 OQC),22.309937,67.468315
2026-09-28T02:00:00Z,F-(807호 생산 Line),22.361828,53.594692
2026-09-28T02:00:00Z,G-(401호 기구창고),19.65982,56.479366
2026-09-28T03:00:00Z,A-(401호 회로창고 1),22.337088,50.691345
2026-09-28T03:00:00Z,B-(401호 회로창고 2),23.000805,48.980434
2026-09-28T03:00:00Z,C-(402호 수입검사),23.079071,54.85194
2026-09-28T03:00:00Z,D-(406호 기구창고),24.13984,51.33984
2026-09-28T03:00:00Z,E-(408호 OQC),22.401852,67.75082
2026-09-28T03:00:00Z,F-(807호 생산 Line),22.303701,53.229233
2026-09-28T03:00:00Z,G-(401호 기구창고),19.4446,56.37279
2026-09-28T04:00:00Z,A-(401호 회로창고 1),22.246178,52.602352
2026-09-28T04:00:00Z,B-(401호 회로창고 2),23.020828,47.560276
2026-09-28T04:00:00Z,C-(402호 수입검사),23.697886,50.7093
2026-09-28T04:00:00Z,D-(406호 기구창고),23.701057,50.281517
2026-09-28T04:00:00Z,E-(408호 OQC),22.603983,63.130917
2026-09-28T04:00:00Z,F-(807호 생산 Line),22.111828,51.465637
2026-09-28T04:00:00Z,G-(401호 기구창고),19.177425,56.799854
2026-09-28T05:00:00Z,A-(401호 회로창고 1),22.53379,53.853928
2026-09-28T05:00:00Z,B-(401호 회로창고 2),23.161734,49.923473
2026-09-28T05:00:00Z,C-(402호 수입검사),23.29535,50.73115
2026-09-28T05:00:00Z,D-(406호 기구창고),23.50761,50.143295
2026-09-28T05:00:00Z,E-(408호 OQC),22.432623,63.25138
2026-09-28T05:00:00Z,F-(807호 생산 Line),21.942293,51.65753
2026-09-28T05:00:00Z,G-(401호 기구창고),19.448395,56.992374
2026-09-28T06:00:00Z,A-(401호 회로창고 1),23.284565,50.548286
2026-09-28T06:00:00Z,B-(401호 회로창고 2),23.81945,48.62117
2026-09-28T06:00:00Z,C-(402호 수입검사),23.063002,52.039883
2026-09-28T06:00:00Z,D-(406호 기구창고),23.327908,50.212605
2026-09-28T06:00:00Z,E-(408호 OQC),22.414722,64.71465
2026-09-28T06:00:00Z,F-(807호 생산 Line),21.915182,52.15574
2026-09-28T06:00:00Z,G-(401호 기구창고),19.622713,59.852818
2026-09-28T07:00:00Z,A-(401호 회로창고 1),23.135096,50.870155
2026-09-28T07:00:00Z,B-(401호 회로창고 2),23.753487,49.53169
2026-09-28T07:00:00Z,C-(402호 수입검사),22.943283,51.494812
2026-09-28T07:00:00Z,D-(406호 기구창고),23.171036,50.026073
2026-09-28T07:00:00Z,E-(408호 OQC),22.322605,65.27199
2026-09-28T07:00:00Z,F-(807호 생산 Line),21.798088,51.513092
2026-09-28T07:00:00Z,G-(401호 기구창고),19.630653,59.125237
2026-09-28T08:00:00Z,A-(401호 회로창고 1),23.036892,51.0371
2026-09-28T08:00:00Z,B-(401호 회로창고 2),23.65983,48.38195
2026-09-28T08:00:00Z,C-(402호 수입검사),22.978338,52.150875
2026-09-28T08:00:00Z,D-(406호 기구창고),23.097675,49.867638
2026-09-28T08:00:00Z,E-(408호 OQC),22.24276,65.892914
2026-09-28T08:00:00Z,F-(807호 생산 Line),21.35373,50.0983
2026-09-28T08:00:00Z,G-(401호 기구창고),19.816017,61.794
2026-09-28T09:00:00Z,A-(401호 회로창고 1),23.279491,50.068707
2026-09-28T09:00:00Z,B-(401호 회로창고 2),23.499153,48.871902
2026-09-28T10:00:00Z,A-(401호 회로창고 1),23.039686,51.216194
2026-09-28T10:00:00Z,B-(401호 회로창고 2),23.225792,49.48126
2026-09-28T11:00:00Z,A-(401호 회로창고 1),23.212051,51.016144
2026-09-28T11:00:00Z,B-(401호 회로창고 2),23.232983,49.851566
2026-09-28T12:00:00Z,A-(401호 회로창고 1),23.006268,51.56874
2026-09-28T12:00:00Z,B-(401호 회로창고 2),23.13129,49.948082
2026-09-28T13:00:00Z,A-(401호 회로창고 1),23.241014,51.194473
2026-09-28T13:00:00Z,B-(401호 회로창고 2),23.184776,50.163097
2026-09-28T14:00:00Z,A-(401호 회로창고 1),23.030718,51.668633
2026-09-28T14:00:00Z,B-(401호 회로창고 2),23.090698,50.25338
2026-09-28T15:00:00Z,A-(401호 회로창고 1),23.230444,49.568977
2026-09-28T15:00:00Z,B-(401호 회로창고 2),23.154545,49.793884
2026-09-28T16:00:00Z,A-(401호 회로창고 1),23.192177,51.56759
2026-09-28T16:00:00Z,B-(401호 회로창고 2),23.094501,50.63971
2026-09-28T17:00:00Z,A-(401호 회로창고 1),23.017027,51.86661
2026-09-28T17:00:00Z,B-(401호 회로창고 2),23.013554,50.660896
2026-09-28T18:00:00Z,A-(401호 회로창고 1),23.160889,48.882263
2026-09-28T18:00:00Z,B-(401호 회로창고 2),23.068855,49.44252
2026-09-28T19:00:00Z,A-(401호 회로창고 1),23.154757,51.604614
2026-09-28T19:00:00Z,B-(401호 회로창고 2),23.021233,50.793053
2026-09-28T20:00:00Z,A-(401호 회로창고 1),23.037594,51.750904
2026-09-28T20:00:00Z,B-(401호 회로창고 2),22.955276,50.80905
2026-09-28T21:00:00Z,A-(401호 회로창고 1),23.063103,51.197124
2026-09-28T21:00:00Z,B-(401호 회로창고 2),22.95921,50.008698
2026-09-28T22:00:00Z,A-(401호 회로창고 1),23.193869,51.50819
2026-09-28T22:00:00Z,B-(401호 회로창고 2),22.958458,50.98526
2026-09-28T23:00:00Z,A-(401호 회로창고 1),23.084503,51.813896
2026-09-28T23:00:00Z,B-(401호 회로창고 2),22.93687,51.17105
2026-09-29T00:00:00Z,A-(401호 회로창고 1),22.93734,51.95609
2026-09-29T00:00:00Z,B-(401호 회로창고 2),22.975681,50.60705
2026-09-29T00:00:00Z,C-(402호 수입검사),23.594292,54.83951
2026-09-29T00:00:00Z,D-(406호 기구창고),24.808136,50.822716
2026-09-29T00:00:00Z,E-(408호 OQC),22.765488,59.78073
2026-09-29T00:00:00Z,F-(807호 생산 Line),21.71912,48.75952
2026-09-29T00:00:00Z,G-(401호 기구창고),21.393309,54.589005
2026-09-29T01:00:00Z,A-(401호 회로창고 1),23.000294,51.170856
2026-09-29T01:00:00Z,B-(401호 회로창고 2),23.364906,48.733356
2026-09-29T01:00:00Z,C-(402호 수입검사),23.307823,55.9762
2026-09-29T01:00:00Z,D-(406호 기구창고),24.251667,49.607723
2026-09-29T01:00:00Z,E-(408호 OQC),22.65346,65.903275
2026-09-29T01:00:00Z,F-(807호 생산 Line),21.443787,49.30786
2026-09-29T01:00:00Z,G-(401호 기구창고),19.72834,55.970383
2026-09-29T02:00:00Z,A-(401호 회로창고 1),22.959808,49.997486
2026-09-29T02:00:00Z,B-(401호 회로창고 2),23.571459,48.52515
2026-09-29T02:00:00Z,C-(402호 수입검사),23.127274,55.183414
2026-09-29T02:00:00Z,D-(406호 기구창고),23.803806,50.702316
2026-09-29T02:00:00Z,E-(408호 OQC),22.415325,66.06465
2026-09-29T02:00:00Z,F-(807호 생산 Line),21.334417,49.684437
2026-09-29T02:00:00Z,G-(401호 기구창고),19.333622,59.86513
2026-09-29T03:00:00Z,A-(401호 회로창고 1),23.173573,48.62684
2026-09-29T03:00:00Z,B-(401호 회로창고 2),23.760042,47.03931
2026-09-29T03:00:00Z,C-(402호 수입검사),22.945293,53.63931
2026-09-29T03:00:00Z,D-(406호 기구창고),23.221142,51.462452
2026-09-29T03:00:00Z,E-(408호 OQC),21.933842,70.946144
2026-09-29T03:00:00Z,F-(807호 생산 Line),21.28069,49.84663
2026-09-29T03:00:00Z,G-(401호 기구창고),19.59855,61.96203
2026-09-29T04:00:00Z,A-(401호 회로창고 1),22.992012,50.85374
2026-09-29T04:00:00Z,B-(401호 회로창고 2),23.777168,47.70963
2026-09-29T04:00:00Z,C-(402호 수입검사),24.346376,49.991554
2026-09-29T04:00:00Z,D-(406호 기구창고),22.939262,50.684383
2026-09-29T04:00:00Z,E-(408호 OQC),21.928299,72.1097
2026-09-29T04:00:00Z,F-(807호 생산 Line),21.3652,49.75679
2026-09-29T04:00:00Z,G-(401호 기구창고),19.503624,62.652103
2026-09-29T05:00:00Z,A-(401호 회로창고 1),22.972382,50.71486
2026-09-29T05:00:00Z,B-(401호 회로창고 2),23.81184,47.65705
2026-09-29T05:00:00Z,C-(402호 수입검사),23.784143,50.241318
2026-09-29T05:00:00Z,D-(406호 기구창고),22.84996,50.353516
2026-09-29T05:00:00Z,E-(408호 OQC),22.019741,70.23914
2026-09-29T05:00:00Z,F-(807호 생산 Line),21.487381,52.51629
2026-09-29T05:00:00Z,G-(401호 기구창고),19.554367,63.270885
2026-09-29T06:00:00Z,A-(401호 회로창고 1),23.08805,50.407528
2026-09-29T06:00:00Z,B-(401호 회로창고 2),23.884354,47.38334
2026-09-29T06:00:00Z,C-(402호 수입검사),23.17315,53.185417
2026-09-29T06:00:00Z,D-(406호 기구창고),22.550484,50.42059
2026-09-29T06:00:00Z,E-(408호 OQC),22.010612,72.03509
2026-09-29T06:00:00Z,F-(807호 생산 Line),21.539963,53.58831
2026-09-29T06:00:00Z,G-(401호 기구창고),20.101925,64.69135
2026-09-29T07:00:00Z,A-(401호 회로창고 1),22.974995,52.079857
2026-09-29T07:00:00Z,B-(401호 회로창고 2),23.801903,48.39077
2026-09-29T07:00:00Z,C-(402호 수입검사),22.979565,55.127277
2026-09-29T07:00:00Z,D-(406호 기구창고),22.371279,50.01468
2026-09-29T07:00:00Z,E-(408호 OQC),21.965729,72.67773
2026-09-29T07:00:00Z,F-(807호 생산 Line),22.26046,55.620743
2026-09-29T07:00:00Z,G-(401호 기구창고),20.647167,61.760246
2026-09-29T08:00:00Z,A-(401호 회로창고 1),22.552494,51.485718
2026-09-29T08:00:00Z,B-(401호 회로창고 2),23.523678,46.4818
2026-09-29T08:00:00Z,C-(402호 수입검사),22.90929,55.874302
2026-09-29T08:00:00Z,D-(406호 기구창고),22.633549,52.182354
2026-09-29T08:00:00Z,E-(408호 OQC),22.10901,70.89578
2026-09-29T08:00:00Z,F-(807호 생산 Line),22.140587,52.372276
2026-09-29T08:00:00Z,G-(401호 기구창고),19.667933,60.700287
2026-09-29T09:00:00Z,A-(401호 회로창고 1),23.279068,50.941525
2026-09-29T09:00:00Z,B-(401호 회로창고 2),23.56554,49.004143
2026-09-29T10:00:00Z,A-(401호 회로창고 1),23.144398,51.127007
2026-09-29T10:00:00Z,B-(401호 회로창고 2),23.362791,49.296562
2026-09-29T11:00:00Z,A-(401호 회로창고 1),23.247356,50.40389
2026-09-29T11:00:00Z,B-(401호 회로창고 2),23.305496,48.57346
2026-09-29T12:00:00Z,A-(401호 회로창고 1),23.449684,50.564117
2026-09-29T12:00:00Z,B-(401호 회로창고 2),23.295773,49.83618
2026-09-29T13:00:00Z,A-(401호 회로창고 1),23.38203,50.815098
2026-09-29T13:00:00Z,B-(401호 회로창고 2),23.24313,49.991154
2026-09-29T14:00:00Z,A-(401호 회로창고 1),23.274841,50.94181
2026-09-29T14:00:00Z,B-(401호 회로창고 2),23.177166,50.002487
2026-09-29T15:00:00Z,A-(401호 회로창고 1),23.185835,51.070454
2026-09-29T15:00:00Z,B-(401호 회로창고 2),23.1,50.099876
2026-09-29T16:00:00Z,A-(401호 회로창고 1),23.441227,49.24046
2026-09-29T16:00:00Z,B-(401호 회로창고 2),23.19725,49.77515
2026-09-29T17:00:00Z,A-(401호 회로창고 1),23.391544,50.79593
2026-09-29T17:00:00Z,B-(401호 회로창고 2),23.134037,50.437107
2026-09-29T18:00:00Z,A-(401호 회로창고 1),23.247992,51.196266
2026-09-29T18:00:00Z,B-(401호 회로창고 2),23.070469,50.48558
2026-09-29T19:00:00Z,A-(401호 회로창고 1),23.19852,51.528854
2026-09-29T19:00:00Z,B-(401호 회로창고 2),23.051569,49.478683
2026-09-29T20:00:00Z,A-(401호 회로창고 1),23.443552,49.628708
2026-09-29T20:00:00Z,B-(401호 회로창고 2),23.11628,50.594837
2026-09-29T21:00:00Z,A-(401호 회로창고 1),23.404652,51.2145
2026-09-29T21:00:00Z,B-(401호 회로창고 2),23.071882,51.101974
2026-09-29T22:00:00Z,A-(401호 회로창고 1),23.243975,51.614796
2026-09-29T22:00:00Z,B-(401호 회로창고 2),23.00147,51.19906
2026-09-29T23:00:00Z,A-(401호 회로창고 1),23.17442,52.12036
2026-09-29T23:00:00Z,B-(401호 회로창고 2),22.986496,50.352757
2026-09-30T00:00:00Z,A-(401호 회로창고 1),22.688053,48.329796
2026-09-30T00:00:00Z,B-(401호 회로창고 2),23.04129,47.865627
2026-09-30T00:00:00Z,C-(402호 수입검사),23.479492,58.85646
2026-09-30T00:00:00Z,D-(406호 기구창고),22.76609,53.1596
2026-09-30T00:00:00Z,E-(408호 OQC),22.530773,65.91605
2026-09-30T00:00:00Z,F-(807호 생산 Line),21.651817,50.0027
2026-09-30T00:00:00Z,G-(401호 기구창고),21.331741,56.56266
2026-09-30T01:00:00Z,A-(401호 회로창고 1),22.432623,48.9084
2026-09-30T01:00:00Z,B-(401호 회로창고 2),22.953936,47.751728
2026-09-30T01:00:00Z,C-(402호 수입검사),23.145245,59.229786
2026-09-30T01:00:00Z,D-(406호 기구창고),23.208035,52.45727
2026-09-30T01:00:00Z,E-(408호 OQC),22.042835,64.200325
2026-09-30T01:00:00Z,F-(807호 생산 Line),21.362907,50.66348
2026-09-30T01:00:00Z,G-(401호 기구창고),19.662409,58.937233
2026-09-30T02:00:00Z,A-(401호 회로창고 1),22.450924,49.144867
2026-09-30T02:00:00Z,B-(401호 회로창고 2),23.083721,47.668266
2026-09-30T02:00:00Z,C-(402호 수입검사),22.881939,58.331223
2026-09-30T02:00:00Z,D-(406호 기구창고),22.868061,52.25923
2026-09-30T02:00:00Z,E-(408호 OQC),22.243565,70.60649
2026-09-30T02:00:00Z,F-(807호 생산 Line),21.32084,51.621258
2026-09-30T02:00:00Z,G-(401호 기구창고),19.433035,63.175117
2026-09-30T03:00:00Z,A-(401호 회로창고 1),22.252413,49.84862
2026-09-30T03:00:00Z,B-(401호 회로창고 2),23.160889,47.61928
2026-09-30T03:00:00Z,C-(402호 수입검사),22.934433,56.833813
2026-09-30T03:00:00Z,D-(406호 기구창고),23.056374,51.211155
2026-09-30T03:00:00Z,E-(408호 OQC),22.063957,67.77147
2026-09-30T03:00:00Z,F-(807호 생산 Line),21.398088,53.353073
2026-09-30T03:00:00Z,G-(401호 기구창고),19.13583,60.715706
2026-09-30T04:00:00Z,A-(401호 회로창고 1),22.369066,50.929455
2026-09-30T04:00:00Z,B-(401호 회로창고 2),23.257084,48.187225
2026-09-30T04:00:00Z,C-(402호 수입검사),22.854586,56.338093
2026-09-30T04:00:00Z,D-(406호 기구창고),22.865646,50.67723
2026-09-30T04:00:00Z,E-(408호 OQC),22.454948,66.78856
2026-09-30T04:00:00Z,F-(807호 생산 Line),21.302677,52.914528
2026-09-30T04:00:00Z,G-(401호 기구창고),19.310148,61.83343
2026-09-30T05:00:00Z,A-(401호 회로창고 1),22.429,54.635674
2026-09-30T05:00:00Z,B-(401호 회로창고 2),23.281183,48.32241
2026-09-30T05:00:00Z,C-(402호 수입검사),23.539112,51.199387
2026-09-30T05:00:00Z,D-(406호 기구창고),22.823212,51.19647
2026-09-30T05:00:00Z,E-(408호 OQC),21.754875,59.992355
2026-09-30T05:00:00Z,F-(807호 생산 Line),21.362524,51.48425
2026-09-30T05:00:00Z,G-(401호 기구창고),19.863651,60.657356
2026-09-30T06:00:00Z,A-(401호 회로창고 1),22.459774,50.36727
2026-09-30T06:00:00Z,B-(401호 회로창고 2),23.335094,47.917976
2026-09-30T06:00:00Z,C-(402호 수입검사),22.961884,51.127365
2026-09-30T06:00:00Z,D-(406호 기구창고),22.93061,50.571075
2026-09-30T06:00:00Z,E-(408호 OQC),21.834034,62.81469
2026-09-30T06:00:00Z,F-(807호 생산 Line),21.291014,52.937622
2026-09-30T06:00:00Z,G-(401호 기구창고),19.107353,58.596214
2026-09-30T07:00:00Z,A-(401호 회로창고 1),22.468624,51.812603
2026-09-30T07:00:00Z,B-(401호 회로창고 2),23.403805,48.48292
2026-09-30T07:00:00Z,C-(402호 수입검사),22.809332,52.624138
2026-09-30T07:00:00Z,D-(406호 기구창고),22.51247,50.415844
2026-09-30T07:00:00Z,E-(408호 OQC),22.048832,61.95828
2026-09-30T07:00:00Z,F-(807호 생산 Line),21.354876,51.687805
2026-09-30T07:00:00Z,G-(401호 기구창고),19.264929,59.75408
2026-09-30T08:00:00Z,A-(401호 회로창고 1),23.236786,51.49247
2026-09-30T08:00:00Z,B-(401호 회로창고 2),23.7389,49.325684
2026-09-30T08:00:00Z,C-(402호 수입검사),22.73552,53.312492
2026-09-30T08:00:00Z,D-(406호 기구창고),22.307724,50.351395
2026-09-30T08:00:00Z,E-(408호 OQC),21.515488,66.72872
2026-09-30T08:00:00Z,F-(807호 생산 Line),21.350288,50.163548
2026-09-30T08:00:00Z,G-(401호 기구창고),18.938986,58.352615
2026-09-30T09:00:00Z,A-(401호 회로창고 1),23.347569,50.353863
2026-09-30T09:00:00Z,B-(401호 회로창고 2),23.560043,48.95528
2026-09-30T10:00:00Z,A-(401호 회로창고 1),23.075558,51.041214
2026-09-30T10:00:00Z,B-(401호 회로창고 2),23.293022,49.341137
2026-09-30T11:00:00Z,A-(401호 회로창고 1),23.282875,51.061127
2026-09-30T11:00:00Z,B-(401호 회로창고 2),23.286892,49.913803
2026-09-30T12:00:00Z,A-(401호 회로창고 1),23.096195,52.073532
2026-09-30T12:00:00Z,B-(401호 회로창고 2),23.211205,50.54982
2026-09-30T13:00:00Z,A-(401호 회로창고 1),22.34292,49.367935
2026-09-30T13:00:00Z,B-(401호 회로창고 2),22.85036,48.003372
2026-09-30T14:00:00Z,A-(401호 회로창고 1),22.226067,49.62858
2026-09-30T14:00:00Z,B-(401호 회로창고 2),22.661907,48.497875
2026-09-30T15:00:00Z,A-(401호 회로창고 1),22.233507,49.966892
2026-09-30T15:00:00Z,B-(401호 회로창고 2),22.609814,49.227905
2026-09-30T16:00:00Z,A-(401호 회로창고 1),22.331858,50.71116
2026-09-30T16:00:00Z,B-(401호 회로창고 2),22.608608,49.978207
2026-09-30T17:00:00Z,A-(401호 회로창고 1),22.466011,52.64541
2026-09-30T17:00:00Z,B-(401호 회로창고 2),22.609211,51.73439
2026-09-30T18:00:00Z,A-(401호 회로창고 1),22.395012,54.611717
2026-09-30T18:00:00Z,B-(401호 회로창고 2),22.543444,52.066666
2026-09-30T19:00:00Z,A-(401호 회로창고 1),22.246983,49.02792
2026-09-30T19:00:00Z,B-(401호 회로창고 2),22.43041,49.187084
2026-09-30T20:00:00Z,A-(401호 회로창고 1),22.389381,54.37525
2026-09-30T20:00:00Z,B-(401호 회로창고 2),22.472847,51.95301
2026-09-30T21:00:00Z,A-(401호 회로창고 1),23.005493,52.08523
2026-09-30T21:00:00Z,B-(401호 회로창고 2),22.72667,51.719856
2026-09-30T22:00:00Z,A-(401호 회로창고 1),23.285202,50.56759
2026-09-30T22:00:00Z,B-(401호 회로창고 2),22.883347,50.85726
2026-09-30T23:00:00Z,A-(401호 회로창고 1),23.414375,49.924835
2026-09-30T23:00:00Z,B-(401호 회로창고 2),22.984886,50.296173
2026-10-01T00:00:00Z,A-(401호 회로창고 1),23.075977,50.12533
2026-10-01T00:00:00Z,B-(401호 회로창고 2),23.048267,49.06179
2026-10-01T00:00:00Z,C-(402호 수입검사),23.375898,48.366627
2026-10-01T00:00:00Z,D-(406호 기구창고),23.671669,49.509003
2026-10-01T00:00:00Z,E-(408호 OQC),22.111223,59.53377
2026-10-01T00:00:00Z,F-(807호 생산 Line),21.510326,45.08999
2026-10-01T00:00:00Z,G-(401호 기구창고),20.923813,53.380432
2026-10-01T01:00:00Z,A-(401호 회로창고 1),23.24482,49.143803
2026-10-01T01:00:00Z,B-(401호 회로창고 2),23.369133,48.3753
2026-10-01T01:00:00Z,C-(402호 수입검사),23.093868,46.588745
2026-10-01T01:00:00Z,D-(406호 기구창고),23.905499,47.627552
2026-10-01T01:00:00Z,E-(408호 OQC),22.104183,59.93083
2026-10-01T01:00:00Z,F-(807호 생산 Line),21.349903,45.14122
2026-10-01T01:00:00Z,G-(401호 기구창고),19.540041,59.903885
2026-10-01T02:00:00Z,A-(401호 회로창고 1),23.097498,48.75843
2026-10-01T02:00:00Z,B-(401호 회로창고 2),23.45518,47.31737
2026-10-01T02:00:00Z,C-(402호 수입검사),22.925785,44.50623
2026-10-01T02:00:00Z,D-(406호 기구창고),23.521141,47.002274
2026-10-01T02:00:00Z,E-(408호 OQC),21.982286,56.98271
2026-10-01T02:00:00Z,F-(807호 생산 Line),21.36023,44.080273
2026-10-01T02:00:00Z,G-(401호 기구창고),19.361063,59.38401
2026-10-01T03:00:00Z,A-(401호 회로창고 1),23.007286,48.166145
2026-10-01T03:00:00Z,B-(401호 회로창고 2),23.540802,46.15587
2026-10-01T03:00:00Z,C-(402호 수입검사),22.748592,41.826942
2026-10-01T03:00:00Z,D-(406호 기구창고),22.960941,48.7692
2026-10-01T03:00:00Z,E-(408호 OQC),22.085278,57.650455
2026-10-01T03:00:00Z,F-(807호 생산 Line),21.397896,43.479443
2026-10-01T03:00:00Z,G-(401호 기구창고),19.269588,58.59248
2026-10-01T04:00:00Z,A-(401호 회로창고 1),23.008324,47.8732
2026-10-01T04:00:00Z,B-(401호 회로창고 2),23.6,45.579685
2026-10-01T04:00:00Z,C-(402호 수입검사),24.00357,42.616932
2026-10-01T04:00:00Z,D-(406호 기구창고),22.465607,47.458263
2026-10-01T04:00:00Z,E-(408호 OQC),22.057724,52.018215
2026-10-01T04:00:00Z,F-(807호 생산 Line),21.997398,42.6342
2026-10-01T04:00:00Z,G-(401호 기구창고),19.358818,61.9855
2026-10-01T05:00:00Z,A-(401호 회로창고 1),23.027279,46.87976
2026-10-01T05:00:00Z,B-(401호 회로창고 2),23.624313,44.89729
2026-10-01T05:00:00Z,C-(402호 수입검사),23.457716,48.73348
2026-10-01T05:00:00Z,D-(406호 기구창고),22.201729,46.10317
2026-10-01T05:00:00Z,E-(408호 OQC),22.199316,43.907856
2026-10-01T05:00:00Z,F-(807호 생산 Line),22.43785,41.942455
2026-10-01T05:00:00Z,G-(401호 기구창고),19.311184,59.107006
2026-10-01T06:00:00Z,A-(401호 회로창고 1),22.9707,46.622467
2026-10-01T06:00:00Z,B-(401호 회로창고 2),23.660254,45.279034
2026-10-01T06:00:00Z,C-(402호 수입검사),23.97902,47.049255
2026-10-01T06:00:00Z,D-(406호 기구창고),21.928293,46.35549
2026-10-01T06:00:00Z,E-(408호 OQC),22.23954,49.22871
2026-10-01T06:00:00Z,F-(807호 생산 Line),22.756235,41.669777
2026-10-01T06:00:00Z,G-(401호 기구창고),19.345875,58.70478
2026-10-01T07:00:00Z,A-(401호 회로창고 1),23.255604,45.4016
2026-10-01T07:00:00Z,B-(401호 회로창고 2),23.782242,44.328056
2026-10-01T07:00:00Z,C-(402호 수입검사),24.193863,51.790585
2026-10-01T07:00:00Z,D-(406호 기구창고),21.721798,46.74533
2026-10-01T07:00:00Z,E-(408호 OQC),22.330048,50.555534
2026-10-01T07:00:00Z,F-(807호 생산 Line),22.602776,42.98001
2026-10-01T07:00:00Z,G-(401호 기구창고),19.243011,56.738976
2026-10-01T08:00:00Z,A-(401호 회로창고 1),23.018156,45.45466
2026-10-01T08:00:00Z,B-(401호 회로창고 2),23.64313,42.87048
2026-10-01T08:00:00Z,C-(402호 수입검사),24.575367,43.76377
2026-10-01T08:00:00Z,D-(406호 기구창고),21.739006,47.425724
2026-10-01T08:00:00Z,E-(408호 OQC),22.304909,51.48339
2026-10-01T08:00:00Z,F-(807호 생산 Line),22.702534,42.134033
2026-10-01T08:00:00Z,G-(401호 기구창고),19.334139,58.33919
2026-10-01T09:00:00Z,A-(401호 회로창고 1),23.238901,44.855293
2026-10-01T09:00:00Z,B-(401호 회로창고 2),23.441227,43.66203
2026-10-01T10:00:00Z,A-(401호 회로창고 1),23.072065,48.59961
2026-10-01T10:00:00Z,B-(401호 회로창고 2),23.218815,46.914696
2026-10-01T11:00:00Z,A-(401호 회로창고 1),23.305496,46.81029
2026-10-01T11:00:00Z,B-(401호 회로창고 2),23.200846,46.227737
2026-10-01T12:00:00Z,A-(401호 회로창고 1),23.135307,46.89057
2026-10-01T12:00:00Z,B-(401호 회로창고 2),23.055782,46.08958
2026-10-01T13:00:00Z,A-(401호 회로창고 1),23.300634,46.45884
2026-10-01T13:00:00Z,B-(401호 회로창고 2),23.084145,45.98861
2026-10-01T14:00:00Z,A-(401호 회로창고 1),23.015892,46.70398
2026-10-01T14:00:00Z,B-(401호 회로창고 2),22.935913,46.00309
2026-10-01T15:00:00Z,A-(401호 회로창고 1),23.191544,46.117695
2026-10-01T15:00:00Z,B-(401호 회로창고 2),22.975378,45.80374
2026-10-01T16:00:00Z,A-(401호 회로창고 1),23.297674,45.893597
2026-10-01T16:00:00Z,B-(401호 회로창고 2),22.982525,45.65155
2026-10-01T17:00:00Z,A-(401호 회로창고 1),23.324947,45.758976
2026-10-01T17:00:00Z,B-(401호 회로창고 2),22.953606,45.699745
2026-10-01T18:00:00Z,A-(401호 회로창고 1),23.012653,46.09895
2026-10-01T18:00:00Z,B-(401호 회로창고 2),22.7677,45.637146
2026-10-01T19:00:00Z,A-(401호 회로창고 1),23.060778,45.967594
2026-10-01T19:00:00Z,B-(401호 회로창고 2),22.764078,45.606094
2026-10-01T20:00:00Z,A-(401호 회로창고 1),23.163214,45.684998
2026-10-01T20:00:00Z,B-(401호 회로창고 2),22.807522,45.56125
2026-10-01T21:00:00Z,A-(401호 회로창고 1),23.280762,45.49939
2026-10-01T21:00:00Z,B-(401호 회로창고 2),22.820194,45.659874
2026-10-01T22:00:00Z,A-(401호 회로창고 1),23.18055,44.925926
2026-10-01T22:00:00Z,B-(401호 회로창고 2),22.772526,45.128563
2026-10-01T23:00:00Z,A-(401호 회로창고 1),23.03867,45.63391
2026-10-01T23:00:00Z,B-(401호 회로창고 2),22.725864,45.478218
2026-10-02T00:00:00Z,A-(401호 회로창고 1),23.091965,45.426205
2026-10-02T00:00:00Z,B-(401호 회로창고 2),23.102535,44.874935
2026-10-02T00:00:00Z,C-(402호 수입검사),23.176956,43.56197
2026-10-02T00:00:00Z,D-(406호 기구창고),23.85835,42.78981
2026-10-02T00:00:00Z,E-(408호 OQC),22.752213,49.98636
2026-10-02T00:00:00Z,F-(807호 생산 Line),22.793644,41.940453
2026-10-02T00:00:00Z,G-(401호 기구창고),20.583393,52.09099
2026-10-02T01:00:00Z,A-(401호 회로창고 1),23.184778,48.550957
2026-10-02T01:00:00Z,B-(401호 회로창고 2),23.37294,47.107765
2026-10-02T01:00:00Z,C-(402호 수입검사),22.922565,42.22035
2026-10-02T01:00:00Z,D-(406호 기구창고),24.433748,42.59612
2026-10-02T01:00:00Z,E-(408호 OQC),22.65688,47.49289
2026-10-02T01:00:00Z,F-(807호 생산 Line),22.728882,43.774494
2026-10-02T01:00:00Z,G-(401호 기구창고),19.57801,58.19171
2026-10-02T02:00:00Z,A-(401호 회로창고 1),23.098343,46.593567
2026-10-02T02:00:00Z,B-(401호 회로창고 2),23.50444,45.111954
2026-10-02T02:00:00Z,C-(402호 수입검사),22.859814,40.649696
2026-10-02T02:00:00Z,D-(406호 기구창고),23.910648,42.515045
2026-10-02T02:00:00Z,E-(408호 OQC),22.580452,48.967213
2026-10-02T02:00:00Z,F-(807호 생산 Line),22.792639,42.500565
2026-10-02T02:00:00Z,G-(401호 기구창고),19.43217,55.52087
2026-10-02T03:00:00Z,A-(401호 회로창고 1),23.101692,45.81493
2026-10-02T03:00:00Z,B-(401호 회로창고 2),23.595137,44.178528
2026-10-02T03:00:00Z,C-(402호 수입검사),22.76247,39.031956
2026-10-02T03:00:00Z,D-(406호 기구창고),23.24926,42.768764
2026-10-02T03:00:00Z,E-(408호 OQC),22.475464,49.485252
2026-10-02T03:00:00Z,F-(807호 생산 Line),22.745173,41.249557
2026-10-02T03:00:00Z,G-(401호 기구창고),19.3835,57.938545
2026-10-02T04:00:00Z,A-(401호 회로창고 1),22.505028,51.08305
2026-10-02T04:00:00Z,B-(401호 회로창고 2),23.458775,46.477444
2026-10-02T04:00:00Z,C-(402호 수입검사),22.767096,37.504322
2026-10-02T04:00:00Z,D-(406호 기구창고),22.527956,43.061974
2026-10-02T04:00:00Z,E-(408호 OQC),22.541431,49.443836
2026-10-02T04:00:00Z,F-(807호 생산 Line),22.824617,40.181625
2026-10-02T04:00:00Z,G-(401호 기구창고),19.185883,58.284286
2026-10-02T05:00:00Z,A-(401호 회로창고 1),22.879326,47.74342
2026-10-02T05:00:00Z,B-(401호 회로창고 2),23.62537,45.3279
2026-10-02T05:00:00Z,C-(402호 수입검사),22.659492,36.489403
2026-10-02T05:00:00Z,D-(406호 기구창고),22.132141,43.15777
2026-10-02T05:00:00Z,E-(408호 OQC),22.38395,47.871414
2026-10-02T05:00:00Z,F-(807호 생산 Line),23.021969,39.194923
2026-10-02T05:00:00Z,G-(401호 기구창고),19.213842,57.35295
2026-10-02T06:00:00Z,A-(401호 회로창고 1),22.488937,47.76367
2026-10-02T06:00:00Z,B-(401호 회로창고 2),23.345877,44.697685
2026-10-02T06:00:00Z,C-(402호 수입검사),22.675785,35.915947
2026-10-02T06:00:00Z,D-(406호 기구창고),22.307724,42.989788
2026-10-02T06:00:00Z,E-(408호 OQC),22.371279,48.51862
2026-10-02T06:00:00Z,F-(807호 생산 Line),22.684633,39.94577
2026-10-02T06:00:00Z,G-(401호 기구창고),19.23904,55.97099
2026-10-02T07:00:00Z,A-(401호 회로창고 1),22.838697,45.362675
2026-10-02T07:00:00Z,B-(401호 회로창고 2),23.590063,43.173218
2026-10-02T07:00:00Z,C-(402호 수입검사),22.611423,35.69393
2026-10-02T07:00:00Z,D-(406호 기구창고),22.571802,42.410614
2026-10-02T07:00:00Z,E-(408호 OQC),22.381536,49.61412
2026-10-02T07:00:00Z,F-(807호 생산 Line),22.697708,39.633904
2026-10-02T07:00:00Z,G-(401호 기구창고),19.41543,56.688126
2026-10-02T08:00:00Z,A-(401호 회로창고 1),22.852776,46.31894
2026-10-02T08:00:00Z,B-(401호 회로창고 2),23.464693,44.048485
2026-10-02T08:00:00Z,C-(402호 수입검사),22.77494,35.491817
2026-10-02T08:00:00Z,D-(406호 기구창고),22.613235,43.257473
2026-10-02T08:00:00Z,E-(408호 OQC),22.261263,50.752773
2026-10-02T08:00:00Z,F-(807호 생산 Line),22.723652,39.88394
2026-10-02T08:00:00Z,G-(401호 기구창고),19.23766,55.9945
2026-10-02T09:00:00Z,A-(401호 회로창고 1),23.218182,45.282856
2026-10-02T09:00:00Z,B-(401호 회로창고 2),23.394503,44.09417
2026-10-02T10:00:00Z,A-(401호 회로창고 1),22.877312,46.20276
2026-10-02T10:00:00Z,B-(401호 회로창고 2),23.082664,44.57203
2026-10-02T11:00:00Z,A-(401호 회로창고 1),22.857601,48.678745
2026-10-02T11:00:00Z,B-(401호 회로창고 2),23.001368,46.97184
2026-10-02T12:00:00Z,A-(401호 회로창고 1),23.08957,47.199505
2026-10-02T12:00:00Z,B-(401호 회로창고 2),22.999657,46.440872
2026-10-02T13:00:00Z,A-(401호 회로창고 1),23.24926,46.456276
2026-10-02T13:00:00Z,B-(401호 회로창고 2),23.00269,46.006668
2026-10-02T14:00:00Z,A-(401호 회로창고 1),22.957127,46.54415
2026-10-02T14:00:00Z,B-(401호 회로창고 2),22.83226,45.84667
2026-10-02T15:00:00Z,A-(401호 회로창고 1),23.125158,46.111115
2026-10-02T15:00:00Z,B-(401호 회로창고 2),22.854786,45.66575
2026-10-02T16:00:00Z,A-(401호 회로창고 1),23.239958,45.71268
2026-10-02T16:00:00Z,B-(401호 회로창고 2),22.867659,45.588787
2026-10-02T17:00:00Z,A-(401호 회로창고 1),23.087542,44.72398
2026-10-02T17:00:00Z,B-(401호 회로창고 2),22.795254,44.77099
2026-10-02T18:00:00Z,A-(401호 회로창고 1),23.001907,45.650345
2026-10-02T18:00:00Z,B-(401호 회로창고 2),22.72506,45.25279
2026-10-02T19:00:00Z,A-(401호 회로창고 1),22.9971,50.6187
2026-10-02T19:00:00Z,B-(401호 회로창고 2),22.732704,48.812645
2026-10-02T20:00:00Z,A-(401호 회로창고 1),22.910343,48.118023
2026-10-02T20:00:00Z,B-(401호 회로창고 2),22.6249,47.7294
2026-10-02T21:00:00Z,A-(401호 회로창고 1),22.948261,46.738464
2026-10-02T21:00:00Z,B-(401호 회로창고 2),22.590103,46.6568
2026-10-02T22:00:00Z,A-(401호 회로창고 1),22.907684,46.07315
2026-10-02T22:00:00Z,B-(401호 회로창고 2),22.549477,46.07334
2026-10-02T23:00:00Z,A-(401호 회로창고 1),23.305286,45.038246
2026-10-02T23:00:00Z,B-(401호 회로창고 2),22.724659,45.450626
2026-10-03T00:00:00Z,A-(401호 회로창고 1),23.080029,48.584007
2026-10-03T00:00:00Z,B-(401호 회로창고 2),22.713999,48.22187
2026-10-03T01:00:00Z,A-(401호 회로창고 1),23.150528,46.484715
2026-10-03T01:00:00Z,B-(401호 회로창고 2),22.860218,46.433212
2026-10-03T02:00:00Z,A-(401호 회로창고 1),23.218182,45.8683
2026-10-03T02:00:00Z,B-(401호 회로창고 2),22.957153,45.779278
2026-10-03T03:00:00Z,A-(401호 회로창고 1),23.083689,44.72367
2026-10-03T03:00:00Z,B-(401호 회로창고 2),23.020294,44.256767
2026-10-03T04:00:00Z,A-(401호 회로창고 1),23.005627,45.964947
2026-10-03T04:00:00Z,B-(401호 회로창고 2),23.125793,44.929966
2026-10-03T05:00:00Z,A-(401호 회로창고 1),23.173363,44.85019
2026-10-03T05:00:00Z,B-(401호 회로창고 2),23.2463,44.386845
2026-10-03T06:00:00Z,A-(401호 회로창고 1),23.18964,48.76995
2026-10-03T06:00:00Z,B-(401호 회로창고 2),23.207823,47.73016
2026-10-03T07:00:00Z,A-(401호 회로창고 1),22.98442,47.91114
2026-10-03T07:00:00Z,B-(401호 회로창고 2),23.063702,46.70133
2026-10-03T08:00:00Z,A-(401호 회로창고 1),23.184143,46.56513
2026-10-03T08:00:00Z,B-(401호 회로창고 2),23.114166,46.34962
2026-10-03T09:00:00Z,A-(401호 회로창고 1),22.989597,47.366066
2026-10-03T09:00:00Z,B-(401호 회로창고 2),22.978842,46.445053
2026-10-03T10:00:00Z,A-(401호 회로창고 1),23.17167,46.954067
2026-10-03T10:00:00Z,B-(401호 회로창고 2),22.98975,46.52008
2026-10-03T11:00:00Z,A-(401호 회로창고 1),22.902052,47.200874
2026-10-03T11:00:00Z,B-(401호 회로창고 2),22.855993,46.252174
2026-10-03T12:00:00Z,A-(401호 회로창고 1),23.013851,47.0761
2026-10-03T12:00:00Z,B-(401호 회로창고 2),22.82321,46.532337
2026-10-03T13:00:00Z,A-(401호 회로창고 1),23.145245,46.7777
2026-10-03T13:00:00Z,B-(401호 회로창고 2),22.840908,46.56013
2026-10-03T14:00:00Z,A-(401호 회로창고 1),23.236153,46.142677
2026-10-03T14:00:00Z,B-(401호 회로창고 2),22.868866,46.433876
2026-10-03T15:00:00Z,A-(401호 회로창고 1),22.931534,46.94966
2026-10-03T15:00:00Z,B-(401호 회로창고 2),22.731094,46.521957
2026-10-03T16:00:00Z,A-(401호 회로창고 1),23.066275,46.728485
2026-10-03T16:00:00Z,B-(401호 회로창고 2),22.76649,46.524883
2026-10-03T17:00:00Z,A-(401호 회로창고 1),23.171036,46.50734
2026-10-03T17:00:00Z,B-(401호 회로창고 2),22.784393,46.52563
2026-10-03T18:00:00Z,A-(401호 회로창고 1),23.262367,46.320107
2026-10-03T18:00:00Z,B-(401호 회로창고 2),22.807322,46.526787
2026-10-03T19:00:00Z,A-(401호 회로창고 1),23.015213,46.433903
2026-10-03T19:00:00Z,B-(401호 회로창고 2),22.698713,46.364803
2026-10-03T20:00:00Z,A-(401호 회로창고 1),22.923023,46.756744
2026-10-03T20:00:00Z,B-(401호 회로창고 2),22.64642,46.591633
2026-10-03T21:00:00Z,A-(401호 회로창고 1),22.983337,46.625526
2026-10-03T21:00:00Z,B-(401호 회로창고 2),22.661907,46.545433
2026-10-03T22:00:00Z,A-(401호 회로창고 1),23.069317,46.575237
2026-10-03T22:00:00Z,B-(401호 회로창고 2),22.679405,46.647945
2026-10-03T23:00:00Z,A-(401호 회로창고 1),23.145878,46.347065
2026-10-03T23:00:00Z,B-(401호 회로창고 2),22.693283,46.67467
2026-10-04T00:00:00Z,A-(401호 회로창고 1),23.22093,46.37504
2026-10-04T00:00:00Z,B-(401호 회로창고 2),22.828238,46.57912
2026-10-04T01:00:00Z,A-(401호 회로창고 1),22.91354,47.02752
2026-10-04T01:00:00Z,B-(401호 회로창고 2),22.881336,45.767506
2026-10-04T02:00:00Z,A-(401호 회로창고 1),23.041105,47.351025
2026-10-04T02:00:00Z,B-(401호 회로창고 2),23.075687,46.31972
2026-10-04T03:00:00Z,A-(401호 회로창고 1),22.882944,47.94019
2026-10-04T03:00:00Z,B-(401호 회로창고 2),23.124947,45.69255
2026-10-04T04:00:00Z,A-(401호 회로창고 1),23.112263,47.610813
2026-10-04T04:00:00Z,B-(401호 회로창고 2),23.286469,46.238926
2026-10-04T05:00:00Z,A-(401호 회로창고 1),22.959354,47.793022
2026-10-04T05:00:00Z,B-(401호 회로창고 2),23.24757,46.1081
2026-10-04T06:00:00Z,A-(401호 회로창고 1),22.851368,47.74282
2026-10-04T06:00:00Z,B-(401호 회로창고 2),23.191332,45.8708
2026-10-04T07:00:00Z,A-(401호 회로창고 1),23.154545,47.324585
2026-10-04T07:00:00Z,B-(401호 회로창고 2),23.299154,46.014317
2026-10-04T08:00:00Z,A-(401호 회로창고 1),22.996475,47.522232
2026-10-04T08:00:00Z,B-(401호 회로창고 2),23.1852,46.072605
2026-10-04T09:00:00Z,A-(401호 회로창고 1),22.88395,47.648712
2026-10-04T09:00:00Z,B-(401호 회로창고 2),23.07632,45.991943
2026-10-04T10:00:00Z,A-(401호 회로창고 1),23.111628,47.475212
2026-10-04T10:00:00Z,B-(401호 회로창고 2),23.065182,46.49393
2026-10-04T11:00:00Z,A-(401호 회로창고 1),22.874496,48.02006
2026-10-04T11:00:00Z,B-(401호 회로창고 2),22.91774,46.74119
2026-10-04T12:00:00Z,A-(401호 회로창고 1),23.162155,47.773277
2026-10-04T12:00:00Z,B-(401호 회로창고 2),23.007479,47.105957
2026-10-04T13:00:00Z,A-(401호 회로창고 1),22.926552,48.353687
2026-10-04T13:00:00Z,B-(401호 회로창고 2),22.885357,47.242725
2026-10-04T14:00:00Z,A-(401호 회로창고 1),23.181606,48.16511
2026-10-04T14:00:00Z,B-(401호 회로창고 2),22.965744,47.552746
2026-10-04T15:00:00Z,A-(401호 회로창고 1),22.909092,48.54689
2026-10-04T15:00:00Z,B-(401호 회로창고 2),22.851568,47.64857
2026-10-04T16:00:00Z,A-(401호 회로창고 1),23.1222,48.237103
2026-10-04T16:00:00Z,B-(401호 회로창고 2),22.886364,47.82703
2026-10-04T17:00:00Z,A-(401호 회로창고 1),22.889782,48.664078
2026-10-04T17:00:00Z,B-(401호 회로창고 2),22.775341,47.998802
2026-10-04T18:00:00Z,A-(401호 회로창고 1),23.07103,48.543724
2026-10-04T18:00:00Z,B-(401호 회로창고 2),22.817177,48.10607
2026-10-04T19:00:00Z,A-(401호 회로창고 1),23.086292,46.81013
2026-10-04T19:00:00Z,B-(401호 회로창고 2),22.830853,47.216988
2026-10-04T20:00:00Z,A-(401호 회로창고 1),22.988789,48.478664
2026-10-04T20:00:00Z,B-(401호 회로창고 2),22.75543,48.169518
2026-10-04T21:00:00Z,A-(401호 회로창고 1),23.170403,48.105778
2026-10-04T21:00:00Z,B-(401호 회로창고 2),22.795856,48.22871
2026-10-04T22:00:00Z,A-(401호 회로창고 1),23.067709,47.256565
2026-10-04T22:00:00Z,B-(401호 회로창고 2),22.76428,47.231
2026-10-04T23:00:00Z,A-(401호 회로창고 1),22.970703,48.396473
2026-10-04T23:00:00Z,B-(401호 회로창고 2),22.729485,48.09619
2026-10-05T00:00:00Z,A-(401호 회로창고 1),23.144821,48.044144
2026-10-05T00:00:00Z,B-(401호 회로창고 2),22.845333,47.95499
2026-10-05T00:00:00Z,C-(402호 수입검사),24.236994,45.247414
2026-10-05T00:00:00Z,D-(406호 기구창고),26.078014,43.519176
2026-10-05T00:00:00Z,E-(408호 OQC),23.982288,55.01118
2026-10-05T00:00:00Z,F-(807호 생산 Line),24.23366,42.492344
2026-10-05T00:00:00Z,G-(401호 기구창고),22.34473,56.204216
2026-10-05T01:00:00Z,A-(401호 회로창고 1),23.081497,46.555298
2026-10-05T01:00:00Z,B-(401호 회로창고 2),22.957489,46.570045
2026-10-05T01:00:00Z,C-(402호 수입검사),24.323032,45.198242
2026-10-05T01:00:00Z,D-(406호 기구창고),27.20614,41.961105
2026-10-05T01:00:00Z,E-(408호 OQC),24.276344,53.55243
2026-10-05T01:00:00Z,F-(807호 생산 Line),24.243887,42.603577
2026-10-05T01:00:00Z,G-(401호 기구창고),22.426388,56.146835
2026-10-05T02:00:00Z,A-(401호 회로창고 1),23.031002,48.1305
2026-10-05T02:00:00Z,B-(401호 회로창고 2),23.041359,47.21357
2026-10-05T02:00:00Z,C-(402호 수입검사),24.501333,44.98966
2026-10-05T02:00:00Z,D-(406호 기구창고),27.078072,41.850266
2026-10-05T02:00:00Z,E-(408호 OQC),24.401068,53.054924
2026-10-05T02:00:00Z,F-(807호 생산 Line),24.248554,42.742023
2026-10-05T02:00:00Z,G-(401호 기구창고),22.484512,55.833576
2026-10-05T03:00:00Z,A-(401호 회로창고 1),23.095505,45.931976
2026-10-05T03:00:00Z,B-(401호 회로창고 2),23.149471,45.818176
2026-10-05T03:00:00Z,C-(402호 수입검사),24.63606,44.778854
2026-10-05T03:00:00Z,D-(406호 기구창고),26.634512,42.268074
2026-10-05T03:00:00Z,E-(408호 OQC),24.29213,52.87284
2026-10-05T03:00:00Z,F-(807호 생산 Line),24.253223,43.029922
2026-10-05T03:00:00Z,G-(401호 기구창고),22.58186,55.557507
2026-10-05T04:00:00Z,A-(401호 회로창고 1),23.028553,48.01156
2026-10-05T04:00:00Z,B-(401호 회로창고 2),23.113108,46.879692
2026-10-05T04:00:00Z,C-(402호 수입검사),24.732103,44.661682
2026-10-05T04:00:00Z,D-(406호 기구창고),26.110703,42.878296
2026-10-05T04:00:00Z,E-(408호 OQC),24.182304,52.997345
2026-10-05T04:00:00Z,F-(807호 생산 Line),24.260117,43.024452
2026-10-05T04:00:00Z,G-(401호 기구창고),22.625904,55.37518
2026-10-05T05:00:00Z,A-(401호 회로창고 1),22.945152,48.00374
2026-10-05T05:00:00Z,B-(401호 회로창고 2),23.114164,45.975693
2026-10-05T05:00:00Z,C-(402호 수입검사),24.788795,44.531296
2026-10-05T05:00:00Z,D-(406호 기구창고),25.800468,43.17112
2026-10-05T05:00:00Z,E-(408호 OQC),24.113605,52.969482
2026-10-05T05:00:00Z,F-(807호 생산 Line),24.273232,42.98884
2026-10-05T05:00:00Z,G-(401호 기구창고),22.688456,55.355854
2026-10-05T06:00:00Z,A-(401호 회로창고 1),23.016647,47.815838
2026-10-05T06:00:00Z,B-(401호 회로창고 2),23.077168,46.735954
2026-10-05T06:00:00Z,C-(402호 수입검사),24.796354,44.388245
2026-10-05T06:00:00Z,D-(406호 기구창고),25.501167,43.524902
2026-10-05T06:00:00Z,E-(408호 OQC),24.018925,52.62773
2026-10-05T06:00:00Z,F-(807호 생산 Line),24.287018,42.897644
2026-10-05T06:00:00Z,G-(401호 기구창고),22.690468,55.08118
2026-10-05T07:00:00Z,A-(401호 회로창고 1),23.02927,47.17424
2026-10-05T07:00:00Z,B-(401호 회로창고 2),23.065102,46.021355
2026-10-05T07:00:00Z,C-(402호 수입검사),24.776567,44.211433
2026-10-05T07:00:00Z,D-(406호 기구창고),25.308178,43.71994
2026-10-05T07:00:00Z,E-(408호 OQC),23.97762,52.453842
2026-10-05T07:00:00Z,F-(807호 생산 Line),24.290794,42.862442
2026-10-05T07:00:00Z,G-(401호 기구창고),22.696098,55.01989
2026-10-05T08:00:00Z,A-(401호 회로창고 1),23.030037,47.663033
2026-10-05T08:00:00Z,B-(401호 회로창고 2),23.026966,46.651615
2026-10-05T08:00:00Z,C-(402호 수입검사),24.785238,44.009403
2026-10-05T08:00:00Z,D-(406호 기구창고),25.19486,43.706795
2026-10-05T08:00:00Z,E-(408호 OQC),23.953941,52.183323
2026-10-05T08:00:00Z,F-(807호 생산 Line),24.299688,42.89904
2026-10-05T08:00:00Z,G-(401호 기구창고),22.692478,54.826313
2026-10-05T09:00:00Z,A-(401호 회로창고 1),22.946415,47.5559
2026-10-05T09:00:00Z,B-(401호 회로창고 2),22.97894,45.730324
2026-10-05T10:00:00Z,A-(401호 회로창고 1),23.026516,47.446945
2026-10-05T10:00:00Z,B-(401호 회로창고 2),22.922165,46.78804
2026-10-05T11:00:00Z,A-(401호 회로창고 1),23.191544,46.996758
2026-10-05T11:00:00Z,B-(401호 회로창고 2),22.929605,46.71293
2026-10-05T12:00:00Z,A-(401호 회로창고 1),22.91005,47.220795
2026-10-05T12:00:00Z,B-(401호 회로창고 2),22.77675,46.52204
2026-10-05T13:00:00Z,A-(401호 회로창고 1),23.051527,46.846497
2026-10-05T13:00:00Z,B-(401호 회로창고 2),22.802694,46.473537
2026-10-05T14:00:00Z,A-(401호 회로창고 1),23.162579,46.52517
2026-10-05T14:00:00Z,B-(401호 회로창고 2),22.790627,46.447716
2026-10-05T15:00:00Z,A-(401호 회로창고 1),23.2389,46.18028
2026-10-05T15:00:00Z,B-(401호 회로창고 2),22.810137,46.373898
2026-10-05T16:00:00Z,A-(401호 회로창고 1),22.938639,46.46288
2026-10-05T16:00:00Z,B-(401호 회로창고 2),22.673168,46.061665
2026-10-05T17:00:00Z,A-(401호 회로창고 1),22.938421,46.520718
2026-10-05T17:00:00Z,B-(401호 회로창고 2),22.650642,46.284378
2026-10-05T18:00:00Z,A-(401호 회로창고 1),23.001774,46.296097
2026-10-05T18:00:00Z,B-(401호 회로창고 2),22.64461,46.287045
2026-10-05T21:00:00Z,A-(401호 회로창고 1),23.022076,46.103115
2026-10-05T20:00:00Z,A-(401호 회로창고 1),23.023916,46.100395
2026-10-05T19:00:00Z,A-(401호 회로창고 1),23.028254,46.19942
2026-10-05T21:00:00Z,B-(401호 회로창고 2),22.596138,46.27915
2026-10-05T20:00:00Z,B-(401호 회로창고 2),22.623291,46.281273
2026-10-05T19:00:00Z,B-(401호 회로창고 2),22.630129,46.330254
2026-10-05T22:00:00Z,A-(401호 회로창고 1),22.98851,47.501793
2026-10-05T22:00:00Z,B-(401호 회로창고 2),22.60358,47.045486
2026-10-05T23:00:00Z,A-(401호 회로창고 1),23.176533,48.68911
2026-10-05T23:00:00Z,B-(401호 회로창고 2),22.68745,49.084103
2026-10-06T00:00:00Z,A-(401호 회로창고 1),23.081936,48.17374
2026-10-06T00:00:00Z,B-(401호 회로창고 2),22.969004,47.581497
2026-10-06T00:00:00Z,C-(402호 수입검사),23.178436,43.406094
2026-10-06T00:00:00Z,D-(406호 기구창고),23.922436,39.791008
2026-10-06T00:00:00Z,E-(408호 OQC),22.61082,50.661987
2026-10-06T00:00:00Z,F-(807호 생산 Line),22.616854,43.436897
2026-10-06T00:00:00Z,G-(401호 기구창고),22.51448,53.20611
2026-10-06T01:00:00Z,A-(401호 회로창고 1),23.079306,47.14107
2026-10-06T01:00:00Z,B-(401호 회로창고 2),23.19408,46.534073
2026-10-06T01:00:00Z,C-(402호 수입검사),22.961796,42.74722
2026-10-06T01:00:00Z,D-(406호 기구창고),23.711628,39.5485
2026-10-06T01:00:00Z,E-(408호 OQC),22.237732,53.77797
2026-10-06T01:00:00Z,F-(807호 생산 Line),22.928253,44.43923
2026-10-06T01:00:00Z,G-(401호 기구창고),22.672565,53.221462
2026-10-06T02:00:00Z,A-(401호 회로창고 1),22.854786,48.22851
2026-10-06T02:00:00Z,B-(401호 회로창고 2),23.25835,46.35758
2026-10-06T02:00:00Z,C-(402호 수입검사),22.855993,41.858562
2026-10-06T02:00:00Z,D-(406호 기구창고),23.695984,39.400368
2026-10-06T02:00:00Z,E-(408호 OQC),22.186646,52.847664
2026-10-06T02:00:00Z,F-(807호 생산 Line),22.822205,44.484455
2026-10-06T02:00:00Z,G-(401호 기구창고),22.786001,53.636375
2026-10-06T03:00:00Z,A-(401호 회로창고 1),23.032616,47.778156
2026-10-06T03:00:00Z,B-(401호 회로창고 2),23.457504,46.10312
2026-10-06T03:00:00Z,C-(402호 수입검사),22.789019,40.212116
2026-10-06T03:00:00Z,D-(406호 기구창고),23.491333,39.256767
2026-10-06T03:00:00Z,E-(408호 OQC),22.06235,53.63528
2026-10-06T03:00:00Z,F-(807호 생산 Line),21.593117,44.330517
2026-10-06T03:00:00Z,G-(401호 기구창고),22.951624,52.75539
2026-10-06T04:00:00Z,A-(401호 회로창고 1),22.876509,47.548077
2026-10-06T04:00:00Z,B-(401호 회로창고 2),23.358986,45.461124
2026-10-06T04:00:00Z,C-(402호 수입검사),23.007025,38.523987
2026-10-06T04:00:00Z,D-(406호 기구창고),23.221142,37.910275
2026-10-06T04:00:00Z,E-(408호 OQC),22.03706,51.826096
2026-10-06T04:00:00Z,F-(807호 생산 Line),22.177393,44.54122
2026-10-06T04:00:00Z,G-(401호 기구창고),23.090275,52.331444
2026-10-06T05:00:00Z,A-(401호 회로창고 1),22.979635,47.247818
2026-10-06T05:00:00Z,B-(401호 회로창고 2),23.524525,44.988754
2026-10-06T05:00:00Z,C-(402호 수입검사),22.883749,37.594982
2026-10-06T05:00:00Z,D-(406호 기구창고),22.931004,35.531265
2026-10-06T05:00:00Z,E-(408호 OQC),22.020786,51.67223
2026-10-06T05:00:00Z,F-(807호 생산 Line),22.918564,42.62896
2026-10-06T05:00:00Z,G-(401호 기구창고),23.19577,51.80968
2026-10-06T06:00:00Z,A-(401호 회로창고 1),22.948313,46.270416
2026-10-06T06:00:00Z,B-(401호 회로창고 2),23.518394,44.15757
2026-10-06T06:00:00Z,C-(402호 수입검사),22.75,36.59652
2026-10-06T06:00:00Z,D-(406호 기구창고),22.788214,35.775963
2026-10-06T06:00:00Z,E-(408호 OQC),21.943977,52.131042
2026-10-06T06:00:00Z,F-(807호 생산 Line),23.342707,41.55831
2026-10-06T06:00:00Z,G-(401호 기구창고),23.287527,49.64756
2026-10-06T07:00:00Z,A-(401호 회로창고 1),22.910906,47.591606
2026-10-06T07:00:00Z,B-(401호 회로창고 2),23.409515,45.36502
2026-10-06T07:00:00Z,C-(402호 수입검사),22.685036,36.69397
2026-10-06T07:00:00Z,D-(406호 기구창고),22.775743,35.75485
2026-10-06T07:00:00Z,E-(408호 OQC),21.914722,53.03078
2026-10-06T07:00:00Z,F-(807호 생산 Line),22.997696,41.717293
2026-10-06T07:00:00Z,G-(401호 기구창고),23.48795,50.04666
2026-10-06T08:00:00Z,A-(401호 회로창고 1),23.122622,46.345947
2026-10-06T08:00:00Z,B-(401호 회로창고 2),23.516914,44.738388
2026-10-06T08:00:00Z,C-(402호 수입검사),22.650845,36.942
2026-10-06T08:00:00Z,E-(408호 OQC),21.838242,53.796555
2026-10-06T08:00:00Z,F-(807호 생산 Line),22.750805,42.489914
2026-10-06T08:00:00Z,G-(401호 기구창고),23.521353,50.177864
2026-10-06T09:00:00Z,A-(401호 회로창고 1),23.161312,46.09653
2026-10-06T09:00:00Z,B-(401호 회로창고 2),23.308668,44.94812
2026-10-06T10:00:00Z,A-(401호 회로창고 1),22.951164,46.250275
2026-10-06T10:00:00Z,B-(401호 회로창고 2),23.01543,45.10076
2026-10-06T11:00:00Z,A-(401호 회로창고 1),22.82663,51.314438
2026-10-06T11:00:00Z,B-(401호 회로창고 2),22.90346,48.82937
2026-10-06T12:00:00Z,A-(401호 회로창고 1),23.069786,48.406124
2026-10-06T12:00:00Z,B-(401호 회로창고 2),22.946762,47.63116
2026-10-06T13:00:00Z,A-(401호 회로창고 1),22.875904,47.977688
2026-10-06T13:00:00Z,B-(401호 회로창고 2),22.807522,47.234
2026-10-06T14:00:00Z,A-(401호 회로창고 1),23.056622,47.413048
2026-10-06T14:00:00Z,B-(401호 회로창고 2),22.845333,46.963703
2026-10-06T15:00:00Z,A-(401호 회로창고 1),23.205074,46.957077
2026-10-06T15:00:00Z,B-(401호 회로창고 2),22.857601,46.812572
2026-10-06T16:00:00Z,A-(401호 회로창고 1),22.916817,47.18419
2026-10-06T16:00:00Z,B-(401호 회로창고 2),22.725864,46.773567
2026-10-06T17:00:00Z,A-(401호 회로창고 1),23.047102,46.84552
2026-10-06T17:00:00Z,B-(401호 회로창고 2),22.74638,46.65276
2026-10-06T18:00:00Z,A-(401호 회로창고 1),23.143341,46.581192
2026-10-06T18:00:00Z,B-(401호 회로창고 2),22.784594,46.52958
2026-10-06T19:00:00Z,A-(401호 회로창고 1),23.194504,45.944077
2026-10-06T19:00:00Z,B-(401호 회로창고 2),22.787209,46.273712
2026-10-06T20:00:00Z,A-(401호 회로창고 1),22.91794,46.73429
2026-10-06T20:00:00Z,B-(401호 회로창고 2),22.621681,46.542557
2026-10-06T21:00:00Z,A-(401호 회로창고 1),23.01582,46.490074
2026-10-06T21:00:00Z,B-(401호 회로창고 2),22.659695,46.443066
2026-10-06T22:00:00Z,A-(401호 회로창고 1),23.104652,46.264503
2026-10-06T22:00:00Z,B-(401호 회로창고 2),22.661102,46.44035
2026-10-06T23:00:00Z,A-(401호 회로창고 1),23.144186,46.133247
2026-10-06T23:00:00Z,B-(401호 회로창고 2),22.68946,46.367714
2026-10-07T00:00:00Z,A-(401호 회로창고 1),23.202961,45.92417
2026-10-07T00:00:00Z,B-(401호 회로창고 2),22.84513,46.18139
2026-10-07T00:00:00Z,C-(402호 수입검사),22.956635,42.42772
2026-10-07T00:00:00Z,E-(408호 OQC),22.236122,54.41612
2026-10-07T00:00:00Z,F-(807호 생산 Line),21.447992,44.237442
2026-10-07T00:00:00Z,G-(401호 기구창고),22.782784,52.183678
2026-10-07T01:00:00Z,A-(401호 회로창고 1),22.904465,51.04518
2026-10-07T01:00:00Z,B-(401호 회로창고 2),23.051296,49.009354
2026-10-07T01:00:00Z,C-(402호 수입검사),22.762873,43.73377
2026-10-07T01:00:00Z,E-(408호 OQC),21.96994,56.17856
2026-10-07T01:00:00Z,F-(807호 생산 Line),21.47782,44.97277
2026-10-07T01:00:00Z,G-(401호 기구창고),22.900644,51.873764
2026-10-07T02:00:00Z,A-(401호 회로창고 1),22.98722,48.945377
2026-10-07T02:00:00Z,B-(401호 회로창고 2),23.334461,47.160286
2026-10-07T02:00:00Z,C-(402호 수입검사),22.682823,44.547062
2026-10-07T02:00:00Z,E-(408호 OQC),21.9,57.05327
2026-10-07T02:00:00Z,F-(807호 생산 Line),21.499619,45.373985
2026-10-07T02:00:00Z,G-(401호 기구창고),22.48391,50.622128
2026-10-07T03:00:00Z,A-(401호 회로창고 1),22.863838,48.580097
2026-10-07T03:00:00Z,B-(401호 회로창고 2),23.354122,46.041824
2026-10-07T03:00:00Z,C-(402호 수입검사),22.552292,43.973827
2026-10-07T03:00:00Z,E-(408호 OQC),21.900192,57.071472
2026-10-07T03:00:00Z,F-(807호 생산 Line),21.378777,45.840244
2026-10-07T03:00:00Z,G-(401호 기구창고),21.858318,53.218647
2026-10-07T04:00:00Z,A-(401호 회로창고 1),22.95595,47.674694
2026-10-07T04:00:00Z,B-(401호 회로창고 2),23.45222,45.772205
2026-10-07T04:00:00Z,C-(402호 수입검사),22.405472,41.518707
2026-10-07T04:00:00Z,E-(408호 OQC),21.86979,56.28444
2026-10-07T04:00:00Z,F-(807호 생산 Line),21.278969,44.96278
2026-10-07T04:00:00Z,G-(401호 기구창고),21.649523,53.314724
2026-10-07T05:00:00Z,A-(401호 회로창고 1),23.027466,47.077248
2026-10-07T05:00:00Z,B-(401호 회로창고 2),23.57188,44.97208
2026-10-07T05:00:00Z,C-(402호 수입검사),22.42337,40.103024
2026-10-07T05:00:00Z,E-(408호 OQC),21.808031,55.640347
2026-10-07T05:00:00Z,F-(807호 생산 Line),21.29866,45.31883
2026-10-07T05:00:00Z,G-(401호 기구창고),21.517208,52.232872
2026-10-07T06:00:00Z,A-(401호 회로창고 1),22.953543,45.978153
2026-10-07T06:00:00Z,B-(401호 회로창고 2),23.460041,43.974503
2026-10-07T06:00:00Z,C-(402호 수입검사),22.43423,45.011337
2026-10-07T06:00:00Z,E-(408호 OQC),21.69522,54.818657
2026-10-07T06:00:00Z,F-(807호 생산 Line),21.44283,45.622574
2026-10-07T06:00:00Z,G-(401호 기구창고),21.419502,53.980347
2026-10-07T07:00:00Z,A-(401호 회로창고 1),23.070364,44.70406
2026-10-07T07:00:00Z,B-(401호 회로창고 2),23.521564,43.16833
2026-10-07T07:00:00Z,C-(402호 수입검사),22.416935,42.081
2026-10-07T07:00:00Z,E-(408호 OQC),21.430592,55.609657
2026-10-07T07:00:00Z,F-(807호 생산 Line),21.404589,45.77462
2026-10-07T07:00:00Z,G-(401호 기구창고),21.561377,50.0114
2026-10-07T08:00:00Z,A-(401호 회로창고 1),23.011993,50.263252
2026-10-07T08:00:00Z,B-(401호 회로창고 2),23.472305,47.047207
2026-10-07T08:00:00Z,C-(402호 수입검사),22.43584,40.620106
2026-10-07T08:00:00Z,E-(408호 OQC),21.710325,55.70107
2026-10-07T08:00:00Z,F-(807호 생산 Line),21.308987,45.50183
2026-10-07T08:00:00Z,G-(401호 기구창고),21.52868,51.057037
2026-10-07T09:00:00Z,A-(401호 회로창고 1),22.983887,47.464745
2026-10-07T09:00:00Z,B-(401호 회로창고 2),23.201057,45.825165
2026-10-07T10:00:00Z,A-(401호 회로창고 1),23.310146,46.110188
2026-10-07T10:00:00Z,B-(401호 회로창고 2),23.186893,45.62393
2026-10-07T11:00:00Z,A-(401호 회로창고 1),23.147358,46.093033
2026-10-07T11:00:00Z,B-(401호 회로창고 2),23.001764,45.531425
2026-10-07T12:00:00Z,A-(401호 회로창고 1),23.262367,45.656067
2026-10-07T12:00:00Z,B-(401호 회로창고 2),22.97873,45.499718
2026-10-07T13:00:00Z,A-(401호 회로창고 1),23.303171,45.370396
2026-10-07T13:00:00Z,B-(401호 회로창고 2),22.971119,45.40471
2026-10-07T14:00:00Z,A-(401호 회로창고 1),23.035866,45.946575
2026-10-07T14:00:00Z,B-(401호 회로창고 2),22.818985,45.41328
2026-10-07T15:00:00Z,A-(401호 회로창고 1),23.283932,46.692196
2026-10-07T15:00:00Z,B-(401호 회로창고 2),22.905067,46.94557
2026-10-07T17:00:00Z,A-(401호 회로창고 1),23.334461,46.406464
2026-10-07T16:00:00Z,A-(401호 회로창고 1),23.156025,47.071335
2026-10-07T17:00:00Z,B-(401호 회로창고 2),22.845333,46.588062
2026-10-07T16:00:00Z,B-(401호 회로창고 2),22.791431,46.934692
2026-10-07T18:00:00Z,A-(401호 회로창고 1),23.022396,46.35621
2026-10-07T18:00:00Z,B-(401호 회로창고 2),22.661907,46.465996
2026-10-07T19:00:00Z,A-(401호 회로창고 1),22.993032,46.177338
2026-10-07T19:00:00Z,B-(401호 회로창고 2),22.641994,46.336945
2026-10-07T20:00:00Z,A-(401호 회로창고 1),23.043728,45.733017
2026-10-07T20:00:00Z,B-(401호 회로창고 2),22.621681,45.829815
2026-10-07T21:00:00Z,A-(401호 회로창고 1),23.040531,45.676033
2026-10-07T21:00:00Z,B-(401호 회로창고 2),22.583467,45.87562
2026-10-07T22:00:00Z,A-(401호 회로창고 1),23.274418,47.862156
2026-10-07T22:00:00Z,B-(401호 회로창고 2),22.687248,48.40072
2026-10-07T23:00:00Z,A-(401호 회로창고 1),23.295137,46.206215
2026-10-07T23:00:00Z,B-(401호 회로창고 2),22.717619,47.180786
2026-10-08T00:00:00Z,A-(401호 회로창고 1),22.879526,47.41562
2026-10-08T00:00:00Z,B-(401호 회로창고 2),22.84674,46.428516
2026-10-08T00:00:00Z,C-(402호 수입검사),23.542706,40.332653
2026-10-08T00:00:00Z,E-(408호 OQC),22.073814,53.35546
2026-10-08T00:00:00Z,F-(807호 생산 Line),21.825813,43.41875
2026-10-08T00:00:00Z,G-(401호 기구창고),22.4996,51.608322
2026-10-08T01:00:00Z,A-(401호 회로창고 1),22.980267,47.543343
2026-10-08T01:00:00Z,B-(401호 회로창고 2),23.147991,46.207832
2026-10-08T01:00:00Z,C-(402호 수입검사),23.67886,40.48764
2026-10-08T01:00:00Z,E-(408호 OQC),22.236122,54.156475
2026-10-08T01:00:00Z,F-(807호 생산 Line),21.486042,45.12677
2026-10-08T01:00:00Z,G-(401호 기구창고),22.665125,51.34025
2026-10-08T02:00:00Z,A-(401호 회로창고 1),22.81235,47.54499
2026-10-08T02:00:00Z,B-(401호 회로창고 2),23.231289,45.879612
2026-10-08T02:00:00Z,C-(402호 수입검사),23.92685,40.706608
2026-10-08T02:00:00Z,E-(408호 OQC),21.988432,55.28506
2026-10-08T02:00:00Z,F-(807호 생산 Line),21.403059,45.52823
2026-10-08T02:00:00Z,G-(401호 기구창고),22.849358,51.398594
2026-10-08T03:00:00Z,A-(401호 회로창고 1),22.708569,49.422634
2026-10-08T03:00:00Z,B-(401호 회로창고 2),23.394714,46.578392
2026-10-08T03:00:00Z,C-(402호 수입검사),24.171188,40.927406
2026-10-08T03:00:00Z,E-(408호 OQC),21.730976,56.715622
2026-10-08T03:00:00Z,F-(807호 생산 Line),21.84608,45.705482
2026-10-08T03:00:00Z,G-(401호 기구창고),23.01371,51.662666
2026-10-08T04:00:00Z,A-(401호 회로창고 1),22.389381,49.86696
2026-10-08T04:00:00Z,B-(401호 회로창고 2),23.431713,46.152473
2026-10-08T04:00:00Z,C-(402호 수입검사),24.36105,40.862244
2026-10-08T04:00:00Z,E-(408호 OQC),21.82218,55.006683
2026-10-08T04:00:00Z,F-(807호 생산 Line),21.915867,44.952652
2026-10-08T04:00:00Z,G-(401호 기구창고),23.0891,51.518826
2026-10-08T05:00:00Z,A-(401호 회로창고 1),22.046383,50.148575
2026-10-08T05:00:00Z,B-(401호 회로창고 2),23.351376,45.68791
2026-10-08T05:00:00Z,C-(402호 수입검사),24.54602,40.69951
2026-10-08T05:00:00Z,E-(408호 OQC),21.714912,51.82686
2026-10-08T05:00:00Z,F-(807호 생산 Line),22.041405,45.724228
2026-10-08T05:00:00Z,G-(401호 기구창고),22.603783,51.20988
2026-10-08T06:00:00Z,A-(401호 회로창고 1),22.029118,49.950657
2026-10-08T06:00:00Z,B-(401호 회로창고 2),23.332558,45.513466
2026-10-08T06:00:00Z,C-(402호 수입검사),24.691418,40.55459
2026-10-08T06:00:00Z,E-(408호 OQC),21.68241,52.79772
2026-10-08T06:00:00Z,F-(807호 생산 Line),22.31939,46.02595
2026-10-08T06:00:00Z,G-(401호 기구창고),22.267096,54.687233
2026-10-08T07:00:00Z,A-(401호 회로창고 1),22.871078,47.60849
2026-10-08T07:00:00Z,B-(401호 회로창고 2),23.563637,44.993473
2026-10-08T07:00:00Z,C-(402호 수입검사),24.749,40.51838
2026-10-08T07:00:00Z,E-(408호 OQC),21.907648,51.780922
2026-10-08T07:00:00Z,F-(807호 생산 Line),22.383144,45.924698
2026-10-08T07:00:00Z,G-(401호 기구창고),22.639782,53.478638
2026-10-08T08:00:00Z,A-(401호 회로창고 1),23.057587,46.39866
2026-10-08T08:00:00Z,B-(401호 회로창고 2),23.474842,44.661377
2026-10-08T08:00:00Z,C-(402호 수입검사),24.75589,40.455307
2026-10-08T08:00:00Z,E-(408호 OQC),21.815487,49.984627
2026-10-08T08:00:00Z,F-(807호 생산 Line),22.412712,45.49279
2026-10-08T08:00:00Z,G-(401호 기구창고),22.5537,52.23457
2026-10-08T09:00:00Z,A-(401호 회로창고 1),23.199366,46.510883
2026-10-08T09:00:00Z,B-(401호 회로창고 2),23.33002,45.411003
2026-10-08T10:00:00Z,A-(401호 회로창고 1),23.073437,46.770477
2026-10-08T10:00:00Z,B-(401호 회로창고 2),23.07099,45.739956
2026-10-08T11:00:00Z,A-(401호 회로창고 1),23.216068,45.710804
2026-10-08T11:00:00Z,B-(401호 회로창고 2),23.094082,45.30704
2026-10-08T12:00:00Z,A-(401호 회로창고 1),23.037888,46.785114
2026-10-08T12:00:00Z,B-(401호 회로창고 2),22.925583,45.983093
2026-10-08T13:00:00Z,A-(401호 회로창고 1),23.213531,46.58777
2026-10-08T13:00:00Z,B-(401호 회로창고 2),23.005375,46.13667
